All,Све
None,Ништа
"Allowed Scopes","Дозвољена стања"
"You need more permissions to delete this item(s): %1.","Потребно вам је више дозвола да обришете овај артикал(артикле): %1."
"You need more permissions to apply some of the rule updates.","Потребне су Вам дозволе вишег нивоа да примените неку од правила допуне."
"Please assign this entity to a store view.","Молим доделите овај ентитет приказу продавнице."
"You can create orders only in an active store.","Поруџбине можете правити само у активној продавници."
"Please assign this item to a store view.","Молим доделите овај артикал приказу продавнице."
"You need more permissions to save this item.","Потребне су Вам веће привилегије да снимите овај артикал."
"You need more permissions to delete this item.","Потребне су Вам веће привилегије да обришете овај артикал."
"You need more permissions to view this item.","Потребне су Вам веће привилегије да прикажете овај артикал."
"Please specify at least one website or one store group.","Молимо да наведете барем један wебсајт или групу продавница."
"You need more permissions to set All Scopes to a Role.","Потребне су Вам веће првилегије да поставите Све Области у ову Улогу."
"Incorrect website ID: %1","Неисправан wебсајт ИД: %1"
"You need more permissions to access website ""%1"".","Потребне су Вам више дозволе да приступите wебсајту ""%1""."
"Incorrect store ID: %1","Неисправан ИД продавнице: %1"
"You need more permissions to save this setting.","Потребне су Вам веће привилегије да снимите ово подешавање."
"Role Scopes","Све Области"
Custom,Изборно
"You don't have permissions to save this item in scope of current store view. Please, switch to allowed store view","Немате дозволу да сачувате овај артикал на тренутном нивоу приказа продавнице. Молимо вас, пребаците се на дозвољени приказ продавнице"
"More permissions are needed to delete the ""%1"" item.","Потребно је више дозвола да бисте обрисали ставку ""%1”."
"This entity needs to be assigned to a store view. Verify the entity assignment and try again.","Овај ентитет мора бити додељен приказу продавнице. Проверите коме је додељен ентитет и покушајте поново."
"Orders can only be completed in an active store. Verify the store and try again.","Поруџбине могу бити извршене само у активној продавници. Проверите продавницу и покушајте поново."
"This item needs to be assigned to a store view. Assign item and try again.","Овај артикал мора бити додељен приказу продавнице. Доделите артикал и покушајте поново."
"More permissions are needed to save this item.","Треба вам више дозвола да бисте сачували овај артикал."
"More permissions are needed to delete this item.","Потребно је више дозвола да бисте обрисали ову ставку."
"More permissions are needed to view this item.","Потребно је више дозвола да бисте видели ову ставку."
"At least one website or store group needs to be selected. Select and try again.","Барем један вебсајт или група продавница мора бити изабрана. Изаберите и покушајте поново."
"More permissions are needed to set All Scopes to a Role.","Потребно је више дозвола да бисте поставили све опсеге на Улогу."
"The ""%1"" website ID is incorrect. Verify the website ID and try again.","""%1"" ИД вебсајта је неисправан. Проверите ИД вебсајта и покушајте поново."
"The ""%1"" store ID is incorrect. Verify the store ID and try again.","""%1"" ИД продавнице је неисправан. Проверите ИД продавнице и покушајте поново."
"More permissions are needed to save this setting.","Потребно је више дозвола да бисте сачували ово подешавање."
"Read Details","Прочитајте детаље"
"Mark as Read","Означи као прочитано"
"Are you sure?","Да ли сте сигурни?"
Remove,Уклони
"Messages Inbox",Сандуче
"You have %1 new system messages","Имате %1 нових системских порука"
"You have %1 new system message","Имате %1 нову системскиу поруку"
"Incoming Message","Долазећа порука"
close,затвори
Notifications,Обавештења
"The message has been marked as Read.","Порука је означена као прочитана."
"We couldn't mark the notification as Read because of an error.","Нисмо могли означити обавештење као прочитано због грешке."
"Please select messages.","Молимо одаберите поруке."
"A total of %1 record(s) have been marked as Read.","Укупно %1 запис(а) је означено као прочитано."
"Total of %1 record(s) have been removed.","Укупно %1 запис(а) је означено као уклоњено."
"We couldn't remove the messages because of an error.","Нисмо могли уклонити поруке због грешке."
"The message has been removed.","Порука је уклоњена."
"1 Hour","1 сат"
"2 Hours","2 сата"
"6 Hours","6 сати"
"12 Hours","12 сати"
"24 Hours","24 сата"
critical,критично
major,главни
minor,мањи
notice,напомена
"Wrong message type","Погрешна порука"
"Wrong notification ID specified.","Погрешно наведена ИД ознака."
"{{base_url}} is not recommended to use in a production environment to declare the Base Unsecure URL / Base Secure URL. We highly recommend changing this value in your Magento <a href=""%1"">configuration</a>.","{{басе_урл}} се не препоручује за коришћење у производном окружењу за опис основног Несигурног УРЛ/ Сигурносног УРЛ. Због тога се препоручује промена ове вредности у ваш Магенто <а хреф=""%1"">конфигурацију</а>."
"One or more of the Cache Types are invalidated: %1. ","Један или више типова кеша су поништени: %1."
"Please go to <a href=""%1"">Cache Management</a> and refresh cache types.","Идите на <а хреф=""%1"">за управљање кешом</а> и освежите типове кеша."
"We were unable to synchronize one or more media files. Please refer to the log file for details.","Није било могуће синхронизовати једну или више медијских датотека. Погледајте дневник евиденције за детаље."
"Synchronization of media storages has been completed.","Синхронизација складишта медија је довршено."
"Your web server is set up incorrectly and allows unauthorized access to sensitive files. Please contact your hosting provider.","Ваш wеб сервер је неисправно подешен и омогућава неовлашћени приступ осетљивим датотекама. Молимо вас да контактирате вашег провајдера."
"System Messages:","Системске поруке:"
"Critical System Messages","Критичне системске проуке"
"Major System Messages","Важне системске поруке"
"System messages","Системске поруке"
Close,Затвори
"See All (","Погледај Све ("
" unread)",непрочитане)
"Show Toolbar","Прикажи траку са алаткама"
"Show List","Прикажи листу"
"Use HTTPS to Get Feed","Користите ХТТПС се Гет Феед"
"Update Frequency","Ажурирај учесталост"
"Last Update","Последња промена"
Severity,Озбиљност
"Date Added","Датум Додавања"
Message,Порука
Actions,Радње
"Close popup","Угасите попуп"
"You have viewed and resolved all recent system notices. Please refresh the web page to clear the notice alert.","Прегледали сте и решили све недавне системске нотификације. Освежите wеб страницу да бисте очистили обавештење."
"Manage Shopping Cart","Ажурирање корпе са артиклима"
"Create Order","Креирање наруџбине"
Back,Назад
"Add Products","Додај производе"
"Update Items and Quantities","Ажурирање ставки и количине"
"Are you sure you want to clear your cart?","Да ли сте сигурни да желите да испразните корпу?"
"Clear my shopping cart","Испразни корпу"
"Add selections to my cart","Додај изабрано у корпу"
Cancel,Одустани
"Shopping Cart for %1 in %2","Колица за куповину %1 у %2"
"Select products you want to buy","Изаберите производе које желите купити"
Product,Производ
Price,Цена
Quantity,Количина
"Products in the Comparison List (%1)","Производи на листи за поређење (%1)"
"Last ordered items (%1)","Последњи поручени артикли (%1)"
Products,Производи
ID,ИД
SKU,Шифра
"Recently Compared Products (%1)","Недавно упоређени производи (%1)"
"Recently Viewed Products (%1)","Недавно прегледани производи (%1)"
"Add to Shopping Cart by SKU","Додај у корпу за куповину према шифри"
"Add to Shopping Cart","Додај у корпу"
"Wish List (%1)","Листа жеља (%1)"
Apply,Примени
Configure,Подеси
"Add to Order by SKU","Додај у наруџбу по шифри"
"Add to Order","Додај у наруџбу"
"Add Products to Order","Додавање производа у наруџбу"
"<span><span id=""sku-attention-num"">%1</span> product(s) require attention.</span>","<спан><спан ид=""ску-аттентион-нум"">%1</спан> производ(и) захтевају вашу пазњу.</спан>"
"Remove All","Уклони све"
"Only %1%2%3 left in stock","Само %1%2%3 је остало на лагеру"
"You can buy up to %1 of these per purchase.","Можете купити до %1 од ових по наруџби."
"You must buy at least %1 of these per purchase.","Можете купити најмање %1 од ових по наруџби."
"Specify the product's options.","Наведите опције производа."
"Alert me when this item is available.","Упозори ме када ова ставка постане доступна."
"We can't find this customer.","Не можемо пронаћи овог корисника."
"Shopping cart management is disabled for this customer.","Управљање колицима за куповину је онемогућена за овог купца."
"We can't find this store.","Не можемо пронаћи ову продавницу."
Customers,Купци
"Shopping Cart",Корпа
"Sorry, something went wrong. You can find out more in the error log.","Извини, нешто кренуло наопако. Више о грешци можете пронаћи у евиденцији грешака."
"You do not have access to this.","Немате приступ."
"Ordered item id is not received.","Ид порученог артикла није примљен."
"Ordered item is not loaded.","Ид порученог артикла није учитан."
"Quote item id is not received.","Количина за Ид артикла није примљена."
"Quote item is not loaded.","Количина за Ид артикла није учитана."
"The wish list item id is not received.","Ид артикла из листе жеља није примљен."
"The wish list item is not loaded.","Ид артикла из листе жеља није учитан."
"An error has occurred. See error log for details.","Дошло је до грешке. Погледајте евиденцију грешака за више детаља."
"You cannot configure a product.","Није могуће конфигурисати производ."
"You removed the items.","Ви сте уклонили ставке."
"You removed the item.","Ви сте уклонили ставку."
"You added %1 to your shopping cart.","Успешно сте додали %1 у вашу корпу."
"You cannot add a product.","Није могуће додати производ."
"Order by SKU","Наруџба по шифри"
"The SKU was not found in the catalog.","Шифра није пронађена у каталогу."
"Availability: Out of stock.","Доступност: тренутно нема на стању."
"We don't have as many of these as you want.","Немамо толико овога колико захтевате."
"You can't add this many to your cart.","Не можете додати оволико пуно у вашу корпу."
"You need to choose options for your item.","Потребно је да одаберете опције за ваш ставку."
"We can't add the item to your cart.","Не можемо додати артикал у корпу."
"Please enter an actual number in the ""Qty"" field.","Унесите један број у пољу „Кол”."
"This product is assigned to another website.","Овај производ је додељен другој Wеб локацији."
"You can add only enabled products.","Можете додати само расположиве производе."
"You cannot upload this file.","Не можете да пошаљете ову датотеку."
"The file is empty.","Датотека је празна."
"You have not entered a product SKU. Please <a href=""%1"">click here</a> to add product(s) by SKU.","Нисте унели шифру производа. Молим <а хреф=""%1"">кликните овде</а> да бисте додали производ(е) шифри."
"You have not entered a product SKU.","Нисте унели шифру производа."
"We can't add a product to cart by id ""%1"".","Не можемо да додамо производ у корпу по Ид „%1”."
"Something went wrong while reordering this product.","Дошло је до грешке код пресортирања овог производа."
"We can't find this wish list.","Не можемо да ажурирамо листу жеља."
"You added %1 product to your shopping cart.","Додали сте %1 производ у вашу корпу за куповину."
"You added %1 products to your shopping cart.","Додали сте %1 производе у вашу корпу за куповину."
"%1 product requires your attention.","%1 производ захтева вашу пазњу."
"%1 products require your attention.","%1 производи захтевају вашу пазњу."
"Yes, for Specified Customer Groups","Да, за наведену групу купаца"
"Yes, for Everyone","Да, за све"
No,Не
"The file is corrupt.","Датотека је оштећена."
"Please upload the file in .csv format.","Молимо вас да пошаљете датотеку у .цсв формату."
"%1 item(s) need your attention.","%1 ставка(е) траже да обратите пажњу."
"Apply Coupon Code","Примени код купона"
"Remove Coupon Code","Уклоните код купона"
"The coupon code ""%1"" is not valid.","Купон код „%1” није важећи."
"Shopping Cart Items","Артикли у колицима за куповину"
Qty,Кол
Subtotal,Међузбир
Discount,Попуст
"Row Subtotal","Ред међузбира"
Action,Акција
"No ordered items","Нема порућених артикала"
"Total %1 product(s)","Укупно %1 производ(а)"
Subtotal:,Међузбир:
"Please select",Изаберите
"Move to Wish List","Пребаци у листу жеља"
"No item specified.","Нема означених ставки."
"Are you sure you want to remove this item?","Јесте ли сигурни да желите да уклоните овај артикал?"
"SKU number",Шифра
"Upload File","Пошаљи датотеку"
"Your csv file must include ""sku"" and ""qty"" columns.","Ваша цсв датотека мора да садржи колоне ""ску"" и ""qтy""."
Reset,Ресетовати
"SKU: ",СКУ:
"Only <span id=""%1_max_allowed"">%2</span> in stock","Само <спан ид=""%1_маx_аллоwед"">,%2</спан> на лагеру"
Item,Артикал
"See price before order confirmation.","Провери цену пре потврде наруђбине."
"What's this?","Што је ово?"
"Incl. Tax","Износ са ПДВ"
"Excl. Tax","Без пореза"
"Edit item parameters","Уређивање параметара артикала"
Edit,Измени
"Remove item","Уклони ставку"
"Products Requiring Attention","Производи који захтевају пазњу"
"Add to Cart","Додај у корпу"
Sku,Шифра
File,Датотека
"File extensions allowed: .csv","Дозвољена екстензија датотеке је: .цсв"
"Add Row","Додај ред"
"Remove Row","Уклани ред"
"Add Products By SKU","Додај производе по шифри"
"Shopping Cart Management","Куповина колица за управљање"
"View Shopping Cart","Отвори Корпу"
"View and modify Shopping Cart","Отвори и измени корпу"
"Order by SKU Settings","Подешавање наруџбе по шифри"
"Enable Order by SKU on My Account in Storefront","Омогући поруџбину по шифри за мој налог у излогу"
"Customer Groups","Групе купаца"
"Apply Coupon","Примени Купон"
"Order by SKU Description","Поруџбина по опису шифре"
"Display a Link to Loading a Spreadsheet","Приказивање везе за учитавање xлс табеле"
"Defines whether a link to My Account &gt; Order by SKU page will be displayed on the widget","Дефинише да ли ће веза за Мој налог &гт; Поруџбина по шифри ће бити приказани на на виџету"
"Link Text","Линк текст"
"The text of the link to the My Account &gt; Order by SKU page","Линк за мој налог &гт; Поруџбина по шифри"
"Load a list of SKUs","Учитавање листе шифри"
"Order by SKU Template","Шаблон поруџбина по шифри"
"SKU not found in catalog.","СКУ није пронађен у каталогу."
"This file needs to be in .csv format.","Фајл мора бити у .цсв формату."
"This customer couldn't be found. Verify the customer and try again.","Овај корисник није пронађен. Верификујте корисника и пробајте поново."
"This store couldn't be found. Verify the store and try again.","Ова продавница није пронађена. Провери продавницу и покушај поново."
"An error occurred. For details, see the error log.","Дошло је до грешке. За детаље, проверите извештај грешака."
"The ordered item needs to be loaded. Load the item and try again.","Поручен артикал мора бити учитан. Учитај артикал и покушај поново."
"The quote item ID needs to be received. Set the ID and try again.","Наведени ИД артикла мора бити примљен. Постави ИД и покушај поново."
"The quote item needs to be loaded. Load the item and try again.","Наведени артикал мора бити учитан. Учитај артикал и покушај поново."
"The wish list item ID needs to be received. Set the ID and try again.","Артикал ИД са листе жеља мора бити учитан. Постави артикал ИД и покушај поново."
"The wish list item needs to be loaded. Load the item and try again.","Артикал са листе жеља мора бити учитан. Учитај артикал и покушај поново."
"The file is corrupt and can't be used.","Фајл је оштећен и не може се користити."
"Please correct the data sent.","Исправите послате податке."
"Entity type model '%1' is not found","Модел типа ентитет '%1' није пронађен"
"Entity type model must be an instance of \Magento\CatalogImportExport\Model\Export\Product\Type\AbstractType","Модел за тип ентитета мора бити инстанца \Магенто\ЦаталогИмпортЕxпорт\Модел\Еxпорт\Продуцт\Тyпе\АбстрацтТyпе"
"There are no product types available for export","Нема доступних типова производа за извоз"
"%1 class doesn't implement \Magento\AdvancedRule\Model\Condition\FilterTextGeneratorInterface","%1 класа не имплементира \Магенто\АдванцедРуле\Модел\Цондитион\ФилтерТеxтГенераторИнтерфаце"
"Sales Rule","Правило продаје"
"Index sales rule","Индекс правила продаје"
"Related Search Terms","Сродни термини за претрагу"
"Add New Search Term","Додај нови термин за претрагу"
button_label,"ознака дугмета"
"Missing search engine parameter.","Недостаје аргумент за претраживање."
"Successful! Test again?","Успешно! Желите поновно тестирање?"
"Connection failed! Test again?","Повезивање није успело! Желите да поновите тестирање?"
"Enable Search Recommendations","Омогући претрагу препорука"
"When you enable this option your site may slow down.","Када омогућите ову опцију, ваше локације може успорити."
"Search Recommendations Count","Претражи број препорука"
"Show Results Count for Each Recommendation","Прикажи резултате Број за сваку препоруку"
"Enable Search Suggestions","Омогући претрагу предлога"
"Search Suggestions Count","Тражи број предлога"
"Show Results Count for Each Suggestion","Прикажи број резултата за сваки предлог"
"Related search terms","Сродни термини за претрагу"
"Did you mean","Да ли сте мислили"
"Search Query","Упит за претрагу"
Store,Продавница
Results,Резултати
Uses,Употребљено
"Redirect URL","Преусмјеравање УРЛ"
"Suggested Term","Предложени термин"
Yes,Да
Synonym,Синоним
"RPC call failed, connection timed out after %time_out.","РПЦ позив није успео, веза је истекла након %тиме_оут."
"Message has been rejected: %1","Порука је одбијена: %1"
"Error while checking if topic is synchronous","Грешка при проверави да ли је тема синхронизована"
"Subscription status","Статус претплате"
"Sorry, there has been an error processing your request. Please try again later.","Извините, догодила се грешка при обради вашег захтева. Покушајте поново касније."
"Time value has an unsupported format","Вредност за време садржи неподржани формат"
"Cron settings can't be saved","Подешавање Крон-а не може бити сачувано"
"There was an error save new configuration value.","Дошло је до грешке при снимању нових конфигурационих вредности."
"Please select a vertical.","Молимо изабрати усправно."
"--Please Select--","--- Молимо одаберите ---"
"Command was not found.","Команда није пронађена."
"Input data must be string or convertible into string.","Улазни податак мора бити знак или податак који се може претворити у знак."
"Input data must be non-empty string.","Улазни податак не сме бити празан низ знакова."
"Not valid cipher method.","Неисправна метода за шифрирања."
"Encryption key can't be empty.","Кључ за шифрирање не може бити празан."
"Source ""%1"" is not exist","Улазни податак ""%1"" не постоји"
"These arguments can't be empty ""%1""","Ови аргументи не могу бити празни ""%1"""
"Cannot find predefined integration user!","Није могуће пронаћи кориснички дефинисане интеграције!"
"File is not ready yet.","Датотека још увек није спремна."
"Your Base URL has been changed and your reports are being updated. Advanced Reporting will be available once this change has been processed. Please try again later.","Твој основни УРЛ је промењен и извјештаји се ажурирају. Више опција за извештавање биће на располагању када ова промена буде обрађена. Покушајте поново касније."
"Failed to synchronize data to the Magento Business Intelligence service. ","Грешка у синхронизацији података са Магенто пословним сервисом интелигенције."
"<a href=""%1"">Retry Synchronization</a>","<а хреф=""%1"">Покушај поново синхронизацију</а>"
TestMessage,"Тест порука"
"Apps and Games","Апликације и игре"
"Athletic/Sporting Goods","Спортски/спортске опреме"
"Art and Design","Уметност и дизајн"
"Advanced Reporting","Напредна подешавања"
"Gain new insights and take command of your business' performance, using our dynamic product, order, and customer reports tailored to your customer data.","Нов поглед на ствари и преузимање команде над перформансама вашег пословања, користећи динамичке производе, наруџбе и извештај о купцима прилагодене вашим потребама."
"Go to Advanced Reporting","Иди на напредне опције за извештавање"
Analytics,Аналитика
API,АПИ
Configuration,Конфигурација
"Business Intelligence","Пословна интелигенција"
"BI Essentials","БИ основе"
"This service provides a dynamic suite of reports with rich insights about your business.
                Your reports can be accessed securely on a personalized dashboard outside of the admin panel by clicking on the
                ""Go to Advanced Reporting"" link. </br> For more information, see our <a href=""https://magento.com/legal/terms/cloud-terms"">
                terms and conditions</a>.","Ова услуга пружа динамичан програмски пакет извештавања са богатим запажањем о вашем пословању.                 
                Извештају се може приступити сигурно преко персонализоване странице изван админ панел тако што ћете кликнути на везу 
                „Иди да више опција за извештавање”. </бр> За више информација, погледајте наше <а хреф=""хттпс://магенто.цом/легал/термс/цлоуд-термс""> термине и услове.</а>."
"Advanced Reporting Service","Напредна услуга извештавања"
"Time of day to send data","Доба дана за слање података"
Industry,Индустрија
"In order to personalize your Advanced Reporting experience, please select your industry.","Молим да подесите вашу грану индустрије у менију Напредна извештавања, како би сте добили боље извештаје."
"<strong>Get more insights from Magento Business Intelligence</strong>","<стронг>Добијте више сазнања из Магенто Бусинесс Интеллигенце</стронг>"
"Magento Business Intelligence provides you with a simple and clear path to
                    becoming more data driven.</br> Learn more about <a target=""_blank""
                    href=""https://dashboard.rjmetrics.com/v2/magento/signup/"">Magento BI Essentials and BI Pro</a> tiers.","Магенто Бусинесс Интеллигенце вам пружа једноставан и јасан пут како да
                добијете више података за управљање.</бр> Сазнајте више о <а таргет=""_бланк""
                хреф=""хттпс://дасхбоард.рјметрицс.цом/в2/магенто/сигнуп/"">БИ Основни и БИ Про</а> слој."
"Auto Parts","Ауто делови"
"Baby/Children’s Apparel, Gear and Toys","Одеце беба/за децу, опрему и играчке"
"Beauty and Cosmetics","Лепота и козметика"
"Books, Music and Magazines","Књиге, музика и часописи"
"Crafts and Stationery","Занати и подлоге за писање"
"Consumer Electronics","Потрошачке електронике"
"Deal Site","Локација за договор"
"Fashion Apparel and Accessories","Модни детаљи, одећа и прибор"
"Food, Beverage and Grocery","Хране, пића и намирнице"
"Home Goods and Furniture","Опрема за кућу и намештај"
"Home Improvement","Реновирање стана"
"Jewelry and Watches","Накит и сатови"
"Mass Merchant",Велепродаја
"Office Supplies","Канцеларијски намештај"
"Outdoor and Camping Gear","Опрема за камповање на отвореном простору"
"Pet Goods","Опрема за љубимце"
"Pharma and Medical Devices","Фармација и медицински уређаји"
"Technology B2B","Б2Б технологије"
Other,Остало
"The time value is using an unsupported format. Enter a supported format and try again.","Вредност времена користи неподржан формат. Унесите подржани формат и покушајте поново."
"Please select an industry.","Одаберите државу."
"The data is invalid. Enter the data as a string or data that can be converted into a string and try again.","Подаци су неважећи. Унесите податке као стринг или податак који се може превести у стринг и покушајте поново."
"The data is invalid. Enter the data as a string and try again.","Подаци су неважећи. Унесите податке као стринг и покушајте поново."
"The data is invalid. Use a valid cipher method and try again.","Подаци су неважећи. Користите исправан метод шифрирања и покушајте поново."
"Enter the encryption key and try again.","Унесит кључ за енкрипцију и покушајте поново."
"The ""%1"" source doesn't exist.","""%1"" извор не постоји."
"Retry Synchronization","Покушај поново Синхронизацију"
Done,Готово
Retry,"Покушај поново"
"'Action Details - #' .","'Погледај детаље - #' ."
"%1 item(s) have been scheduled for update.""","%1 ставка(е) су планиране за ажурирање”"
"Bulk Actions Log","Евиденција масовних радњи"
"Bulk uuid %bulkUuid not exist","Групни ууид %булкУуид не постоји"
"Topic %1","Тема %1"
"Something went wrong while processing the request.","Дошло је до грешке приликом обраде захтева."
"Error processing %key element of input data","Грешка у обради елемента %кеy у улазним подацима"
"Sorry, something went wrong during product prices update. Please see log for details.","Дошло је до грешке приликом ажурирања цена производа. Молимо погледајте лог за детаље."
"%1 item(s) are currently being updated.","%1 ставка(и) се тренутно ажурира."
"Task ""%1"": ","Задатак „%1”: "
"%1 item(s) have been scheduled for update.","%1 ставка(е) су планиране за ажурирање”."
"%1 item(s) have been successfully updated.","%1 ставка(е) су планиране за ажурирање”."
"%1 item(s) failed to update","%1 ставка(и) се није успело ажурирати"
Details,Детаљи
"View Details","Погледај детаље"
Dismiss,Одбаци
"Pending, in queue...","Необрађено, у реду чекања..."
"%1 items selected for mass update","%1 ставки је одабрано за масовно ажурирање"
", %1 successfully updated",", %1 је успешно ажурирано"
", %1 failed to update",", %1 се није успело ажурирати"
"Something went wrong.","Нешто кренуло наопако."
"Action Log","Дневник радњи"
Report,Извештај
"Bulk Actions","Масовне радње"
"Action Logs","Дневник радњи"
"Days Saved in Log","Дани сачувани у дневнику"
"Description of Operation","Опис операције"
Summary,Резиме
"Start Time","Време почетка"
"Items to Retry","Ставке за поновни покушај"
"To retry, select the items and click “Retry”.","Да бисте поново покушали, изаберите ставке и кликните на дугме „Покушај поново”."
"Items That Can’t Be Updated.","Ставке које није могуће ажурирати."
Status,Статус
"Meta Information","Мета информације"
Error,Грешка
"Dismiss All Completed Tasks","Одбаци све довршене задатке"
"Action Details - #","Детаљи радње- #"
"Number of Records Affected","Број записа који је утицао на"
"We can't find the role for the user you wanted.","Не можемо пронаћи улогу за траженог корисника."
"Something went wrong while compiling a list of allowed resources. You can find out more in the exceptions log.","Нешто је кренуло наопако за време састављања листе дозвољених ресурса. Више о грешкама можете погледати у евиденцији грешки."
"The role wasn't found for the user. Verify the role and try again.","Улога за корисника није пронађена. Проверите улогу и покушајте поново."
"You created the order.","Ви сте креирали наруџбину."
"Order saving error: %1","Редослед чувања грешке: %1"
"Please choose a payment method.","Одаберите начин плаћања."
"We can't process your order right now. Please try again later.","Не можемо обрадити вашу поруџбину сада. Покушајте касније."
"An error occurred on the server. Please try to place the order again.","Дошло је до грешке на серверу. Покушајте да поново пошаљете поруџбину."
"Credit Card: xxxx-%1","Кредитна картица: xxxx-%1"
"amount %1","износ %1"
failed.,"није успело."
successful.,успешно.
"Authorize.Net Transaction ID %1.","Аутхоризе.Нет трансакција ИД %1."
authorize,овлашћен
"authorize and capture","овлашћен и прихваћен"
capture,прихвати
refund,"повраћај новца"
void,поништи
"Gateway error: %1","Грешка у пролазу: %1"
"Something went wrong in the payment gateway.","Дошло је до грешке при проласку плаћања."
"Invalid amount for capture.","Неисправна вредност за прихваћање."
"Payment capturing error.","Грешка при прихватању плаћања."
"Invalid transaction ID.","Неисправан ИД трансакције."
"Payment voiding error.","Грешка код поништавања плаћања."
"Invalid amount for refund.","Неисправна вредност за повраћај новца."
"Payment refunding error.","Грешка код повраћаја новца."
"The transaction was declined because the response hash validation failed.","Трансакција је одбијена јер није прошла проверу података."
"This payment didn't work out because we can't find this order.","Ово плаћање није успело јер не можемо пронаћи поруџбину."
"There was a payment authorization error.","Дошло је до грешке при ауторизацији плаћања."
"Please enter a transaction ID to authorize this payment.","Молим унети ИД трансакције за ауторизацију овог плаћања."
"Something went wrong: the paid amount doesn't match the order amount. Please correct this and try again.","Дошло је до грешке: плаћени износ не одговара износу поруџбине. Исправите ово и покуушајте поново."
"Transaction %1 has been approved. Amount %2. Transaction status is ""%3""","Трансакција %1 је одобрена. Вредност %2. Статус трансакције је ""%3"""
"Transaction %1 has been voided/declined. Transaction status is ""%2"". Amount %3.","Трансакција %1 је одбијена/поништена. Статус трансакције је ""%2"". Вредност је %3."
"Authorize Only","Само одобрити"
"Authorize and Capture","Одобрити и прихватити"
"Unable to get transaction details. Try again later.","Није могуће добити детаље о трансакцији. Покуштајте поново касније."
"Electronic payments save the trees.","Електронско плаћање ћува дрвеће."
"Credit Card Type","Врста кредитне картице"
"Please Select","Молим одаберите"
"Credit Card Number","Број кредитне картице"
"Expiration Date","Датум истека"
"Card Verification Number","Верификациони број картице"
"Fraud Detection ","Уочена превара"
"FDS Filter Action","ФДС Филтер акције"
"AVS Response","АВС одговор"
"Card Code Response","Одговор на код картице"
"CAVV Response","ЦАВВ одговор"
"Fraud Filters","Филтери преваре"
"Place Order","Поставите поруџбину"
"Sorry, but something went wrong. Please contact the seller.","Жао нам је, али нешто је кренуло погрешно. Молим контактирати продавца."
"Authorize.net Direct Post","Аутхоризе.нет Директна пошта"
Enabled,Омогућено
"Payment Action","Акција плаћања"
Title,Наслов
"API Login ID","АПИ ИД за пријаву"
"Transaction Key","Кључ трансакције"
"Merchant MD5","МД5 продавца"
"New Order Status","Нови статус поруџбине"
"Test Mode","Режим теста"
"Gateway URL","УРЛ адреса мрежног пролаза"
"Transaction Details URL","Детаљи трансакције УРЛ адресе"
"Accepted Currency","Прихваћене валуте"
Debug,"Отклањање грешака"
"Email Customer","Е-поште купца"
"Merchant's Email","Е-маил трговца"
"Credit Card Types","Врста кредитне картице"
"Credit Card Verification","Верификација кредитне картице"
"Payment from Applicable Countries","Плаћања из приваћених земаља"
"Payment from Specific Countries","Плаћања из одређених земаља"
"Minimum Order Total","Минимална вредност поруџбине"
"Maximum Order Total","Максимална вредност поруџбине"
"Sort Order","Редослед поруџбина"
"Cannot place order.","Није могуће поставити поруџбину."
"'Gateway error: ' .","Гатеwаy грешка: ' ."
"Unable to place order. Please try again later.","Није могуће поставити наруџбину. Покушајте поново касније."
"A server error stopped your order from being placed. Please try to place your order again.","Грешка на серверу је зауставила поруџбину. Покушајте да поставите ваше понуде поново."
"The transaction details are unavailable. Please try again later.","Детаљи трансакције нису доступни. Покушајте касније."
"Authorize.Net Direct Post (Deprecated)","Аутхоризе.Нет Директан Пост (Депрецатед)"
"Signature Key","Кључ Потписа"
"There was an error while trying to process the request.","Дошло је до грешке током покушаја да се процесуира захтев."
"This transaction cannot be refunded with its current status.","Ова трансакција неможе мити повраћена са тренутним статусом."
"The authenticity of the gateway response could not be verified.","Аутентичност пролаза не моће бити верификована."
Authorize.Net,Аутхоризе.Нет
"Basic Authorize.Net Settings","Основна Аутхоризе.Нет подешавања"
Environment,Окружење
"Public Client Key","Јавни Кључ Клијента"
"Merchant MD5 (deprecated)","Мерцхант МД5 (депрецатед)"
"Advanced Authorize.Net Settings","Напредна Аутхоризе.Нет Подешавања"
"Enable Credit Card Verification Field","Укључи Поље за Верификацију Кредитном Картицом"
"Invalid request to gateway.","Неважећи захтев до гатеwаy-ја."
"Invalid gateway credentials.","Неважећи гатеwаy подаци."
"Transaction has been declined. Please try again later.","Трансакција је одбијена. Покушајте поново касније."
options,опције
"Select all","Изабери све"
"Deselect all","Поништи све изабране"
"%s of %s selected","%с од %с изабрано"
"B2B Features","Б2Б Карактеристике"
"Invalid Form Key. Please refresh the page.","Неважећа шифра за форму. Молим освежите страницу."
"You entered an invalid Secret Key. Please refresh the page.","Унели сте погрешну тајну шифру. Молим освежите страницу."
"Cache Storage Management","Управљање складиштем кеша"
"Flush Magento Cache","Испразни Магенто кеш"
"The cache storage may contain additional data. Are you sure that you want to flush it?","Складиште кеша може да садржи додатне податке. Да ли сте сигурни да желите да се испразни?"
"Flush Cache Storage","Испразни складиште кеша"
Invalidated,Поништени
Orders,Поруџбине
Amounts,Износ
Bestsellers,Најпродаванији
"Most Viewed Products","Најчешће прегледани производи"
"New Customers","Нови купац"
Customer,Купац
Guest,Гост
Items,Ставке
Total,Укупно
"Lifetime Sales","Тотална распродаја"
"Average Order","Просечна поруџбина"
Average,Просек
Views,Прегледи
Revenue,Приход
Tax,Порез
Shipping,Достава
"Images (.gif, .jpg, .png)","Слике (.гиф, .јпг, .пнг)"
"Media (.avi, .flv, .swf)","Медији (.ави, .флв, .сwф)"
"All Files","Све датотеке"
"Reset to Default","Врати на фабричка подешавања"
"All Store Views","Сви прегледи продавница"
"What is this?","Шта је ово?"
"Save Account","Сачувај налог"
"My Account","Мој налог"
"Account Information","Информације о корисничком налогу"
"User Name","Корисничко име"
"First Name",Име
"Last Name",Презиме
Email,Е-пошта
"User Email","Корисничка е-пошта"
"New Password","Нова лозинка"
"Password Confirmation","Поновити лозинку"
"Interface Locale","Локални интерфејс"
"Current User Identity Verification","Верификација идентитета тренутног корисника"
"Your Password","Ваша лозинка"
"Save Cache Settings","Сачувај поставке кеширања"
"Catalog Rewrites","Каталог поново написати"
Refresh,Освежи
"Images Cache","Кеширане слике"
Clear,Очисти
"Search Index","Индекс за претрагу"
Rebuild,"Направи поново"
"Inventory Stock Status","Берзански Статус залиха"
"Rebuild Catalog Index","Поновно прављење индекса каталога"
"Rebuild Flat Catalog Category","Реконструиши каталог категорија"
"Rebuild Flat Catalog Product","Реконструиши каталог производа"
"Cache Control","Контрола кеша"
"All Cache","Сав кеш"
"No change","Без промене"
Disable,Онемогући
Enable,Омогући
"Add Design Change","Додај промене дизајна"
Delete,Обрисати
Save,Сачувај
"Edit Design Change","Уреди промене дизајна"
"New Store Design Change","Промене дизајна нове продавнице"
"General Settings","Опште поставке"
"-- Please Select --","-- Молим одаберите --"
"Custom Design","Прилагођени дизајн"
"Date From","Датум од"
"Date To","Датум до"
"Design Change","Промена дизајна"
General,Опште
"Delete %1 '%2'","Обриши %1 „%2”"
"Delete %1","Обриши %1"
"Block Information","Блок информација"
"Backup Options","Опције резервних копија"
"Create DB Backup","Креирај резервне копије ДБ"
"Delete Store","Брисање продавнице"
"Delete Web Site","Брисање Wеб локације"
"Save Web Site","Чување Wеб локације"
"Save Store","Чување продавнице"
"Save Store View","Сачувај приказ продавнице"
"Delete Store View","Брисање приказа продавнице"
"Edit Web Site","Уређивање Wеб локације"
"New Web Site","Нова Wеб локација"
"Edit Store","Уређивање продавнице"
"New Store","Нова продавница"
"Edit Store View","Уреди приказ продавнице"
"New Store View","Нови приказ продавнице"
"Store Information","Сачувај информације"
"Web Site","Wеб локација"
Name,Име
Code,Код
"Root Category","Роот категорија"
"Default Store View","Приказ подразумеване продавнице"
"Store View Information","Приказ информација о продавници"
Disabled,Онемогућено
"Web Site Information","Информације о Wеб локацији"
"Default Store","Подразумевана продавница"
"Set as Default","Постави као задани"
Stores,Продавнице
"Create Website","Креирање Wеб локација"
"Create Store","Направи продавницу"
"Create Store View","Креирање приказа продавнице"
Home,Почетна
"Are you sure you want to do this?","Јесте ли сигурни да желите да урадите ово?"
"Add New Image","Додај нову слику"
"Export block for grid %1 is not defined","Извоз блока за координатну мрежу %1 није дефинисан"
"Reset Filter","Поништавање филтера"
Search,Претрага
Any,"Било који"
"All Countries","Све земље"
From,Од
To,До
"Date selector","Избор датума"
"[ deleted ]",[избрисан]
"Select All","Изабери све"
" [deleted]"," [избрисан]"
"We couldn't find any records.","Нисмо пронашли ни један запис."
"Add New","Додај Ново"
"Invalid export type supplied for grid export block","Неважећи тип извоза обезбеђен за извоза блока"
Export,Извези
"Please correct the column format and try again.","Исправите облик колоне и покушајте поново."
"Please select items.","Молим изаберите артикле."
Submit,Пошаљи
"Unknown block type","Непознати тип блока"
"Please correct the tab configuration and try again. Tab Id should be not empty","Молим вас исправите конфигурацију картице и покушајте поново. Ид картице не сме бити празан"
"Please correct the tab configuration and try again.","Исправите конфигурацију картице и покушајте поново."
"You have logged out.","Ођавили сте се."
"Specified cache type(s) don't exist: %1","Ове врста(е) кеш меморије не постоји: %1"
"The image cache was cleaned.","Слика кеша је обрисана."
"An error occurred while clearing the image cache.","Појавила се грешка приликом брисање слика кеша."
"The JavaScript/CSS cache has been cleaned.","Кеш ЈаваСцрипт/ЦСС је обрисан."
"An error occurred while clearing the JavaScript/CSS cache.","Појавила се грешка приликом брисање кеша ЈаваСцрипт/ЦСС."
"The static files cache has been cleaned.","Кеш статичких датотека обрисан."
"You flushed the cache storage.","Обрисали сте кеш складишта."
"The Magento cache storage has been flushed.","Кеш складиште Магента је обрисан."
"Cache Management","Управљање кешом"
"You can't change status of cache type(s) in production mode","Не можете променити статус типовима кеш(а) у производном режиму"
"%1 cache type(s) disabled.","%1 кеш типов(им)а је онемогућен."
"An error occurred while disabling cache.","Појавила се грешка приликом онемогућавања кеша."
"%1 cache type(s) enabled.","%1 кеш типов(им)а је омогућен."
"An error occurred while enabling cache.","Појавила се грешка приликом омогућавања кеша."
"%1 cache type(s) refreshed.","%1 кеш типов(им)а је освежен."
"An error occurred while refreshing cache.","Појавила се грешка приликом освежавања кеша."
Dashboard,"Контролна табла"
"We updated lifetime statistic.","Ажурирали смо сву статистику."
"We can't refresh lifetime statistics.","Не можемо освежити сву статистику."
"invalid request","неважећи захтев"
"see error log for details","погледати дневник грешака за детаље"
"Service unavailable: %1","Услуга није доступна: %1"
"Access Denied.","Приступ је одбијен."
"You need more permissions to do this.","Потребно вам је више дозвола за приступ овом."
"No search modules were registered","Нема регистрованих модула за претрагу"
"Please make sure that all global admin search modules are installed and activated.","Уверите се да су сви админ глобални модули за претрагу инсталирани и активирани."
"You saved the account.","Сачували сте налог."
"An error occurred while saving account.","Дошло је до грешке при снимању налога."
"You deleted the design change.","Ви сте обрисали промене дизајна."
"You can't delete the design change.","Не можете обрисати промене дизајна."
"Store Design","Дизајн продавнице"
"Edit Store Design Change","Уреди промене дизајна продавнице"
"You saved the design change.","Сачували сте промене дизајна."
System,Систем
"Manage Stores","Управљање продавницама"
"The database was backed up.","Направљена је резервна копија базе података."
"We can't create a backup right now. Please try again later.","Не можемо направити резервну копију сада. Покушајте касније."
"Deleting a %1 will not delete the information associated with the %1 (e.g. categories, products, etc.), but the %1 will not be able to be restored. It is suggested that you create a database backup before deleting the %1.","Брисање је %1 неће избрисати информације повезане са %1 (тј. категорије, производи, итд.), али %1 се неће моћи обновити. Пожељно је да креирате резервну копију базе података пре брисања %1."
"Something went wrong. Please try again.","Нешто је пошло наопако. Покушај поново."
"This store cannot be deleted.","Продавницу није могуће избрисати."
"You deleted the store.","Обрисали сте продавницу."
"Unable to delete the store. Please try again later.","Није могуће обрисати продавницу. Покушајте поново касније."
"This store view cannot be deleted.","Овај приказ продавнице није могуће обрисати."
"Store View","Приказ продавнице"
"You deleted the store view.","Обрисали сте приказ продавнице."
"Unable to delete the store view. Please try again later.","Није могуће обрисати приказ продавнице. Молим покушати касније."
"This website cannot be deleted.","Ову wеб локацију није могуће обрисати."
"You deleted the website.","Обрисали сте wеб локацију."
"Unable to delete the website. Please try again later.","Није могуће обрисати wеб локацију. Молим покушајте касније."
"The website does not exist.","Wеб локација не постоји."
"Before modifying the website code please make sure it is not used in index.php.","Пре измене кода wеб локације молим да се уверите да се код не користи у индеx.пхп."
"The store does not exist","Продавница не постоји"
"Store view doesn't exist","Изглед продавнице не постоји"
"Before modifying the store view code please make sure it is not used in index.php.","Пре измене кода изгледа продавнице молим да се уверите да се код не користи у индеx.пхп."
"New ","Ново "
"All Stores","Све продавнице"
"You saved the website.","Сачували сте wеб локацију."
"The default store cannot be disabled","Подразумевана продавница не може бити онемогућена"
"You saved the store view.","Сачували сте изглед продавнице."
"An inactive store view cannot be saved as default store view","Неактиван изглед продавнице не може бити сачуван као подразумеван изглед продавнице"
"You saved the store.","Сачували сте продавницу."
"Something went wrong while saving. Please review the error log.","Дошло је до грешке при снимању. Погледајте евиденцију грешака."
"Last 24 Hours","Последња 24 сата"
"Last 7 Days","Последњих 7 дана"
"Current Month","Текући месец"
YTD,"ГОДИНА ДО ДАТУМА"
2YTD,"2 године до датума"
"Authentication storage is incorrect.","Потврда идентитета за складиште је неисправана."
"You did not sign in correctly or your account is temporarily disabled.","Нисте се правилно пријавили или је ваш налог привремено онемогућен."
"Authentication error occurred.","Дошло је до грешке при потврди идентитета."
"Admin session lifetime must be less than or equal to 31536000 seconds (one year)","Време трајања сесије за админ-а мора бити мање или једнако 31536000 секунди (једна година)"
"Admin session lifetime must be greater than or equal to 60 seconds","Време трајања сесије за админ-а мора бити већа или једнако 60 секунди"
Order,Поруџбина
"Order #%1","Поруџбина %1 #"
"Sorry, you need permissions to view this content.","Извини, треба вам дозвола за приказивање овог садржаја."
"Next steps","Следећи кораци"
"If you think this is an error, try signing out and signing in again.","Ако мислите да је ово је грешка, покушајте са ођављивањем и поновном пријавом."
"Contact a system administrator or store owner to gain permissions.","Обратите се администратору система или власнику радње за добијање дозвола."
"Return to ","Врати се на"
HTTP_REFERER,ХТТП_РЕФЕРЕР
"previous page","претходна страница"
javascript:history.back(),јавасцрипт:хисторy.бацк()
"Welcome, please sign in","Добро дошли, молим вас да се пријавите у"
Username,"Корисничко име"
"user name","корисничко име"
Password,Лозинка
password,лозинка
"Sign in","Пријави се"
"Select Range:","Избор опсега:"
"No Data Found","Нису пронађени подаци"
"Chart is disabled. To enable the chart, click <a href=""%1"">here</a>.","Графикон је онемогућен. Да бисте омогућили графикон, кликните <а хреф=""%1"">овде</а>."
"Last Orders","Последње поруџбе"
"Last Search Terms","Последњи тражени појмови"
"Top Search Terms","Највише тражени појмови"
"There are no search keywords.","Не постоје кључне речи за претрагу."
"View Statistics For:","Приказ статистике за:"
"All Websites","Све Wеб локације"
"Reload Data","Поново учитај податке"
"Browse Files...","Преглед датотека..."
Magento,Магенто
"Copyright &copy; %1 Magento Commerce Inc. All rights reserved.","Ауторских права &цопy; %1 Магенто Цоммерце Инц. Сва права задржана."
"ver. %1","вер. %1"
"Magento Admin Panel","Магенто админ. панел"
"Account Setting","Подешавања налога"
"Customer View","Листа корисника"
"Sign Out","Ођави се"
"About the calendar","О календару"
"Go Today","Идем данас"
Previous,Претходни
Next,Следеће
WK,WК
Time,Време
Hour,Сат
Minute,Минут
"JavaScript may be disabled in your browser.","ЈаваСцрипт може бити онемогућена у вашем wеб прегледачу."
"To use this website you must first enable JavaScript in your browser.","Прво морате да омогућите ЈаваСцрипт у свом прегледачу да бисте користили ову Wеб локацију."
"This is only a demo store. You can browse and place orders, but nothing will be processed.","Ово је само демо продавница. Можете да прегледате и поставите наредбе, али ништа неће бити обрађен."
"Report an Issue","Пријавите проблем"
"Store View:","Приказ продавнице:"
"Stores Configuration","Конфигурација продавнице"
"Please confirm scope switching. All data that hasn't been saved will be lost.","Молимо вас потврдите промену опсега. Сви подаци нису дачувани и биће обрисани."
"Additional Cache Management","Додатно управљање кешом"
"Flush Catalog Images Cache","Обриши кеш каталога слика"
"Pregenerated product images files","Датотеке слика производа прегенерисане"
"Flush JavaScript/CSS Cache","Очисти кеш ЈаваСцрипт/ЦСС"
"Themes JavaScript and CSS files combined to one file","Теме ЈаваСцрипт и ЦСС датотека су комбиноване у једну датотеку"
"Flush Static Files Cache","Очисти кеш статичних датотека"
"Preprocessed view files and static files","Претходна припрема прегледа датотека и статичних датотека"
Catalog,Каталог
JavaScript/CSS,ЈаваСцрипт/ЦСС
"JavaScript/CSS Cache","ЈаваСцрипт/ЦСС кеш"
"No records found.","Записи нису пронађени."
Images,Слике
"Big Image","Велика слика"
Thumbnail,Сличице
"Additional Settings","Додатне поставке"
"records found","записи пронађени"
selected,изабрано
"per page","по страници"
"Previous page","Претходна страница"
"of %1","од %1"
"Next page","Следећа страница"
"Export to:","Извези у:"
"Mass Actions","Масовне радње"
"Unselect All","Поништи изабране"
"Select Visible","Изабери видљиве"
"Unselect Visible","Поништи изабране видљиве"
"Changes have been made to this section that have not been saved.","Промене које су направљене у овој секцији нису сачуване."
"This tab contains invalid data. Please resolve this before saving.","Ова картица садржи неважеће податке. Молим вас решите ово пре снимања."
"The information in this tab has been changed.","Информације на овој картици су промењене."
Loading...,Учитавање...
"We could not detect a size.","Нисмо могли открити величину."
"We don't recognize or support this file extension type.","Не можемо препознати или пружити подршку за овај тип датотеке."
"Warning message","Порука упозорења"
"This operation can take a long time","Ова операција може потрајати дуго времена"
"Allow everything","Дозволи све"
"Magento Admin","Магенто Админ"
"Global Search","Глобална претрага"
Marketing,Маркетинг
"SEO & Search","СЕО & претраге"
"User Content","Садржај корисника"
Content,Садржај
Elements,Елементи
Design,Дизајн
Schedule,Распоред
"Content translation","Превод садржаја"
Settings,Подешавања
Attributes,Атрибути
"Other Settings","Друге поставке"
"Data Transfer","Пренос података"
"Magento Connect","Магенто повезивање"
"Connect Manager","Повежите управљач"
"Package Extensions","Пакет екстензија"
Tools,Алати
"Clean Cache Actions","Акција брисања кеша"
"Cache Types Management","Управљање кешом"
"Toggle Cache Type","Укчјучи/Искључи тип кеша"
"Refresh Cache Type","Освежи тип кеша"
"Catalog Images Cache","Кеш слика каталога"
"Flush Js/Css","Испразни Јс/Цсс"
"Flush Static Files","Испразни кеш статичних датотека"
"Web Setup Wizard","Чаробњак за подешавање Вебсајта"
Currency,Валута
Communications,Комуникације
Services,Сервиси
Advanced,Напредни
"Disable Modules Output","Онемогући излазне модуле"
"Store Email Addresses","Сачувај е-маил адресе"
"Custom Email 1","Емаил 1 за корисника"
"Sender Email","Е-пошта пошаљиоца"
"Sender Name","Име пошаљиоца"
"Custom Email 2","Емаил 2 за корисника"
"General Contact","Општи контакт"
"Sales Representative","Представник продаје"
"Customer Support","Подршка за кориснике"
Developer,Програмер
"Enabled Template Path Hints for Storefront","Омогућена путања шаблона за ознаке на излогу"
"Enabled Template Path Hints for Admin","Омогућена путања шаблона за ознаке за админ-а"
"Add Block Names to Hints","Додавање блок имена за ознаке"
"Template Settings","Подешавања шаблона"
"Allow Symlinks","Дозволи Сyмлинкс"
"Warning! Enabling this feature is not recommended on production environments because it represents a potential security risk.","Упозорење! Омогућавање ове функције се не препоручује у производним окружењима јер представља потенцијални ризик по безбедност."
"Minify Html","Смањи велићину датотеке Хтмл"
"Minification is not applied in developer mode.","Смањивање датотеке се не примењује у режиму развоја."
"Translate Inline","Преведите садржај"
"Enabled for Storefront","Омогућено за излог"
"Enabled for Admin","Омогућено за Админ-а"
"Translate, blocks and other output caches should be disabled for both Storefront and Admin inline translations.","Преводе, блокови и друге кеш излазе треба онемогућити за излог и за администрацију уметнутих превода."
"JavaScript Settings","Подешавање ЈаваСцрипт"
"Merge JavaScript Files","Спајање ЈаваСцрипт датотека"
"Enable JavaScript Bundling","Омогући ЈаваСцрипт повезивање"
"Minify JavaScript Files","Смањи ЈаваСцрипт датотеке"
"CSS Settings","ЦСС подешавања"
"Merge CSS Files","Спајање ЦСС датотека"
"Minify CSS Files","Смањивање величине ЦСС датотека"
"Image Processing Settings","Подешавање обраде слика"
"Image Adapter","Прилагођавање слика"
"Static Files Settings","Подешавање статичних датотека"
"Sign Static Files","Потписивање статичних датотека"
"Country Options","Подешавање држава"
"Allow Countries","Допуштене државе"
"Default Country","Подразумевана држава"
"European Union Countries","Земље Европске уније"
"Top destinations","Најпосећенија одредишта"
"Locale Options","Локална подешавања"
Timezone,"Временска зона"
Locale,Локално
"First Day of Week","Први дан у недељи"
"Weekend Days","Дани викенда"
"Store Name","Име продавнице"
"Store Phone Number","Број телефона у продавница"
"Store Hours of Operation","Радно време продавнице"
Country,Држава
Region/State,Регион/држава
"ZIP/Postal Code","Поштански број"
City,Град
"Street Address",Адреса
"Street Address Line 2","Ред за адресу 2"
"VAT Number","ПДВ број"
"Single-Store Mode","Режим рада једна продавница"
"Enable Single-Store Mode","Омогући режим рада једна продавница"
"This setting will not be taken into account if system has more than one store view.","Ова поставка ће бити узета у обзир за налог ако систем има више од једног приказа продавнице."
"Mail Sending Settings","Подешавање слања поште"
"Disable Email Communications","Онемогући Емаил комуникацију"
Host,Хост
"Port (25)","Порт (25)"
"Set Return-Path","Постави повратну адресу"
"Return-Path Email","Е-маил повратна адреса"
Admin,Админ
"Admin User Emails","Е-маил админ корисника"
"Forgot Password Email Template","Заборавио лозинку е-поште за шалон"
"Email template chosen based on theme fallback when ""Default"" option is selected.","Шаблон мејла се бира на основу теме када је изабрана опција ""Подразумевано""."
"Forgot and Reset Email Sender","Заборави и поништи Е-маил пошиљаоца"
"Startup Page","Почетна страница"
"Admin Base URL","Основни УРЛ админа"
"Use Custom Admin URL","Користи прилагођен УРЛ админа"
"Custom Admin URL","Прилагођен УРЛ админа"
"Make sure that base URL ends with '/' (slash), e.g. http://yourdomain/magento/","Уверите се да се основна адреса УРЛ завршава са „/” (коса црта), Нпр. хттп://yоурдомаин/магенто/"
"Use Custom Admin Path","Користи прилагођену Урл путању админа"
"Custom Admin Path","Прилагођена путања админа"
"You will have to sign in after you save your custom admin path.","Мораћете да се пријавитепоново након што сачувате своју прилагођену админ путању."
Security,Сигурност
"Recovery Link Expiration Period (hours)","Време истека линка за опоравак (сати)"
"Please enter a number 1 or greater in this field.","У ово поље унесите број 1 или већи."
"Add Secret Key to URLs","Додати тајни кључ за УРЛ адресу"
"Login is Case Sensitive","Пријава је осетљива на мала и велика слова"
"Admin Session Lifetime (seconds)","Време трајања админ сесије (у секундама)"
"Please enter at least 60 and at most 31536000 (one year).","Молимо унести најмање 60, а највише 31536000 (годину дана)."
"Enable Charts","Омогући графиконе"
Web,Wеб
"Url Options","Опције УРЛ адресе"
"Add Store Code to Urls","Додати код продавнице за ове УРЛ-ове"
"<strong style=""color:red"">Warning!</strong> When using Store Code in URLs, in some cases system may not work properly if URLs without Store Codes are specified in the third party services (e.g. PayPal etc.).","<стронг цласс=""цолорРед"">Упозорење!</стронг> Када користите код продавнице у УРЛ-у, у неким случајевима систем можда неће правилно радитити ако је УРЛ дефинисан без кода продавнице у неким услугама (нпр. ПаyПал...)."
"Auto-redirect to Base URL","Ауто - преусмеравање на основу УРЛ адресе"
"Search Engine Optimization","Оптимизација програма за претраживање"
"Use Web Server Rewrites","Користи Wеб сервер за писање"
"Base URLs","Основна УРЛ адреса"
"Base URL","Основни УРЛ"
"Specify URL or {{base_url}} placeholder.","Наведите УРЛ адресу или {{басе_урл}} контејнер."
"Base Link URL","Веза ка основној УРЛ адреси"
"Base URL for Static View Files","Основни УРЛ за преглед статичних датотека"
"May be empty or start with {{unsecure_base_url}} placeholder.","Може бити празно или почети са {{унсецуре_басе_урл}} контејнер."
"Base URL for User Media Files","Основни УРЛ за медијске датотеке колисника"
"Base URLs (Secure)","Основне (сигурне) УРЛ адресе"
"Secure Base URL","Сигуран основни УРЛ"
"Specify URL or {{base_url}}, or {{unsecure_base_url}} placeholder.","Наведите УРЛ или {{басе_урл}}, или {{унсецуре_басе_урл}} контејнер."
"Secure Base Link URL","Сигуран основни линк УРЛ"
"Secure Base URL for Static View Files","Сигуран основни УРЛ за преглед статичних датотека"
"May be empty or start with {{secure_base_url}}, or {{unsecure_base_url}} placeholder.","Може бити празно или почети са {{сецуре_басе_урл}}, или {{унсецуре_басе_урл}} контејнер."
"Secure Base URL for User Media Files","Сигуран основни УРЛ за корисничке медијске датотеке"
"Use Secure URLs on Storefront","Користи сигурне УРЛ-ове за излог продавнице"
"Use Secure URLs in Admin","Користи сигурне УРЛ-ове у админ"
"Enable HTTP Strict Transport Security (HSTS)","Омогући ХТТП Стрицт Транспорт Сецуритy (ХСТС)"
"Upgrade Insecure Requests","Надоградите несигурне захтеве"
"Offloader header","Оффлоадер заглавље"
"Default Pages","Подразумеване странице"
"Default Web URL","Подразумевана Wеб УРЛ адреса"
"Default No-route URL","Нема руте до подразумеване руте УРЛ"
"Session Validation Settings","Поставке за проверу исправности сесије"
"Validate REMOTE_ADDR","Провери исправност РЕМОТЕ_АДДР"
"Validate HTTP_VIA","Провери исправност ХТТП_ВИА"
"Validate HTTP_X_FORWARDED_FOR","Провери исправност ХТТП_X_ФОРWАРДЕД_ФОР"
"Validate HTTP_USER_AGENT","Провери исправност ХТТП_УСЕР_АГЕНТ"
"Use SID on Storefront","Користи СИД на излогу"
"Allows customers to stay logged in when switching between different stores.","Омогућава клијентима да остану пријављени кад прелазе између различитих продавница."
"Cache Type","Тип кеширања"
Description,Опис
Tags,Ознаке
"<h1 class=""page-heading"">404 Error</h1><p>Page not found.</p>","<х1 цласс=""паге-хеадинг"">404 грешка</х1><п>Страница није пронађена.</п>"
"Community Edition","Заједничко издање"
"Default Theme","Подразумеване теме"
"If no value is specified, the system default is used. The system default may be modified by third party extensions.","Ако ни једна вредност није дефинисан, користи се подразумевана. Подразумевана системска може бити модификована преко тхирд-партy екстензија."
"Applied Theme","Примењена тема"
"Design Rule","Правило дизајна"
"User Agent Rules","Правила корисничких агената"
Pagination,"Нумерисање страница"
"How many links to display at once.","Колико је веза потребно за истовремени приказ."
"Pagination Frame","Нумерисање страница оквира"
"If current frame position does not cover utmost pages, it renders the link to current position plus/minus this value.","Ако тренутни положај оквира не покрива највећу страницу, то скраћује везу са тренутне позиције плус/минус ове вредности."
"Pagination Frame Skip","Прескочи нумерисање страница оквира"
"Alternative text for the previous pages link in the pagination menu. If empty, the default arrow image is used.","Алтернативни текст за везу ка претходним страницама у менију нумерисања страница. Ако је празан, користи подразумевану слику стрелицу."
"Anchor Text for Previous","Повежите текст са претходним"
"Alternative text for the next pages link in the pagination menu. If empty, default arrow image is used.","Алтернативни текст за везу ка следећим страницама у менију нумерисања страница. Ако је празан, користи подразумевану слику стрелицу."
"Anchor Text for Next","Повежите текст са наредним"
"Theme Name","Име теме"
"Please correct the tab configuration and try again. Tab Id should be not empry","Молим вас исправите конфигурацију таб-а и покушајте поново. Таб Ид не сме бити празан"
"You have entered an invalid password for current user.","Yоу хаве ентеред ан неисправан пассwорд фор цуррент усер."
"Unable to delete store. Please, try again later.","Није могуће обрисати продавницу. Покушајте поново касније."
"Unable to delete store view. Please, try again later.","Није могуће обрисати приказ продавнице. Молим покушати касније."
"Unable to delete website. Please, try again later.","Није могуће обрисати wебсајт. Молим покушајте касније."
"Access denied","Приступ забрањен"
"Please try to sign out and sign in again.","Покушајте да се улогујете и излогујете поново."
"If you continue to receive this message, please contact the store owner.","Ако поново видите ову поруку контактирајте власника продавнице."
"You need more permissions to access this.","Потребне су вам више дозволе за приступ овом."
"Copyright&copy; %1 Magento Commerce Inc. All rights reserved.","Ауторских права &цопy; %1 Магенто Цоммерце Инц. Сва права задржана."
"Report Bugs","Пријави Багове"
"Themes JavaScript and CSS files combined to one file.","ЈаваСцрипт и ЦСС фајлови теме спојени у један фајл."
"Design Theme","Дизајнирај Тему"
"User-Agent Exceptions","Усер-Агент Изузеци"
"Search strings are either normal strings or regular exceptions (PCRE). They are matched in the same order as entered. Examples:<br /><span style=""font-family:monospace"">Firefox<br />/^mozilla/i</span>","Стрингови за претрагу су или нормални стрингови или регуларни изрази (ПЦРЕ). Пореде се истим редоследом као што су унети. Примери:<бр /><спан стyле=""фонт-фамилy:моноспаце"">Фирефоx<бр />/^мозилла/и</спан>"
"If the current frame position does not cover utmost pages, will render link to current position plus/minus this value.","Ако тренутни положај оквира не покрива највећу страницу, то скраћује везу са тренутне позиције плус/минус ове вредности."
"Alternative text for previous link in pagination menu. If empty, default arrow image will used.","Алтернативни текст за везу ка претходним страницама у менију нумерисања страница. Ако је празан, користи подразумевану слику стрелицу."
"Alternative text for next link in pagination menu. If empty, default arrow image will used.","Алтернативни текст за везу ка следећим страницама у менију нумерисања страница. Ако је празан, користи подразумевану слику стрелицу."
"Enable Javascript Bundling","Омогући ЈаваСцрипт повезивање"
"Recovery Link Expiration Period (days)","Време истека линка за опоравак (сати)"
"Values less than 60 are ignored.","Вредности мање од 60 су игнорисане."
"Copyright &copy; %1 Magento, Inc. All rights reserved.","Цопyригхт &цопy; %1 Магенто, Инц. Све ригхтс ресервед."
"Add New User Agent Rule","Додај Ново Усер Агент Руле"
"Search String","Низ за претрагу"
"Page not found.","Страница није пронађена."
"Add Block Class Type to Hints","Додајте тип Блоцк Цласс за помоћ"
"When the adapter was changed, please flush Catalog Images Cache.","Када је адаптер промењен, молимо испразните кеш меморију слика каталога."
"For Windows server only.","Само за Wиндоwс сервер."
"Images Upload Configuration","Конфигурација учитаних слика"
"Maximum Width","Максимална ширина"
"Maximum allowed width for uploaded image.","Максимална дозвољена ширина учитане слике."
"Maximum Height","Максимална висина"
"Maximum allowed height for uploaded image.","Максимална дозвољена висина учитане слике."
"<strong style=""color:red"">Warning!</strong> When using Store Code in URLs, in some cases system may not work properly if URLs without Store Codes are specified in the third-party services (e.g. PayPal etc.).","<стронг стyле=""цолор:ред"">Упозорење!</стронг> Када користите код продавнице у УРЛ-у, у неким случајевима систем можда неће правилно радитити када је код продавнице дефинисан у неким услугама (нпр. ПаyПал...)."
"I.e. redirect from http://example.com/store/ to http://www.example.com/store/","И.е. је преусмерен са хттп://еxампле.цом/сторе/ на хттп://www.еxампле.цом/сторе/"
"Any of the fields allow fully qualified URLs that end with '/' (slash) e.g. http://example.com/magento/","Било који оф тхе фиелдс аллоw фуллy qуалифиед УРЛс тхат енд wитх '/' (сласх) е.г. хттп://еxампле.цом/магенто/"
"May start with {{unsecure_base_url}} placeholder.","Може почети са {{унсецуре_басе_урл}} плацехолдер."
"Any of the fields allow fully qualified URLs that end with '/' (slash) e.g. https://example.com/magento/","Било који оф тхе фиелдс аллоw фуллy qуалифиед УРЛс тхат енд wитх '/' (сласх) е.г. хттпс://еxампле.цом/магенто/"
"May start with {{secure_base_url}} or {{unsecure_base_url}} placeholder.","Може почети са {{сецуре_басе_урл}} или {{унсецуре_басе_урл}} плацехолдер."
"Enter https protocol to use Secure URLs on Storefront.","Упишите хттпс протокол како би користио безбедни УРЛ у продавници."
"Enter https protocol to use Secure URLs in Admin.","Упишите хттпс протокол како бисте користили безбедне УРЛ-ове у Админ."
"See <a href=""https://www.owasp.org/index.php/HTTP_Strict_Transport_Security"" target=""_blank"">HTTP Strict Transport Security</a> page for details.","Погледај <а хреф=""хттпс://www.оwасп.орг/индеx.пхп/ХТТП_Стрицт_Транспорт_Сецуритy"" таргет=""_бланк"">ХТТП Стрицт Транспорт Сецуритy</а> страницу за детаље."
"See <a href=""http://www.w3.org/TR/upgrade-insecure-requests/"" target=""_blank"">Upgrade Insecure Requests</a> page for details.","Погледај <а хреф=""хттп://www.w3.орг/ТР/упграде-инсецуре-реqуестс/"" таргет=""_бланк"">Упграде Инсецуре Реqуестс</а> страницу за детаље."
"If no value is specified, the system default is used. The system default may be modified by third-party extensions.","Ако ни једна вредност није дефинисан, користи се подразумевана. Подразумевана системска може бити модификована преко тхирд-партy екстензија."
label,ознака
"Enable Frontend Resize","Омогући Фронтенд мењање величине"
"Invalid security or form key. Please refresh the page.","Неважећи сигурносни или кључ форме. Молимо освежите страницу."
"An item needs to be selected. Select and try again.","Морате одабрати артикл. Одаберите и покушајте поново."
"These cache type(s) don't exist: %1","Ова врста кеша не постоји: %1"
"The account sign-in was incorrect or your account is disabled temporarily. Please wait and try again later.","Улоговали сте се са погрешном шифром или је Ваш налог привремено онемогућен. Молимо сачекајте и покушајте поново касније."
"An authentication error occurred. Verify and try again.","Грешка приликом аутентикације. Проверите и покушајте поново."
"The Admin session lifetime is invalid. Set the lifetime to 31536000 seconds (one year) or shorter and try again.","Погрешно време администраторске сесије. Подесите време на 31536000 секунди (једна година) или краће и покушајте поново."
"The Admin session lifetime is invalid. Set the lifetime to 60 seconds or longer and try again.","Погрешно време администраторске сесије. Подесите време на 60 секунди или више и покушајте поново."
"Save &amp; Continue","Сачувајте и наставите"
"Save &amp; Close","Сачувај и затвори"
"Save &amp; New","Сачувај и ново"
"Enable Hints for Storefront with URL Parameter","Омогући помоћ за излог са УРЛ параметром"
"Parameter Value","Вредност параметра"
"Enable Template Path Hints for Storefront","Омогућена помоћ путање шаблона за излог"
"Enable Template Path Hints for Admin","Омогућена помоћ путање шаблона за администратора"
"System Backup","Резервна копија система"
"Database and Media Backup","Базе података и резервне копија медија"
"Database Backup","Резервна копија базе података"
"The archive can be uncompressed with <a href=""%1"">%2</a> on Windows systems.","Архива може бити распаковани са <а хреф=""%1"">%2</а> на Wиндоwс системима."
"You need more permissions to activate maintenance mode right now.","Требају ти веће дозволе да бисте одмах активирали режим одржавања."
"To create the backup, please deselect ""Put store into maintenance mode"" or update your permissions.","Да бисте направили резервну копију, опозовите избор „Стави продавницу у режиму одржавања” или ажурирајте ваше дозволе."
"Something went wrong while putting your store into maintenance mode.","Дошло је до грешке при стављању ваше продавнице у режим одржавања."
"You need more free space to create a backup.","Потребно вам је више слободног простора за израду резервне копије."
"You need more permissions to create a backup.","Потребно вам је више дозвола за израду резервне копије."
"We can't create the backup right now.","Тренутно је немогуће креирати резервну копију."
Backups,"Резервне копије"
Backup,"Прављење резервне копије"
"We can't delete one or more backups.","Немогуће обрисате једну или више резервних копија."
failed,неуспешно
successful,успешно
"You deleted the selected backup(s).","Обрисали сте изабрану(е) резервну(е) копије."
"Can't load snapshot archive","Немогуће учитати архиву снимака"
"Please correct the password.","Молим исправите лозинку."
"To complete the rollback, please deselect ""Put store into maintenance mode"" or update your permissions.","Да бисте довршили враћање, опозовите избор „Стави продавницу у режиму одржавања” или ажурирајте ваше дозволе."
"We can't find the backup file.","Неможемо пронаћи фајл резервне копије."
"We can't connect to the FTP right now.","Тренутно се неможемо повезати на ФТП."
"Failed to validate FTP.","Неуспешна провера ФТП."
"You need more permissions to perform a rollback.","Потребно вам је више дозвола за извршавање враћања на претходно."
"Failed to rollback.","Неуспешно враћање на претходно."
Database,"База података"
"Database and Media","Базе података и медиј"
"System (excluding Media)","Систем (без медија)"
"You created the system backup.","Креирали сте резервну копију система."
"You created the system backup (excluding media).","Креирали сте резервну копију система (без медија)."
"You created the database and media backup.","Креирали сте резервне копије базе података и медија."
"You created the database backup.","Креирали сте резервне копије базе података."
"Please correct the order of creation for a new backup.","Молим вас исправите редослед креирања нове резервну копију."
"The backup file does not exist.","Резервна датотека не постоји."
"The backup file path was not specified.","Путања до датотеке резервне копије није наведена."
"The backup file ""%1"" does not exist.","Резервна копија „%1” не постоји."
"Sorry, but we cannot read from or write to backup file ""%1"".","Извини, али не може се променити садржај резервне датотеке „%1”."
"The backup file handler was unspecified.","Програм за читање садржаја резервне копије је неодређен."
"Something went wrong while writing to the backup file ""%1"".","Нешто је кренуло наопако при упису у резервну датотеку „%1”."
"We can't save the Cron expression.","Неможемо дачувати Црон израз."
"You will lose any data created since the backup was made, including admin users, customers and orders.","Изгуби ћете све податке направљене од када је направљена резервна копија, укључујући и податке о корисницима, купцима и поруџбинама."
"Are you sure you want to continue?","Да ли сте сигурни да желите да наставите?"
"This may take a few moments.","Ово би могло да потраје."
"Be sure your store is in maintenance mode during backup.","Буди сигуран да је твоја продавница у режиму одржавања током прављења резервне копије."
"Backup Name","Име резервне копије"
"Please use only letters (a-z or A-Z), numbers (0-9) or spaces in this field.","Молимо користите само слова (а-з или А-З), бројеве (0-9) или размаке у овом пољу."
"Maintenance mode","Режим Одржавања"
"Please put your store into maintenance mode during backup.","Молим вас, ставите ваше продавницу у режим одржавања за време израде резервне копије."
Exclude,Искључи
"Exclude media folder from backup","Изузми фасцикле медија из резервне копије"
"Please enter the password to confirm rollback.","Молимо вас да унесете лозинку ради потврде враћања на претходно стање."
"This action cannot be undone.","Ову акцију није могуће опозвати."
"User Password","Корисничка лозинка"
"Please put your store into maintenance mode during rollback processing.","Молим вас, ставите вашу продавницу у режим одржавања за време враћања на претходно стање."
FTP,ФТП
"Use FTP Connection","Користите ФТП везу"
"FTP credentials","Акредитиви за ФТП"
"FTP Host","ФТП Домаћин"
"FTP Login","ФТП пријава"
"FTP Password","ФТП лозинка"
"Magento root directory","Магенто коренски директоријум"
"Create Backup","Креирање резервне копије"
Rollback,"Враћање на претходно стање"
"Scheduled Backup Settings","Планирано прављење резервне копије"
"Enable Scheduled Backup","Омогући планирано прављење резервне копије"
"Backup Type","Тип резервне копије"
Frequency,Учесталост
"Maintenance Mode","Режим Одржавања"
"Are you sure you want to delete the selected backup(s)?","Сигурни сте да желите да избришете изабран(е) бацкуп(е)?"
Size(bytes),Величина(бyтес)
Type,Тип
Download,Преузимање
"Backup functionality is disabled","Позадинска функционалност није омогућена"
"Backup Settings","Позадинска подешавања"
"Enable Backup","Омогући бекап"
"Scheduled Backup Type","Заказани бакап тип"
"Disabled by default for security reasons","Онемогућен бy дефаулт фор сецуритy реасонс"
Banners,"Рекламни натписи"
"Add Banner","Додај рекламни натписи"
"Save Banner","Сачувај рекламни натписи"
"Delete Banner","Избришите рекламни натписи"
"Save and Continue Edit","Сачувај и настави уређивање"
"New Banner","Нови рекламни натпис"
"Default Content","Подразумевани садржај"
"No Default Content","Нема подразумеваног садржаја"
"Banner Default Content for All Store Views","Подразумевани садржај банера за све изгледе продавница"
"Store View Specific Content","Специфичан садржај приказа продавнице"
"Use Default","Користи подразумевано"
"Related Promotions","Сродне промоције"
Rule,Правило
"Start Date","Почетни датум"
"End Date","Крајњи датум"
"Banner Properties","Својства рекламног натписа"
"Banner Name","Име рекламног натписа"
Active,Активан
Inactive,Неактиван
"Applies To","Односи се на"
"Any Banner Type","Било која врста рекламног натписа"
"Specified Banner Types","Посебни типови рекламног натписа"
"Specify Types","Описати врсте"
"Banner Information","Информације о рекламним натписима"
Banner,"Рекламни натпис"
"Banner Type","Тип рекламног натписа"
Visibility,Видљивост
"Are you sure you want to delete these banners?","Јесте ли сигурни да желите да обришете ове рекламне натписе?"
"Related Banners","Сродни рекламни натписи"
Position,Позиција
"This rule no longer exists.","Ово правило се више не постоји."
"This banner does not exist.","Овај рекламни натпис више не постоји."
"You deleted the banner.","Обрисали сте овај рекламни натпис."
"Something went wrong while deleting banner data. Please review the action log and try again.","Дошло је до грешке приликом брисања података о рекламном натпису. Молимо погледајте дневник активности и покушајте поново."
"We cannot find a banner to delete.","Не може се пронаћи рекламни натпис за брисање."
"This banner no longer exists.","Овај рекламни натпис више не постоји."
"Edit Banner","Изменити рекламни натпис"
"Please select a banner(s).","Молимо изаберите рекламни натпис(е)."
"You deleted %1 record(s).","Избрисали сте %1 запис(а)."
"Something went wrong while mass-deleting banners. Please review the action log and try again.","Дошло је до грешке приликом масовног брисања рекламних натписа. Молимо погледајте дневник активности и покушајте поново."
"You saved the banner.","Сачували сте овај рекламни натпис."
"We cannot save the banner.","Овај рекламни натпис се не може сачувати."
"Please enter a name.","Молимо укуцајте назив."
"Please specify default content for at least one store view.","Навести подразумевани садржај за приказ барем једне продавнице."
"-- None --",--Ниједан--
"Related Cart Price Rules","Сродна правила колица цена"
"Related Catalog Price Rules","Сродна правила каталога цена"
"Content Area","Области са садржајем"
Footer,"Подножје странице"
Header,Заглавље
"Left Column","Лева колона"
"Right Column","Десна колона"
"Manage Banners","Управљање рекламним натписима"
"Banner Rotator","Ротатор рекламног натписа"
"Displays Specified or Promotion Banners","Приказује наведени или промовисани рекламни натпис"
"Banners to Display","Банери за приказ"
"Specified Banners","Посебни рекламни натписи"
"Shopping Cart Promotions Related","Повезане промоције куповине"
"Catalog Promotions Related","Повезане промоције по каталогу"
"Restrict by Banner Types","Ограничавање по врстама рекламног натписа"
"Rotation Mode","Режим ротације"
"Display all instead of rotating","Прикажите све, уместо ротирањем"
"One at the time, Random","Један по један, насумице"
"One at the time, Series","Један по један, поређано"
"One at the time, Shuffle","Један по један, насумице"
"Specify Banners","Наведите Банере"
"Banner Block Template","Блок шаблона банера"
"Banner Inline Template","Уметнут шаблон банера"
"Dynamic Blocks","Динамични Блокови"
"Add Dynamic Block","Додај Динамични Блок"
"Save Dynamic Block","Сачувај динамични блок"
"Delete Dynamic Block","Обриши Динамични Блок"
"New Dynamic Block","Нови Динамични Блок"
"Dynamic Block Default Content for All Store Views","Дефаулт Садржај за Приказ Продавнице"
"Dynamic Block Properties","Подаешавања Динамичног Блока"
"Dynamic Block Name","Назив Динамичног Блока"
"Any Dynamic Block Type","Било који тип Динамичног Блока"
"Specified Dynamic Block Types","Одређени тип Динамичног Блока"
"Dynamic Block Information","Информације Динамичног Блока"
"Dynamic Block","Динамични Блоков"
"Dynamic Block Type","Тип Динамичног Блока"
"Are you sure you want to delete these dynamic blocks?","Да ли сте сигурни да желите да обришете ове динамичне блокове?"
"Related Dynamic Blocks","Повезани Динамични Блокови"
"You deleted the dynamic block.","Обрисали сте динамични Блок."
"Something went wrong while deleting dynamic block data. Please review the action log and try again.","Дошло је до грешке приликом брисања података о динамичном блоку. Молимо погледајте дневник активности и покушајте поново."
"We cannot find a dynamic block to delete.","Неможемо пронаћи динамични блок за брисање."
"This dynamic block no longer exists.","Динамични блок више непостоји."
"Edit Dynamic Block","Уреди Динамични Блок"
"Please select a dynamic block(s).","Изабери динамични блок(ове)."
"Something went wrong while mass-deleting dynamic blocks. Please review the action log and try again.","Дошло је до грешке приликом брисања већег броја динамичних блокова. Молимо погледајте дневник активности и покушајте поново."
"This dynamic block does not exist.","Динамични блок више непостоји."
"You saved the dynamic block.","Сачували сте динамични Блок."
"We cannot save the dynamic block.","Не моћемо сачувати динамични блок."
"Manage Dynamic Blocks","Управљај Динамичним Блоковима"
"Dynamic Blocks Rotator","Ротатор Динамичних Блокова"
"Displays Specified or Promotion Dynamic Blocks","Приказује наведени или промовисани Динамични Блок"
"Dynamic Blocks to Display","Динамични Блок за Приказ"
"Specified Dynamic Blocks","Одређени тип Динамичног Блока"
"Restrict by Dynamic Block Types","Ограничено од стране типа Синамичног Блока"
"Specify Dynamic Blocks","Одреди Тип Динамичног Блока"
"Dynamic Block Template","Шаблон Динамичког Блока"
"Dynamic Block Inline Template","Линијски Шаблон Динамичног Блока"
"Status Label","Ознака статуса"
"General Information","Опште информације"
"Enable Dynamic Block","Омогући динамички блок"
"Use Default Value","Користите подразумеване вредности"
"Cart price rules allows you to setup promotions for items that are in the shopping cart.","Правила цена у корпи омогућавају да подешавате промоције за артикле који су у корпи."
"Add Cart Price Rules","Додај правила цена у корпи"
"Related Catalog Price Rule","Сродна правила каталога цена"
"Catalog price rules allows you to setup promotions for an items in catalog.","Правила цена каталога омогућавају вам да поставите промоције за артикле у каталогу."
Cancel,Откажи
"Add Selected","Додај одабране"
"Make sure that dynamic blocks rotator does not reference the dynamic block itself.","Проверите да ротатор динамичког блока не указује на сам динамички блок."
"Cart Price Rule Related","Правила Цена Повезане Корпе"
"Catalog Price Rule Related","Правила Цена Повезане Категорије"
"All Segments","Сви Сегменти"
"Customer Segment","Кориснички Сегмент"
"Allowed Credit Card Types","Дозвољене врсте кредитних картица"
"Add Rule","Додати правило"
"Braintree Settlement Report","Подешавање извештаја Браинтрее"
"Sorry, but something went wrong","Извините, дошло је до грешке"
"We can't initialize checkout.","Не можемо иницијализовати наплату."
"No authorization transaction to proceed capture.","Нема ауторизоване трансакције за наставак прихватања."
"Transaction is successful.","Трансакција је успела."
"Braintree error response.","Одговор грешка Браинтрее."
"Payment method nonce can't be retrieved.","Тренутни начин плаћања није могуће преузети."
"Wrong transaction status","Непознат статус трансакције"
Authorize,Одобрити
"Credit Card","Кредитна Картица"
ending,крајњи
expires,истиче
PayPal,Пејпал
"Please agree to all the terms and conditions before placing the order.","Молимо пристаните на сва правила и услове пре наруџбине."
"Transaction was failed.","Трансакција није успела."
"Please, enter valid Credit Card Number","Молимо унесите важећи број кредитне картице"
"Please, enter valid Expiration Date","Молимо унесите важећи датум истека"
"Please, enter valid Card Verification Number","Молимо унесите важећи број за верификацију кредитне картице"
"Are you sure you want to delete this PayPal account","Да ли сте сигурни да желите да обришете овај ПаyПал налог"
"PayPal Account","ПаyПал налог"
"PayPal Logo","Пејпал лого"
"Credit Card Information","Информације о кредитној картици"
"Save for later use.","Сачувати за каснију употребу."
"This payment is not available","Ово плаћање није расположиво"
"Please try again with another form of payment.","Покушајте поново са другим обликом плаћања."
"Sorry, but something went wrong.","Извините, дошло је до грешке."
"Payment ","Плаћање "
"Credit card type is not accepted by this merchant account.","Начин плаћања није прихваћен на овом налогу продавца."
"Transaction can only be voided if status is authorized, submitted_for_settlement, or - for PayPal - settlement_pending.","Трансакција може бити поништена само када је статус ауторизован, субмиттед_фор_сеттлемент, или -за ПаyПал - сеттлемент_пендинг."
"Credit transactions cannot be refunded.","Кредитне транскације не могу бити рефундиране."
"Cannot refund a transaction unless it is settled.","Не може рефунд а трансацтион унлесс ит ис сеттлед."
"Cannot submit for settlement unless status is authorized.","Не може субмит фор сеттлемент унлесс статус ис аутхоризед."
"Customer does not have any credit cards.","Купац доес нот хаве анy цредит цардс."
"Transaction has already been completely refunded.","Трансакција је већ у потпуности рефундирана."
"Payment instrument type is not accepted by this merchant account.","Начин плаћања није прихваћен на овом налогу продавца."
"Processor authorization code cannot be set unless for a voice authorization.","Процессор аутхоризатион цоде не може бе сет унлесс фор а воице аутхоризатион."
"Refund amount is too large.","Износ рефундирања је превелик."
"Settlement amount is too large.","Износ поравнања је превелики."
"Cannot provide a billing address unless also providing a credit card.","Не може провиде а биллинг аддресс унлесс алсо провидинг а цредит цард."
"Cannot refund a transaction with a suspended merchant account.","Не може се рефундирати трансакција са суспендованог налога продавца."
"Merchant account does not support refunds.","Налог продавца не подржава рефундирање."
"Cannot refund a transaction transaction in settling status on this merchant account. Try again after the transaction has settled.","Није могуће рефундирати трансакцију у овом статусу на овом налогу продавца. Покушајте поново након исплате трансакције."
"PayPal is not enabled for your merchant account.","ПаyПал није омогућен на вашем налогу продавнице."
"Partial settlements are not supported by this processor.","Делимична плаћања нису подржана."
"Cannot submit for partial settlement.","Не можете делимично платити."
"Transaction can not be voided if status of a PayPal partial settlement child transaction is settlement_pending.","Трансакције не могу бити поништене ако статус ПаyПал парцијалног плаћања подтрансакције је сеттлемент_пендинг."
"Too many concurrent attempts to refund this transaction. Try again later.","Превише конкурентних покушаја за рефундацију ове трансакције. Покушајте касније."
"Too many concurrent attempts to void this transaction. Try again later.","Превише конкурентних покушаја за поништење ове трансакције. Покушајте касније."
"Accept credit/debit cards and PayPal in your Magento store.<br/>No setup or monthly fees and your customers never leave your store to complete the purchase.","Прихватите кредитне/дебитне картице и ПаyПал у продавници Магенто.<бр/>Нема накнаде за инсталацију или месечних трошкова и ваши купци никада неће напустити вашу продавницу да би довршили куповину."
"Enable this Solution","Омогућити ово решење"
"Enable PayPal through Braintree","Омогући ПаyПал кроз Браинтрее"
"Vault Enabled","Трезор омогућен"
"Basic Braintree Settings","Основне поставке Браинтрее"
"Merchant ID","ИД трговца"
"Public Key","Јавни кључ"
"Private Key","Приватни кључ"
"Advanced Braintree Settings","Напредно подешавање Браинтрее"
"Vault Title","Назив трезора"
"Merchant Account ID","ИД трговачког налога"
"Advanced Fraud Protection","Напредна заштита од преваре"
"Kount Merchant ID","Трговачки ИД број"
"CVV Verification","ЦВВ верификација"
"Country Specific Settings","Специфичне поставке земље"
"Country Specific Credit Card Types","Типови кредитне картице одређене земље"
"PayPal through Braintree","Омогући ПаyПал кроз Браинтрее"
"Override Merchant Name","Прескоћи име трговца"
"Require Customer's Billing Address","Захтевај адресу купца за рачун"
"Allow to Edit Shipping Address Entered During Checkout on PayPal Side","Дозволи уређивање адресе за испоруку током плаћање на страници ПаyПал-а"
"Display on Shopping Cart","Прикажи у корпи са купљеним артиклима"
"Skip Order Review","Прескоћи преглед поруџбине"
"3D Secure Verification Settings","3Д подешавање сигурности провере"
"3D Secure Verification","3Д сигурносна провера"
"Threshold Amount","Праг рачуна"
"Verify for Applicable Countries","Проверити да ли је применљиво за државе"
"Verify for Specific Countries","Провери за одређене државе"
"Dynamic Descriptors","Динамички описи"
Phone,Телефон
URL,УРЛ
"CVV is required.","ЦВВ је обавезно."
"CVV must be 4 digits for American Express and 3 digits for other card types.","ЦВВ мора садржати 4 цифре за Америцан Еxпресс и 3 цифре за друге картице."
"Expiration date is required.","Еxпиратион дате је обавезно."
"Expiration date is invalid.","Еxпиратион дате ис неисправан."
"Expiration year is invalid. It must be between 1975 and 2201.","Година истека је неисправна. Мора бити година између 1975 и 2201."
"Expiration month is invalid.","Еxпиратион монтх ис неисправан."
"Expiration year is invalid.","Еxпиратион yеар ис неисправан."
"Credit card number is required.","Цредит цард нумбер је обавезно."
"Credit card number is invalid.","Број кредитне картице је инвалидан."
"CVV verification failed.","Неуспешна ЦВВ верификација."
"Postal code verification failed.","Неуспешна верификација поштанског броја."
"Credit card number is prohibited.","Број кредитне картице је забрањен."
"Addresses must have at least one field filled in.","Барем једно поље у делу адресе мора бити попуњено."
"Company is too long.","Компанија ис тоо лонг."
"First name is too long.","Први наме ис тоо лонг."
"Last name is too long.","Презиме је предугачко."
"Locality is too long.","Локација је предугачка."
"Postal code is required.","Постал цоде је обавезно."
"Region is too long.","Регион је предугачак."
"Street address is required.","Стреет аддресс је обавезно."
"Street address is too long.","Адреса је предугачка."
"Postal code can only contain letters, numbers, spaces, and hyphens.","Поштански број може да садржи слова, бројеве, размак, и знакове интерпукције."
"US state codes must be two characters to meet PayPal Seller Protection requirements.","УС кодови државе морају бити најмање 2 карактера како би удовољили ПаyПал Селлер Протецтион захтевима."
"Incomplete PayPal account information.","Непотпуне ПаyПал информације о налогу."
"Invalid PayPal account information.","Нетачне ПаyПал информације о налогу."
"PayPal Accounts are not accepted by this merchant account.","ПаyПал налози нису прихваћени на овом налогу продавца."
"Billing address format is invalid.","Формат адресе за наплату је неисправан."
"Country name is not an accepted country.","Земља наме ис нот ан аццептед цоунтрy."
"Country code is not accepted. Please contact the store administrator.","Код државе није прихваћен. Молимо контактирајте администратора продавнице."
"Provided country information is inconsistent.","Подаци о државама нису доследни."
"Customer has already reached the maximum of 50 addresses.","Корисник је већ искористио максималних 50 адреса."
"Address is invalid. Please contact the store administrator.","Адреса није исправна. Молимо контактирајте администратора продавнице."
"Error communicating with PayPal.","Дошло је до грешке приликом комуникације са ПаyПал."
"PayPal authentication expired.","ПаyПал аутентикација је истекла."
"Error executing PayPal order.","Дошло је до грешке приликом извршавања ПаyПал поруџбине."
"Error executing PayPal billing agreement.","Грешка приликом извршавања споразума за наплату преко ПаyПал-а."
"Apply filters in order to get results. Only first 100 records will be displayed in the grid, you will be able to download full version of the report in .csv format.","Примените филтере да бисте добили резултате. Само првих 100 записа ће бити приказано у табели, а вама ће бити омогућено да преузмете пун извештај у .цсв формату."
Select...,Изабрати...
"Transaction Type","Врста трансакције"
"Payment Type","Врста плаћања"
"PayPal Payment ID","ИД ПаyПал плаћања"
"Created At",Креирано
"Transaction ID","ИД трансакције"
"Order ID","ИД поруџбине"
Amount,Износ
"Settlement Code","Шифра града"
"Settlement Response Text","Текст за судско поравнање"
"Refund Ids","Ид-ови за поврат новца"
"Settlement Batch ID","ИД подметнутог поравнања"
Month,Месец
Year,Година
"Credit card successfully added","Цредит цард успешно аддед"
"Something went wrong while saving the card.","Нешто није у реду wхиле савинг тхе цард."
"Credit card does not exist","Цредит цард не постоји"
"Delete Credit Card","Обриши Цредит Цард"
"Credit card successfully deleted","Цредит цард успешно делетед"
"Edit Credit Card","Измени Цредит Цард"
"My Credit Cards","Моје Кредитне Картице"
"New Credit Card","Ново Цредит Цард"
"We can't place the order.","Не можемо потврдити ову поруџбину."
"Incorrect payment method.","Нетачан паyмент метход."
"We can't initialize checkout review.","Не можемо иницијализовати преглед наплате."
"Transaction declined: ","Трансацтион децлинед:"
"The processor responded with an unknown error","Тхе процессор респондед wитх ан непознат еррор"
"Please try again later","Покушајте поново латер"
"Please wait 24 hours before trying to issue a partial refund.","Сачекајте 24 хоурс бефоре трyинг то иссуе а партиал рефунд."
"Some transactions are already settled or voided and cannot be voided.","Соме трансацтионс аре алреадy сеттлед ор воидед анд не може бе воидед."
Invoice,Фактура
Shipment,Пошиљка
"Invalid Customer ID provided","Неисправан Купац ИД провидед"
"some error","нека грешка"
"Something went wrong while processing.","Нешто није у реду wхиле процессинг."
"Payment Information","Информације о Плаћању"
"Add new card","Додај неw цард"
"Save this card for future use","Сачувај тхис цард фор футуре усе"
or,или
"Please confirm that you want to delete this credit card","Плеасе цонфирм тхат желите да делете тхис цредит цард"
"Cardholder Name","Цардхолдер Назив"
"* Required Fields","* Обавезна поља"
"Make Default","Маке Подразумевано"
"Billing Address","Адреса за фактурисање"
Company,Компанија
Address,Адреса
State/Province,Држава
"Please select region, state or province","Молимо изаберите регион, стате ор провинце"
"Zip/Postal Code","Поштански број"
"Add Credit Card","Додај Цредит Цард"
"Is Default","Је подразумевано"
"An error occured with payment processing.","Дошло је до грешке wитх паyмент процессинг."
"Allow Duplicate Cards","Дозволи Дуплицате Цардс"
"Enable Credit Card auto-detection on Storefront","Омогући Цредит Цард ауто-детецтион он Сторефронт"
"Use Cache","Усе Кеш"
"Edit My Credit Cards","Измени Мy Цредит Цардс"
"Pay with PayPal","Платите преко ПаyПал"
"Transaction is cancelled offline.","Трансакција је угашена оффлине."
"If you don't specify the merchant account to use to process a transaction, Braintree will process it using your default merchant account.","Уколико не дефинишете налог продавца који ће се користити за процесирање трансакције, Браинтрее ће прецесирати користећи ваш подразумевани налог продавца."
"Be sure to Enable Advanced Fraud Protection in Your Braintree Account in Settings/Processing Section","Бе суре то Омогући Адванцед Фрауд Протецтион ин Yоур Браинтрее Налог ин Подешавања/Обрађује се Сецтион"
"Used for direct fraud tool integration. Make sure you also contact <a href=""mailto:accounts@braintreepayments.com"">accounts@braintreepayments.com</a> to setup your Kount account.","Користи се за интеграцију са директним алатом за спречавање превара. Уверите се да сте контактирали <а хреф=""маилто:аццоунтс@браинтреепаyментс.цом"">аццоунтс@браинтреепаyментс.цом</а> да бисте подесили ваш Коунт налог."
"Be sure to Enable AVS and/or CVV in Your Braintree Account in Settings/Processing Section.","Будите сигурни да сте омогучили АВС и/или ЦВВ у Вашем Браинтрее налогу у подешавањима."
"It is recommended to set this value to ""PayPal"" per store views.","Препоручено је да подесите вредност за ""ПаyПал"" за преглед странице."
"This feature needs be enabled first for the merchant account through PayPal technical support.","Ова опција мора бити омогућена прво за налог продавца преко ПаyПал техничке подршке."
"Also affects mini-shopping cart.","Такође утиче и мини схоппинг карта."
"Dynamic descriptors are sent on a per-transaction basis and define what will appear on your customers credit card statements for a specific purchase.
                            The clearer the description of your product, the less likely customers will issue chargebacks due to confusion or non-recognition.
                            Dynamic descriptors are not enabled on all accounts by default. If you receive a validation error of 92203 or if your dynamic descriptors are not displaying as expected,
                            please <a href=""mailto:support@getbraintree.com"">Braintree Support</a>.","Динамички описи су послати за пер-трансакције основе и дефинишу шта ће се приказати на извештајима корисничких кредитних картица за одређене куповине.
                            Што је јаснији опис производа, мање су шансе да ће купци тражити поврат због грешке или нејасноћа.
                            Динамички описи нису аутоматски омогућени на свим налозима. Уколико добијете валидациону грешку 92203 или се ваши описи не приказују како сте очекивали,
                            молимо контактирајте <а хреф=""маилто:суппорт@гетбраинтрее.цом""> Браинтрее Суппорт</а>."
"The value in the business name field of a customer's statement. Company name/DBA section must be either 3, 7 or 12 characters
                                and the product descriptor can be up to 18, 14, or 9 characters respectively (with an * in between for a total descriptor name of 22 characters).","Вредност у пословном називу поља корисниковог плаћања. Назив фирме/ДБА део мора садржати 3, 7 или 12 карактера
                                а опис производа може садржати до 18, 14, или 9 карактера (са * између за назив описа од 22 карактера)."
"The value in the phone number field of a customer's statement. Phone must be 10-14 characters and can only contain numbers, dashes, parentheses and periods.","Вредност у пољу са телефонским бројем у изјави купца. Број може садржати 10-14 карактера који могу бити само бројеви, размаци, заграде и тачке."
"The value in the URL/web address field of a customer's statement. The URL must be 13 characters or shorter.","Вредност у пољу УРЛ/wеб адреса у изјави купца. УРЛ може садржати највише 13 карактера."
"The Payment Token is not available to perform the request.","Токен за плаћање није доступан да изврши захтев."
"Checkout failed to initialize. Verify and try again.","Неуспешно плаћање. Проверите и покушајте поново."
"The order wasn't placed. First, agree to the terms and conditions, then try placing your order again.","Поруџбина није довршена. Прво се сложите са условима, а затим довршите своју поруџбину."
"Paypal account","ПаyПал налог"
"Coinbase account","Цоинбасе рачун"
"Europe bank account","Рачун у банци у Европи"
"Credit card","Кредитна картица"
"Apple pay card","Аппле платна картица"
"Android pay card","Андроид платна картица"
"Authorization expired","Одорење је истекло"
Authorizing,Одобравање
Authorized,Одобрен
"Gateway rejected","Пролаз је одбацио"
Failed,"Није успело"
"Processor declined","Обрада је одбила"
Settled,Договорено
Settling,Решавања
"Submitted for settlement","Пријављен за договор"
Voided,Поништен
Unrecognized,"Није препознат"
"Settlement declined","Договор одбијен"
"Settlement pending","Договор на чекању"
"Settlement confirmed","Договор потврђен"
Sale,Продаја
Credit,Кредит
"Vault enabled","Трезор омогућен"
"Percent Discount","Проценат попуста"
"-- Select --",--Изаберите--
Dynamic,Динамички
Fixed,Фиксно
"Create New Option","Креирајте нову опцију"
"Bundle Items","Артикли у пакету"
"Add Products to Option","Додати опције за производе"
"Delete Option","Опција брисања"
"What are you looking for?","Шта тражите?"
"There is no defined renderer for ""%1"" option type.","Нема дефинисаних пружених услуга за опцију типа „%1”."
"Only implemented for bundle product","Применљиво је само за пакет производа"
"Product with specified sku: ""%1"" is not a bundle product","Производ са одређеном шифром ""%1"" није производ у пакету"
"Bundle product could not contain another composite product","Пакет производ не садржи други сложен производ"
"Id field of product link is required","Ид поље линк производа је обавезан"
"Can not find product link with id ""%1""","Не може се пронаћи линк са ид ''%1''"
"Could not save child: ""%1""","Не може се сачувати веза: ""%1"""
"Product with specified sku: ""%1"" does not contain option: ""%2""","Производ са наведеном шифром: „%1” не садржи опцију: „%2”"
"Child with specified sku: ""%1"" already assigned to product: ""%2""","Дете са наведеном шифром: ""%1"" је већ додељен производу: ""%2"""
"Product with specified sku: %1 is not a bundle product","Производ са наведеном шифром ""%1"" није пакет прозвод"
"Requested bundle option product doesn't exist","Реqуестед бундле оптион продуцт не постоји"
"%fieldName is a required field.","%фиелд назив је обавезно поље."
"Requested option doesn't exist","Реqуестед оптион не постоји"
"Cannot delete option with id %1","Није могуће избрисати опцију са ид %1"
"Could not save option","Не може сачувати опцију"
"Price Range","Ценовни ранг"
"As Low as",Снижење
Together,Заједно
Separately,Посебно
"Please specify product option(s).","Молим вас да наведете опцију(е) производа."
"The options you selected are not available.","Опције које сте изабрали нису доступне."
"The required options you selected are not available.","Обавезне опције које сте изабрали нису доступне."
"Please select all required options.","Молимо изаберите све обавезне опције."
"We can't add this item to your shopping cart right now.","Тренутно овај производ није могуц́е додати у вашу корпу."
N/A,"Н/А - није доступно"
Percent,Проценат
"We can't save custom-defined options for bundles with dynamic pricing.","Ми не можемо да сачувамо кориснички прилагођене опције за пакете са динамичким ценама."
"Add Selected Products","Додати изабране производе"
"Add Option","Додати опцију"
"New Option","Нова опција"
"Option Title","Назив опције"
"Default Title","Подразумевани наслов"
"Store View Title","Наслов изгледа продавнице"
"Input Type","Врста уноса"
Drop-down,Падајуће
"Radio Buttons","Радио дугмићи"
Checkbox,"Поље за потврду"
"Multiple Select","Избор више ставки"
Required,Обавезно
"Default Quantity","Подразумевана количина"
"User Defined","Кориснички дефинисане"
"Price Type","Врсту цена"
Quantity:,Количина:
"Choose a selection...","Одаберите селекцију..."
"Ship Bundle Items","Испорука артикала у пакету"
"There are no products in this option.","Нема производа у листи опција."
Default,Подразумевани
Ordered,Порућено
Invoiced,Фактура
Shipped,Испоручено
Refunded,"Повраћен новац"
Canceled,Отказано
"As low as",Снижење
"Regular Price","Редовна цена"
"Buy %1 with %2 discount each","Купи %1 са %2 попустом за сваки"
"Go back to product details","Врати се на детаље о производу"
"Customize and Add to Cart","Прилагоди и Додај у корпу"
"Your Customization","Ваше прилагођавање"
Availability,Доступност
"In stock","На стању"
"Out of stock","Нема на лагеру"
Availability:,Доступност:
"Customize %1","Прилагоди %1"
"No options of this product are available.","Ни једна опција за овај производ није доступна."
"Gift Message","Поклон порука"
From:,Од:
To:,За:
Message:,Порука:
"Product Name","Назив производа"
"Discount Amount","Износ попуста"
"Row Total","Ред укупно"
"Qty Invoiced","Фактурисана кол."
"Qty Shipped","Испоручена кол."
"Add Products to New Option","Додавање производа у нову опцију"
"Add Products to Option ""%1""","Додавање производа на опцију „%1”"
"Special Price","Посебна цена"
"This is implemented for bundle products only.","Ово је примењиво само за пакет производе."
"The product with the ""%1"" SKU isn't a bundle product.","Производ са ""%1"" СКУ није груписани производ."
"The bundle product can't contain another composite product.","Пакет производ не може садржати други сложени производ."
"The product link needs an ID field entered. Enter and try again.","За линк производа је потребно унети ИД поље. Унеси и покушај поново."
"The product link with the ""%1"" ID field wasn't found. Verify the ID and try again.","Линк производа са ""%1"" ИД пољем није пронађен. Верификујте ИД и покушајте поново."
"The bundle product doesn't exist. Review your request and try again.","Пакет производ не постоји. Проверите свој захтев и покушајте поново."
"The option that was requested doesn't exist. Verify the entity and try again.","Тражена опција не постоји. Проверите ентитет и покушајте поново."
"The option couldn't be saved.","Опција није могла бити сачувана."
"""%fieldName"" is required. Enter and try again.","""%имеПоља"" је обавезно. Унесите и пробајте поново."
"The option with ""%1"" ID can't be deleted.","Опцију са ""%1"" ИД није могуће обрисати."
"""option_id"" and ""parent_id"" values should be specified","Вредности ""оптион_ид"" и ""парент_ид"" треба да буду наведене"
"""sku"" value should be specified","Вредност ""ску"" треба да буде наведена"
"Unique constraint violation found","Пронађено је јединствено кршење ограничења"
Always,Увек
"After number of attempts to login","Након броја покушаја да се пријави"
"Provided form does not exist","Наведени образац не постоји"
"Incorrect CAPTCHA","Неисправна ЦАПТЦХА"
"Incorrect CAPTCHA.","Неисправна ЦАПТЦХА."
"The account is locked. Please wait and try again or contact %1.","Овај налог је закључан. Молимо сачекајте и покушајте поново или спојите %1."
"Please enter the letters and numbers from the image","Молимо унесите слова и бројеве са слике"
"<strong>Attention</strong>: Captcha is case sensitive.","<стронг>Пажња</стронг>: Цаптцха је осетљива на мала и велика слова."
"Reload captcha","Освежи цаптцха код"
"Please type the letters and numbers below","Молимо укуцајте слова и бројеве испод"
"Attention: Captcha is case sensitive.","Пажња: Цаптцха је осетљива на мала и велика слова."
"Enable CAPTCHA in Admin","Омогући унесите ЦАПТЦХА у Админу"
Forms,Форме
"Displaying Mode","Режим приказа"
"Number of Unsuccessful Attempts to Login","Број неуспешних покушаја да за пријављивање"
"If 0 is specified, CAPTCHA on the Login form will be always available.","Ако је 0 дефинисана, ЦАПТЦХА на форми за логовање ће увек бити доступна."
"CAPTCHA Timeout (minutes)","ЦАПТЦХА је истекла (минути)"
"Number of Symbols","Број симбола"
"Please specify 8 symbols at the most. Range allowed (e.g. 3-5)","Молимо навести највише 8 симбола. Распон довољен (на пример 3-5)"
"Symbols Used in CAPTCHA","Симболи коришћени у ЦАПТЦХА"
"Please use only letters (a-z or A-Z) or numbers (0-9) in this field. No spaces or other characters are allowed.<br />Similar looking characters (e.g. ""i"", ""l"", ""1"") decrease chance of correct recognition by customer.","Молимо користити само слова (а-з или А-З) или бројеве (0-9) у овом пољу. Прореди или други карактери нису дозвољени.<бр />Карактери који су слични (нпр. ""и"", ""л"", ""1"") смањују могућност правилног препознавања од стране купца."
"Case Sensitive","Осетљиво на велика и мала слова"
"Enable CAPTCHA on Storefront","Омогући ЦАПТЦХА у продавници"
"CAPTCHA for ""Create user"" and ""Forgot password"" forms is always enabled if chosen.","ЦАПТЦХА за ""Креирај корисника"" и ""Заборављена шифра"" форме је увек одобрена, ако је изабрана."
"Please enter the letters from the image","Молимо унесите слова са слике"
"Please type the letters below","Откуцајте слова испод"
Root,Почетак
"Use Config Settings","Користи конфигурациона подешавања"
"Use All Available Attributes","Користи све расположиве атрибуте"
"Add Subcategory","Додати подкатегорију"
"Add Root Category","Додавање категорије корен"
Day,Дан
"<label class=""label""><span>from</span></label>","<лабел цласс=""лабел""><спан>од</спан></лабел>"
"<label class=""label""><span>to</span></label>","<лабел цласс=""лабел""><спан>за</спан></лабел>"
"[STORE VIEW]","[ПРИКАЗ ПРОДАВНИЦЕ]"
"WYSIWYG Editor","Едитор Шта видиш то добијеш"
"Add Product","Додај Производ"
"Product Attributes","Атрибути производа"
"Add New Attribute","Додавање нових атрибута"
"Save Attribute","Сачувати атрибут"
"Save in New Attribute Set","Сачувати у нови комплет атрибута"
"Enter Name for New Attribute Set","Унесите име за нови комплет атрибута"
"Delete Attribute","Избрисати атрибут"
"Edit Product Attribute ""%1""","Уређивање производа атрибут „%1”"
"New Product Attribute","Нови атрибути производа"
"Advanced Attribute Properties","Својства напредних атрибута"
"Attribute Code","Код атрибута"
"This is used internally. Make sure you don't use spaces or more than %1 symbols.","Користи се интерно. Не користите размак или више од %1 симбола."
"Default Value","Подразумеване вредности"
"Unique Value","Јединствена вредност"
"Unique Value (not shared with other products)","Јединствена вредност (не дели се са другим производима)"
"Not shared with other products.","Не дели се са другим производима."
"Input Validation for Store Owner","Улазна валидност за власника радње"
"Add to Column Options","Додавање опције колоне"
"Select ""Yes"" to add this attribute to the list of column options in the product grid.","Изаберите опцију „Да” да бисте додали овај атрибут листу опција колоне у таблици производа."
"Use in Filter Options","Користи опције у филтеру"
"Select ""Yes"" to add this attribute to the list of filter options in the product grid.","Изаберите опцију „Да” да бисте додали овај атрибут листи опција филтера у таблици производа."
Website,"Wеб сајт"
Global,Глобално
Scope,Опсег
"Declare attribute value saving scope.","Деклариши вредност атрибута чувања опсега."
"Storefront Properties","Особине излога продавнице"
"Use in Search","Користити у претрази"
"Visible in Advanced Search","Видљиво у напредној претрази"
"Comparable on Storefront","Упоредиво на излогу продавнице"
"Use for Promo Rule Conditions","Користи за услове Промо правила"
"Enable WYSIWYG","Омогућити – WYСИWYГ"
"Allow HTML Tags on Storefront","Дозволи ХТМЛ ознаке на излогу"
"Visible on Catalog Pages on Storefront","Видљиво на страницама излог каталога"
"Used in Product Listing","Користи се у листингу производа"
"Depends on design theme.","Зависи од дизајна теме."
"Used for Sorting in Product Listing","Користе се за сортирање у листингу производа"
"Media Image","Слика медија"
Gallery,Галерија
"System Properties","Особине система"
"Data Type for Saving in Database","Тип података за чување у бази података"
Text,Текст
Varchar,Варцхар
Static,Статички
Datetime,"Датум И време"
Decimal,"Децимални број"
Integer,"Цео број"
"Globally Editable","Глобално се може уређивати"
"Attribute Information","Атрибут информације"
Properties,Својства
"Manage Labels","Управљање ознакама"
Visible,Видљиво
Searchable,"Могу се претраживати"
Comparable,Упоредиво
"Delete Selected Group","Избриши изабране групе"
"You are about to delete all products in this attribute set. Are you sure you want to do that?","Ако наставите, избрисаћете све производе у овом скупу атрибута. Сигурни сте да желите то урадити?"
"New Set Name","Нов скуп имена"
"Edit Attribute Set '%1'","Уређивање скупа атрибута „%1”"
Empty,Празно
"Add Attribute","Додај атрибут"
"Add New Group","Додавање нове групе"
"Add Group","Додај групу"
"Edit Attribute Set Name","Уређивање скупа атрибута имена „%1”"
"For internal use","За интерну употребу"
"Based On","Засновано На"
"Add New Attribute Set","Додај нови скуп атрибута"
"Add Attribute Set","Додај скуп атрибута"
"Attribute Sets","Атрибути скупа"
"Close Window","Затвори прозор"
"New Product","Нови производ"
"Save & Edit","Чување и уређивање"
"Save & New","Сачувај и ново"
"Save & Duplicate","Сачувај & дуплирај"
"Save & Close","Сачувај и затвори"
Change,Промена
"Advanced Inventory","Напредне залиха"
Websites,"Wеб странице"
"Products Information","Информације о производима"
"Create Category","Направи категорију"
"Category Name","Назив категорије"
"Parent Category","Матична категорија"
"If there are no custom parent categories, please use the default parent category. You can reassign the category at any time in <a href=""%1"" target=""_blank"">Products > Categories</a>.","Ако не постоје прилагођене надређене категорије, молимо користите подразумеване надређене категорије. Можете је у било ком тренутку поново доделити у <а хреф=""%1"" таргет=""_бланк"">Производи ></а> Категорије."
"Price Alert Subscriptions","Претплата на упозорење цене"
"Stock Alert Subscriptions","Претплата на упозорење акције"
"There are no customers for this alert.","Нема корисника за ово упозорење."
"Subscribe Date","Датум претплате"
"Last Notified","Последњи пут обавештени"
"Send Count","Послати број"
"New Attribute","Нови атрибут"
"Attribute Set","Скуп атрибута"
"Add New Option","Додати нову опцију"
"Import Options","Увоз опција"
Import,Увести
"Add New Row","Додавање новог реда"
"Delete Row","Брисање реда"
"Tier Pricing","Ценовник за слој"
"Default Price","Подразумевана цена"
"ALL GROUPS","СВЕ ГРУПЕ"
"Add Price","Додавање цена"
"Default Values","Подразумеване вредности"
"Related Products","Слични производи"
Up-sells,Уп-продаје
Cross-sells,Цросс-продаје
"Size for %1","Величина за %1"
"Watermark File for %1","Водени жиг датотеку за %1"
"Position of Watermark for %1","Положај водени жиг за %1"
"Name in %1","Име у %1"
"Change Status","Промена статуса"
"Update Attributes","Ажурирати атрибуте"
"start typing to search category","почните да куцате за претрагу категорија"
"New Category","Нова Категорија"
"Add New Images","Додати нове слике"
"Inc. Tax","Износ са Пдв"
"Does this have a weight?","Да ли ово има тежину?"
"Notify Low Stock RSS","Пријави малу количину на стању РСС"
"Low Stock Products","Ниско стање производа"
"%1 has reached a quantity of %2.","%1 је достигао количину од %2."
"Go to Home Page","Иди на почетну страницу"
"Subscribe to RSS Feed","Пријави се на РСС Феед"
"Products Comparison List","Листа производа за поређење"
AM,"Пре подне"
PM,"После подне"
"New Products from %1","Нови производи од %1"
"New Products","Нови производи"
"%1 - Special Products","%1 - специјални производи"
"Click for price","Кликните за цену"
"Special Expires On: %1","Специјална понуда истиче: %1"
"Price: %1","Цена: %1"
"Special Price: %1","Посебна цена: %1"
"Special Products","Специјални производи"
"Manage Catalog Categories","Управљање каталогом категорија"
"Manage Categories","Управљање категоријама"
"You deleted the category.","Обрисали сте категорију."
"Something went wrong while trying to delete the category.","Дошло је до грешке приликом брисања категорије."
Categories,Категорије
"Category is not available for requested store.","Категорија није доступна за тражену продавницу."
"There was a category move error.","Дошло је до грешке при померању категорије."
"You moved the category.","Преместили сте категорију."
"Attribute ""%1"" is required.","Атрибут ""%1"" је обавезан."
"You saved the category.","Сачували сте категорију."
"Something went wrong while saving the category.","Дошло је до грешке приликом снимања категорије."
"Please select products for attributes update.","Одаберите производе за ажурирање атрибута."
"Please make sure to define SKU values for all processed products.","Уверите се да сте дефинисали вредност шифри за све обрађене производе."
"A total of %1 record(s) were updated.","Укупно %1 запис(а) је ажурирано."
"Something went wrong while updating the product(s) attributes.","Дошло је до грешке приликом ажурирања атрибута производ(а)."
"Unable to add attribute","Није могуће додати атрибут"
"Please, specify attributes","Молимо, навести атрибуте"
"Manage Product Attributes","Управљање атрибутима производа"
"We can't delete the attribute.","Не можете обрисати атрибут."
"You deleted the product attribute.","Избрисали сте атрибут производа."
"We can't find an attribute to delete.","Не можемо пронаћи атрибуте за брисање."
"This attribute no longer exists.","Овај атрибут више не постоји."
"This attribute cannot be edited.","Овај атрибут се не може изменити."
"Edit Product Attribute","Изменити атрибут производа"
"An attribute set named '%1' already exists.","Једна група атрибута под називом '%1' већ постоји."
"Something went wrong while saving the attribute.","Дошло је до грешке приликом снимања атрибута."
"Attribute code ""%1"" is invalid. Please use only letters (a-z), numbers (0-9) or underscore(_) in this field, first character should be a letter.","Шифра атрибут „%1” је неважећа. Молимо вас да користите само слова (а-з), бројеве (0-9) или доњу црту (_) у овом пољу, први знак треба да буде слово."
"We can't update the attribute.","Не можемо ажурирати атрибут."
"You saved the product attribute.","Сачували сте атрибут производа."
"An attribute with this code already exists.","Атрибут са овим кодом већ постоји."
"An attribute with the same code (%1) already exists.","Атрибут са истим кодом (%1) већ постоји."
"The value of Admin must be unique.","Вредност атрибута Админ мора бити јединствен."
"The value of Admin scope can't be empty.","Вредност админ подручја не може бити празно."
"You duplicated the product.","Дуплирали сте производ."
"This product doesn't exist.","Овај производ не постоји."
"Invalid product id. Should be numeric value greater than 0","Неважећи ид производа. Мора бити број већи од 0"
"A group with the same name already exists.","Група са истим називом већ постоји."
"Something went wrong while saving this group.","Дошло је до грешке приликом снимања атрибута."
"A total of %1 record(s) have been deleted.","Укупно %1 запис(а) је уклоњено."
"A total of %1 record(s) have been updated.","Укупно %1 запис(а) је промењено."
"Something went wrong while updating the product(s) status.","Дошло је до грешке приликом ажурирања статуса производ(а)."
"Unable to save product","Производ се не може сачувати"
"You saved the product.","Сачували сте производ."
"SKU for product %1 has been changed to %2.","Шифра за производ %1 се променила на %2."
"The image cannot be removed as it has been assigned to the other image role","Слика није могла бити уклоњена зато што је додељена другом правилу"
"New Attribute Set","Нови скуп атрибута"
"The attribute set has been removed.","Скуп атрибута је уклоњен."
"We can't delete this set right now.","Тренутно не можемо да обришемо овај скуп."
"New Set","Нови комплет"
"Manage Product Sets","Управљање скупом производа"
"Manage Attribute Sets","Управљање скупом атрибута"
"This attribute set no longer exists.","Овај скуп атрибута више не постоји."
"You saved the attribute set.","Сачували сте скуп атрибута."
"Something went wrong while saving the attribute set.","Дошло је до грешке приликом снимања комплета атрибута."
"You added product %1 to the comparison list.","Додали сте производ %1 у листу за поређење."
"You cleared the comparison list.","Обрисали сте листу за поређење."
"Something went wrong  clearing the comparison list.","Дошло је до грешке приликом брисања листе за поређење."
"You removed product %1 from the comparison list.","Уклонили сте производ %1 из листе за поређење."
"1 item","1 ставка"
"%1 items","%1 ставке"
"Are you sure you want to remove this item from your Compare Products list?","Да ли сте сигурни да желите да уклоните ову ставку са листе за поређење производа?"
"Are you sure you want to remove all items from your Compare Products list?","Да ли сте сигурни да желите да уклоните све ставке са листе за поређење производа?"
"Invalid attribute %1","Неважећи атрибут %1"
Grid,Мрежа
List,Листа
"Bad controller interface for showing product","Лош контролер интерфејса за приказивање производа"
"Product is not loaded","Производ није учитан"
"Make sure the To Date is later than or the same as the From Date.","Уверите се да је до датум након или исти као и од датума."
"Sorry, but we can't find the new parent category you selected.","Жао нам је, али не можемо да пронађемо нову родитељску категорију за изабрано."
"Sorry, but we can't find the new category you selected.","Жао нам је, али не можемо да пронађемо нову категорију за изабрано."
"We can't move the category because the parent category name matches the child category name.","Не можемо да померимо категорију јер се назив надређене категорије поклапа са називом подређене категорије."
"Something went wrong while getting the image url.","Дошло је до грешке приликом снимања урл слике."
"Can't delete root category.","Није могуће избрисати основну категорију."
"The value of attribute ""%1"" must be unique.","Вредност атрибута „%1” мора бити јединствен."
"Default Product Listing Sort by does not exist in Available Product Listing Sort By.","Подразумевани листинг сортирања производа не постоји у листингу сортираних доступних производа."
"No layout updates","Нема распоред ажурирања"
"Products only","Само производи"
"Static block only","Само статички блок"
"Static block and products","Статични блок и производи"
"Please select a static block.","Молим вас изаберите статични блок."
"Could not save product ""%1"" with position %2 to category %3","Није могуће сачувати производ „%1” са позиције %2 у категорију %3"
"Category does not contain specified product","Категорија не садржи наведени производ"
"Could not save product ""%product"" with position %position to category %category","Није могуће сачувати производ „%п” са позиције %п у категорију %ц"
"Operation do not allow to move a parent category to any of children category","Операција вам не дозвољава да преместите надређену категорију у било коју од категорија деце"
"Could not move category","Није могуће преместити категорију"
"Could not save category: %1","Није могуће сачувати категорију: %1"
"Cannot delete category with id %1","Није могуће избрисати опцију са ид %1"
"-- Please Select a Category --","--Изаберите категорију--"
"Grid Only","Само координатну мрежу"
"List Only","Само листа"
"Grid (default) / List","Мрежа (подразумевана) / листа"
"List (default) / Grid","Листа (подразумевана) / Мрежа"
"Automatic (equalize price ranges)","Аутоматско (изједначавање ранга цена)"
"Automatic (equalize product counts)","Аутоматско (изједначавање броја производа)"
Manual,Ручно
"-- Please select --","-- Молимо изаберите --"
"Product Thumbnail Itself","Мале сличице самих производа"
"Parent Product Thumbnail","Мале сличице надређених производа"
"12h AM/PM","12х АМ/ПМ"
24h,24х
Stretch,Растегнути
Tile,Поплочано
Top/Left,Горе/Лево
Top/Right,Горе/Десно
Bottom/Left,Доле/Лево
Bottom/Right,Доле/Десно
Center,Центрирано
"%1 doesn't extends \Magento\Framework\Model\AbstractModel","%1 не проширује \Магенто\Фрамеwорк\Модел\АбстрацтМодел"
"Something went wrong while saving the file(s).","Дошло је до грешке приликом чувања фајлова."
"File can not be saved to the destination folder.","Фајл не може бити сачуван у одредишном фолдеру."
"Unknown EAV indexer type ""%1"".","Непознати ЕАВ индексер типа ""%1""."
"We can't rebuild the index for an undefined product.","Не можемо поново да направимо индекс за недефинисани производ."
"Bad value was supplied.","Унета је погрешна вредност."
"The Flat Catalog module has a limit of %2$d filterable and/or sortable attributes.Currently there are %1$d of them.Please reduce the number of filterable/sortable attributes in order to use this module","Модул Флат Цаталога има лимит од %2$д филтрирајућа и/или сортирајућа својства. Тренутно их има %1$д. Молимо смањите број филтрирајућих или сортирајућих својства, како бисте могли да користите овај модул"
"Unsupported product type ""%1"".","Неподржани тип производа ""%1""."
"Please correct the category.","Молимо коригујте категорију."
"Must be category model instance or its id.","Мора бити инстанца модела категорија или њен ид."
"The attribute model is not defined.","Модел атрибута није дефинисан."
Category,Категорија
"%1 - %2","%1 x %2"
"%1 was not found in algorithms","%1 се не може наћи у алгоритмима"
"%1 doesn't extend \Magento\Catalog\Model\Layer\Filter\Dynamic\AlgorithmInterface","%1 не проширује \Магенто\Цаталог\Модел\Лаyер\Филтер\Дyнамиц\АлгоритхмИнтерфаце"
"%1 doesn't extends \Magento\Catalog\Model\Layer\Filter\AbstractFilter","%1 не проширује \Магенто\Цаталог\Модел\Лаyер\Филтер\АбстрацтФилтер"
"The filter must be an object. Please set the correct filter.","Филтер мора бити објекат. Молимо подесите одговарајући филтер."
"Clear Price","Права цена"
"%1 and above","%1 и изнад"
"The filters must be an array.","Филтери морају бити низ."
"Product was not registered","Производ није регистрован"
"Store was not registered","Продавница није регистеред"
"Group price must be a number greater than 0.","Групна цена мора бити број већи од 0."
"Media Gallery converter should be an instance of EntryConverterInterface.","Конвертер Медиа Галлерy мора бити инстанца ЕнтрyЦонвертерИнтерфаце."
"There is no MediaGalleryEntryConverter for given type","Не постоји МедиаГаллерyЕнтрyЦонвертер за дати тип"
"Please enter a number 0 or greater in this field.","У ово поље унесите број 0 или већи."
"The value of attribute ""%1"" must be set","Вредност атрибута ""%1"" мора бити постављена"
"SKU length should be %1 characters maximum.","Дужина шифре би требало да буде највише %1 карактера."
"Please enter a valid number in this field.","Молимо унесите важећи број у ово поље."
"We found a duplicate website, tier price, customer group and quantity.","Пронашли смо дупликат сајта, попуста на количину, корисничке групе и количине."
"Percentage value must be a number between 0 and 100.","Процентна вредност мора бити број између 0 и 100."
"Invalid option id %1","Неисправан ид опције %1"
"Provided Attribute set non product Attribute set.","Обезбеђени атрибут сет није везан за производе."
"Use config","Користи конфигурацију"
"Attribute Set already exists.","Атрибут сет већ постоји."
"We couldn't copy file %1. Please delete media with non-existing images and try again.","Wе цоулдн'т цопy филе %1. Плеасе делете медиа wитх нон-еxистинг имагес анд покушајте поново."
"Cannot save product.","Не може се сачувати производ."
"Failed to save new media gallery entry.","Неуспешно саве неw медиа галлерy ентрy."
"There is no image with provided ID.","Не постоји слика са датим ИД-ом."
"Such product doesn't exist","Суцх продуцт не постоји"
"Such image doesn't exist","Суцх имаге не постоји"
"The image does not exist.","Ова слика не постоји."
"Please correct the image file type.","Коригујте тип фајла слике."
"Can't get information about the picture: %1","Немогуће добити Инфорамције о овој фотографијеи: %1"
"The image could not be resized: ","Ова фотографија не може да мења величину:"
"Some images could not be resized. See log file for details.","Неке фотографије немогу да мењају величину. Погледајте дневник за детаље."
"The option type to get group instance is incorrect.","Тип опције за добијање инстанце групе је нетачан."
"Select type options required values rows.","Одаберите тип опције неопходан за ред вредности."
"ProductSku should be specified","ПродуцтСку мора бити наведен"
"Could not remove custom option","Није могуће уклонити прилагођену опцију"
"Please specify date required option(s).","Молимо наведите опцију(е) датум је неопходан."
"Please specify time required option(s).","Молимо наведите опцију(е) време је неопходно."
"Please specify product's required option(s).","Молимо наведите продуцт'с реqуиред оптион(с)."
"The option instance type in options group is incorrect.","Инстанца типа производа у групи производа је неисправна."
"The product instance type in options group is incorrect.","Инстанца типа производа у групи производа је неисправна."
"The configuration item option instance in options group is incorrect.","Конфигурација инстанце артикла у групи опција није коректна."
"The configuration item instance in options group is incorrect.","Конфигурација инстанце артикла у групи опција није коректна."
"The BuyRequest instance in options group is incorrect.","Инстанца КупиЗахтев у групи опција није коректна."
"%1 doesn't extends \Magento\Catalog\Model\Product\Option\Type\DefaultType","%1 доесн'т еxтендс \Магенто\Каталог\Модел\Производ\Опција\Тип\ДефаултТyпе"
"The file options format is not valid.","Формат датотеке са опцијама није исправан."
"The file '%1' for '%2' has an invalid extension.","Датотека '%1' за '%2' има неисправну екстензију."
"The maximum allowed image size for '%1' is %2x%3 px.","Максимална дозвољена величина слике за '%1' је %2x%3 пx."
"The file '%1' you uploaded is larger than the %2 megabytes allowed by our server.","Датотека '%1' коју сте послали је већа од %2МБ дозвољено за овај сервер."
"The file '%1' is empty. Please choose another one","Датотека '%1' је празна. Молим одабрати другу"
"The file '%1' is invalid. Please choose another one","Датотека „%1” је неважећа. Одаберите другу"
"File '%1' is not an image.","Датотека '%1' ис нот ан имаге."
"Validation failed. Required options were not filled or the file was not uploaded.","Провера валидације није успела. Потребне опције неће бити попуњене или датотека није послата."
"The file you uploaded is larger than %1 Megabytes allowed by server","Послата датотека је већа од %1МБ колико допушта овај сервер"
"Option required.","Опција је потребна."
"The file is empty. Please choose another one","Датотека '' је празна. Молим одабрати другу"
"Some of the selected item options are not currently available.","Неке изабране опције ставке нису тренутно доступне."
"The text is too long.","Текст је предуг."
"Invalid attribute %fieldName = %fieldValue.","Неважећи атрибут %фиелдНаме = %фиелдВалуе."
"Requested store is not found. Row ID: SKU = %SKU, Store ID: %storeId.","Захтевана радња није пронађена. Ред ИД: Шифра = %СКУ, продавница ИД: %стореИд."
"Invalid attribute Cost = %cost. Row ID: SKU = %SKU, Store ID: %storeId.","Неважећи атрибут трошка = %цост. Ред ИД: Шифра = %СКУ, продавница ИД: %стореИд."
"Could not save Prices.","Није било могуће сачувати цене."
"Could not delete Prices","Није било могуће избрисати цене"
"Requested product doesn't exist. Row ID: SKU = %SKU, Store ID: %storeId, Price From: %priceFrom, Price To: %priceTo.","Тражени производ не постоји. Ред ИД: Шифра = %СКУ, продавница ИД: %стореИд, цена од: %прицеФром, цена до: %прицеТо."
"Requested store is not found. Row ID: SKU = %SKU, Store ID: %storeId, Price From: %priceFrom, Price To: %priceTo.","Тражена продавница не постоји. Ред ИД: Шифра = %СКУ, продавница ИД: %стореИд, цена од: %прицеФром, цена до: %прицеТо."
"Invalid attribute %label = %priceTo. Row ID: SKU = %SKU, Store ID: %storeId, Price From: %priceFrom, Price To: %priceTo.","Неважећи атрибут %лабел = %прицеТо. Ред ИД: Шифра = %СКУ, продавница ИД: %стореИд, цена од: %прицеФром, цена до: %прицеТо."
"Invalid attribute Price = %price. Row ID: SKU = %SKU, Store ID: %storeId, Price From: %priceFrom, Price To: %priceTo.","Неважећи атрибут цена = %прице. Ред ИД: Шифра = %СКУ, продавница ИД: %стореИд, цена од: %прицеФром, цена до: %прицеТо."
"Could not save Tier Prices","Није било могуће сачувати слој цена"
"Could not replace Tier Prices","Није било могуће заменити слој цена"
"Could not delete Tier Prices","Није било могуће обрисати слој цена"
"Invalid attribute SKU = %SKU. Row ID: SKU = %SKU, Website ID: %websiteId, Customer Group: %customerGroup, Quantity: %qty.","Неважећи атрибут Шифра = %СКУ. Ред ИД: Шифра = %СКУ, Wеб локација ИД: % wебситеИд, група купаца: %цустомерГроуп, количина: %qтy."
"Invalid attribute Price = %price. Row ID: SKU = %SKU, Website ID: %websiteId, Customer Group: %customerGroup, Quantity: %qty.","Неважећи атрибут цена = %прице. Ред ИД: Шифра = %СКУ, Wеб локација ИД: %wебситеИд, група купаца: %цустомерГроуп, количина: %qтy."
"Invalid attribute Price Type = %priceType. Row ID: SKU = %SKU, Website ID: %websiteId, Customer Group: %customerGroup, Quantity: %qty.","Неважећи атрибут тип цена = %прицеТyпе. Ред ИД: Шифра = %СКУ, Wеб локација ИД: %wебситеИд, група купаца: %цустомерГроуп, количина: %qтy."
"Invalid attribute Quantity = %qty. Row ID: SKU = %SKU, Website ID: %websiteId, Customer Group: %customerGroup, Quantity: %qty.","Неважећи атрибут количина = %qтy. Ред ИД: Шифра = %СКУ, Wеб локација ИД: % wебситеИд, група купаца: %цустомерГроуп, количина: %qтy."
"Invalid attribute Website ID = %websiteId. Row ID: SKU = %SKU, Website ID: %websiteId, Customer Group: %customerGroup, Quantity: %qty.","Неважећи атрибут Wеб локација ИД: %wебситеИд. Ред ИД: Шифра = %СКУ, Wеб локација ИД: %wебситеИд, група купаца: %цустомерГроуп, количина: %qтy."
"We found a duplicate website, tier price, customer group and quantity: Customer Group = %customerGroup, Website ID = %websiteId, Quantity = %qty. Row ID: SKU = %SKU, Website ID: %websiteId, Customer Group: %customerGroup, Quantity: %qty.","Пронашли смо дупликат wеб локације, слоја цена, корисничке групе и количине: Корисничка група = %цустомерГроуп, Wеб локација ИД = %wебситеИд, Количина = %qтy. Роw ИД: Шифра = %СКУ, Wеблокација ИД: %wебситеИд, Гроупа купаца: %цустомерГроуп, Количина: %qтy."
"No such entity with Customer Group = %customerGroup. Row ID: SKU = %SKU, Website ID: %websiteId, Customer Group: %customerGroup, Quantity: %qty.","Не постоји ентитет са групом корисника = %цустомерГроуп. Роw ИД: Шифра= %СКУ, Wеб локација ИД: %wебситеИд, Група корисника: %цустомерГроуп, Количина: %qтy."
"Product hasn't group price with such data: customerGroupId = '%1', website = %2, qty = %3","Производ хасн'т гроуп прице wитх суцх дата: цустомерГроупИд = '%1', wебсите = %2, qтy = %3"
"Invalid data provided for tier_price","Погрешно постављен датум за слој_цена"
"Could not save group price","Није било могуће сачувати групу цена"
"Please provide valid data","Молим обезбедите исправан датум"
"Values of following attributes are invalid: %1","Вредности следећих атрибута су неисправни: %1"
"We can't create writeable directory ""%1"".","Не можемо да креирамо директоријум за писање ""%1""."
"The file upload failed.","Дошло је до грешке при слању датотеке."
"The product has required options.","Производ је захтевао опције."
"%1 doesn't extends \Magento\Catalog\Model\Product\Type\AbstractType","%1 доесн'т еxтендс \Магенто\Каталог\Модел\Производ\Тип\АбстрацтТyпе"
"%1 doesn't extends \Magento\Catalog\Model\Product\Type\Price","%1 доесн'т еxтендс \Магенто\Каталог\Модел\Производ\Тип\Цена"
"Not Visible Individually","Није видљиво индивидуално"
"Catalog, Search","Каталог, претрага"
"Something went wrong while removing products from the websites.","Дошло је до грешке приликом уклањања производа са wеб локација."
"Something went wrong while adding products to websites.","Дошло је до грешке при додавању производа на wеб локације."
"Group with id ""%1"" does not exist.","Група са ид %1 не постоји."
"Attribute group that contains system attributes can not be deleted","Атрибут групе који садржи атрибуте система не може бити обрисан"
"Collection provider is not registered","Пружалац колекције није регистрован"
"Unknown link type: %1","Непозната тип везе: %1"
"Provided link type ""%1"" does not exist","Дати линк типа ""%1"" не постоји"
"Invalid data provided for linked products","Погрешини податаци за повезане производе"
"Product with SKU '%1' is not linked to product with SKU '%2'","Производ са шифром „%1” није повезан са производом са шифром „%2”"
"Product %1 doesn't have linked %2 as %3","Производ %1 доесн'т хаве линкед %2 ас %3"
"Requested product doesn't exist","Реqуестед продуцт не постоји"
"Product with SKU ""%1"" does not exist","Производ са шифром %1 не постоји"
"Invalid product data: %1","Неважећи податак производа: %1"
"Database connection error","Грешка у повезивању са базом података"
"Database deadlock found when trying to get lock","Грешка при закључавању базе приликом покушаја закључавања"
"Database lock wait timeout exceeded","Прекорачено време у чекању на закључавању базе"
"Unable to remove product %1","Није могуће уклонити производ %1"
"Requested product does not support images.","Тражени производ не подржава слике."
"There are not websites for assign to product","Не постоје Wеб локације за додељивање производа"
"Could not assign product ""%1"" to websites ""%2""","Није могао да доделити производ „%1” wеб локацији „%2”"
"Could not save product ""%1"" with websites %2","Није могуће сачувати производ „%1” са wеб локације %2"
"We cannot determine the field name.","Не можемо да утврдимо назив поља."
"Attribute '%1' is locked. %2","Атрибут '%1' ис лоцкед. %2"
"Do not change the scope. %1","Не мењајте опсег. %1"
"Processor %1 doesn't implement BaseSelectProcessorInterface","%1 процесор не имплементира БасеСелецтПроцессорИнтерфаце"
"A product type is not defined for the indexer.","Тип производа није дефинисан за индексирање."
"%1 doesn't extend \Magento\Catalog\Model\ResourceModel\Product\Indexer\Price\DefaultPrice","%1 доесн'т еxтенд \Магенто\Каталог\Модел\РесоурцеМодел\Производ\Индеxер\Цена\ДефаултПрице"
"Product with SKU %1 is not linked to product with SKU %2","Производ са шифром „%1” није повезан са производом са шифром „%2”"
Dropdown,"Падајућа листа"
"Some text is here.","Неки текст овде."
"Some exception","Неки изузетак"
"Could not get extension attributes","Није било могуће добити атрибуте ознака типа датотеке"
message,порука
"Lock wait timeout","Истекло временско ограничења чекања"
"Advanced Pricing","Више опција за одређивање цена"
"Customer Group Price","Групе цена за купца"
"Customer Group","Група купаца"
"Special Price From","Посебне цене од"
"Product Alerts","Аларм производа"
"Alert stock","Алерт Залихе"
"Alert Stock","Алерт Залихе"
"Alert price","Алерт Цена"
"Alert Price","Алерт Цена"
"Select Attribute","Изаберите атрибут"
"Create New Attribute","Направити нови атрибут"
"Customizable Options","Прилагодљиве опције"
"Custom options let customers choose the product variations they want.","Прилагођавање опција омогућава кориснику да изабере различите вредности које он жели."
"Select Product","Изабрати производ"
"Add Value","Додати вредност"
"Option Type","Тип опције"
"Max Characters","Маxимално знакова"
"Compatible File Extensions","Компатибилни типови датотека"
"Maximum Image Size","Максимална величина слике"
"Please leave blank if it is not an image.","Молимо оставити празно ако то није као слика."
"This item has weight","Овај артикал има тежину"
"This item has no weight","Овај артикал нема тежину"
"Set Product as New From","Постави производ као ново из"
"Related Products, Up-Sells, and Cross-Sells","Сродни производи, Уп-продаја и Цросс-продаја"
"Related products are shown to customers in addition to the item the customer is looking at.","Сродни производи су приказани купцима поред ставке коју купац гледа."
"Add Related Products","Додај сродне производе"
"An up-sell item is offered to the customer as a pricier or higher-quality alternative to the product the customer is looking at.","Уп-продаја артикал је понуђен артикал купцу као замена боља цена или бољи квалитет производа од оног који купац гледа."
"Add Up-Sell Products","Додај Уп-продају производа"
"Up-Sell Products","Уп-продаја производа"
"These ""impulse-buy"" products appear next to the shopping cart as cross-sells to the items already in the shopping cart.","Ова ""импулсивна-продаја"" производа се појављује поред корпе купца као укрштена продаја са артиклима који су већ у корпи купца."
"Add Cross-Sell Products","Додак укрштену-продају производа"
"Cross-Sell Products","Укрштена-продаја производа"
"Schedule Update From","Ажурирање распореда из"
"Product in Websites","Производ у Wеб локацији"
"If your Magento installation has multiple websites, you can edit the scope to use the product on specific sites.","Ако ваша Магенто инсталација има више Wеб локација, можете уредити опсег да користите производ на одређеним wеб локацијама."
name,назив
"Copy Data from","Копирање података из"
"If there are no custom parent categories, please use the default parent category. You can reassign the category at any time in <a href=""%1"" target=""_blank"">Products &gt; Categories</a>.","Ако не постоје прилагођене надређене категорије, молимо користите подразумеване надређене категорије. Можете је у било ком тренутку поново доделити у <а хреф=""%1"" таргет=""_бланк"">Производи &гт; Категорије</а>."
"Collapse All","Скупи све"
"Expand All","Развиј све"
"Please confirm site switching. All data that hasn't been saved will be lost.","Плеасе цонфирм сите сwитцхинг. Све дата тхат хасн'т беен савед wилл бе лост."
"Manage Titles (Size, Color, etc.)","Управљање насловима (Величина, боја, итд.)"
"Manage Options (Values of Your Attribute)","Управљање опцијама (вредности ваших атрибута)"
"Sort Option","Опцију сортирања"
Groups,Групе
"Double click on a group to rename it.","Двапут кликните на групу да бисте је преименовали."
"Unassigned Attributes","Недодељени атрибуте"
"A name is required.","Име је обавезно."
"This group contains system attributes. Please move system attributes to another group and try again.","Ова група садржи системске атрибуте. Молимо померите системске атрибуте у другу групу и покушајте поново."
"Please select a node.","Молимо одаберите нод."
"Please enter a new group name.","Унесите име нове групе."
"An attribute group named ""/name/"" already exists.","Један атрибут група под називом „/ име /” већ постоји."
"Sorry, we're unable to complete this request.","Соррy, wе'ре није могуће цомплете тхис реqуест."
"You can't remove attributes from this attribute set.","Не можете ремове аттрибутес фром тхис аттрибуте сет."
"Custom Options","Прилагодљиве опције"
"This is a required option.","Ово поље је неопходно."
"The field isn't complete.","Поље није комплетно."
"Compatible file extensions to upload","Компатибилна екстензија фајла за аплоуд"
"Maximum image width","Максимална ширина слике"
"Maximum image height","Максимална висина слике"
"Maximum number of characters:","Максималан број карактера:"
"start typing to search template","почните да куцате да бисте пронашли шаблон"
"Product online","Онлине производ"
"Product offline","Оффлине производ"
"Product online status","Онлине статус производа"
"Manage Stock","Магенто магацин"
"Out-of-Stock Threshold","Нема на залихама Тхресхолд"
"Minimum Qty Allowed in Shopping Cart","Минимална количина дозвољена у корпи"
"Maximum Qty Allowed in Shopping Cart","Максимална количина дозвољена у корпи"
"Qty Uses Decimals","Количина користи децимале"
Backorders,"Последње поруџбине"
"Notify for Quantity Below","Обавести за количину испод"
"Enable Qty Increments","Омогући повећање количине"
"Qty Increments","Повећање количине"
"Stock Availability","Доступност залиха"
"In Stock","На стању"
"Out of Stock","Нема на лагеру"
"Add Product To Websites","Додај производ на wеб сајт"
"Remove Product From Websites","Уклони производ са wеб сајта"
"To hide an item in catalog or search results, set the status to ""Disabled"".","Да сакријете производ из каталога или претраге, подесите статус ""Онемогућено""."
"Delete Custom Option","Обриши прилагођене опције"
"Sort Custom Options","Сортирај прилагођене опције"
"%1 <span>x</span> %2 <span>px.</span>",%1<спан>y</спан>%2<спан>пx.</спан>
"Sort Custom Option","Прилагођена опција сортирања"
"Item Price","Цена производа"
"and above","и изнад"
"Delete Tier","Обриши ниво"
"Product In Websites","Производи на вебсајту"
"(Copy data from: %1)","(Копирање података из: %1)"
"Browse to find or drag image here","Претражите да пронађете и убаците слику овде"
"Delete image","Обриши слику"
Hidden,Скривено
"Alt Text","Алтернативни текст"
Role,Улога
"Image Size","Величина Слике"
"Image Resolution","Резолуција Слике"
"Hide from Product Page","Сакрити од производне странице"
"Allow Multiple Boxes for Shipping","Допустити паковање у више кутија ради испоруке"
"start typing to search attribute","почните да куцате за претрагу атрибута"
"Basic Settings","Основна подешавања"
"Advanced Settings","Напредна подешавања"
"Buy %1 for: ","Купити %1 за:"
"Buy %1 for %2 each and <strong class=""benefit"">save<span class=""percent tier-%3"">&nbsp;%4</span>%</strong>","Купити %1 за %2 сваки и <стронг цласс=""бенефит"">сачувати<спан цласс=""перцент тиер-%3"">&нбсп;%4</спан>%</стронг>"
"Buy %1 for %2 each","Купити %1 за %2 сваки"
"Shop By","Купити по"
"Shopping Options","Опције куповине"
"Compare Products","Поређење производа"
"Print This Page","Штампај ову страну"
"Remove Product","Уклони производ"
"Add to Wish List","Додај у листу жеља"
"You have no items to compare.","Немате артикле за поређење."
"Remove This Item","Уклони ову ставку"
Compare,Пореди
"Clear All","Очисти све"
Prev,Претходно
"We can't find products matching the selection.","Не можемо пронаћи производе који задовољавају тражено."
"Learn More","Сазнајте више"
"Add to Compare","Додај за упоређивање"
"We found other products you might like!","Пронашли смо ове производе које можда више волите!"
"More Choices:","Више избора:"
"Check items to add to the cart or","Проверити артикле за додавање у корпу или"
"select all","изабери све"
"Items %1-%2 of %3","Ставке %1-%2 од %3"
"%1 Item","%1 ставка"
"%1 Items","%1 ставке"
Show,Прикажи
"Sort By","Поређај по"
"Set Ascending Direction","Постави растући смер"
"Set Descending Direction","Постави опадајући смер"
"View as","Прегледи као"
"More Information","Више информација"
"Configure Product","Конфигурисани Производ"
"Select type of option.","Одабери тип опције."
"Please add rows to option.","Молимо додајте редове у опцију."
"Please select items.","Изаберите ставке."
"Choose existing category.","Изабрати одговарајућу категорију."
"Image Detail","Детаљи слике"
Adding...,Додавање...
Added,Додато
"does not implement Storage Interface","није имплементиран Стораге Интерфаце"
"unselect all","поништи изабране"
Inventory,Инвентар
"Catalog Section","Део каталога"
Small,Мало
Main,Главни
"Product Fields Auto-Generation","Поља производа Ауто-Генератион"
"Mask for SKU","Маска за СКУ"
"Use {{name}} as Product Name placeholder","Користи {{наме}} као плацехолдер за Име Производа"
"Mask for Meta Title","Маска за Мета Наслов"
"Mask for Meta Keywords","Маска за Мета Кључне речи"
"Use {{name}} as Product Name or {{sku}} as Product SKU placeholders","Користи {{наме}} као назив производа или {{ску}} као СКУ Производа плацехолдерс"
"Mask for Meta Description","Маска за Мета Опис"
"Use {{name}} and {{description}} as Product Name and Product Description placeholders","Користи {{наме}} и {{десцриптион}} као плацехолдерс за Назив и Опис производа"
"Recently Viewed/Compared Products","Недавно Погледано/Упоређени Производи"
"Lifetime of products in Recently Viewed Widget","Век трајања производа у Недавно Прегледаном додатку"
"Lifetime of products in Recently Compared Widget","Век трајања производа у Недавно Упоређеном додатку"
"Synchronize widget products with backend storage","Синхронизујте виџет производе са бацкенд складиштем"
Storefront,Продавница
"List Mode","Режим Листе"
"Products per Page on Grid Allowed Values","Производа по страници у мрежи дозвољених вредности"
Comma-separated.,"Одвојено зарезом."
"Products per Page on Grid Default Value","Производа по страници у мрежи дефинисаних вредности"
"Must be in the allowed values list","Мора бити у листи дозвољених вредности"
"Products per Page on List Allowed Values","Производа по страници у листи дозвољених вредности"
"Products per Page on List Default Value","Производа по страници у листи дефинисаних вредности"
"Use Flat Catalog Category","Користи каталог категорија"
"Use Flat Catalog Product","Користи католг производа"
"Product Listing Sort by","Листање производа сортирано по"
"Allow All Products per Page","Дозволи све производе по страници"
"Whether to show ""All"" option in the ""Show X Per Page"" dropdown","Да ли се приказује опција ""Све"" у ""Прикажи X По Страници"" листи"
"Allow Dynamic Media URLs in Products and Categories","Дозволи Дyнамиц Медиа УРЛс ин Производи анд Категорије"
"E.g. {{media url=""path/to/image.jpg""}} {{skin url=""path/to/picture.gif""}}. Dynamic directives parsing impacts catalog performance.","Нпр. {{медиа урл=""патх/то/имаге.јпг""}} {{скин урл=""патх/то/пицтуре.гиф""}}. Динамичко парсирање директива утиче на перформансе каталога."
"Product Image Placeholders","Простор за слике производа"
"Page Title Separator","Сепаратор наслова странице"
"Use Canonical Link Meta Tag For Categories","Користи Цаноницал Линк Мета Таг за категорије"
"Use Canonical Link Meta Tag For Products","Користи Цаноницал Линк Мета Таг за производе"
"Catalog Price Scope","Опсег каталога цена"
"This defines the base currency scope (""Currency Setup"" > ""Currency Options"" > ""Base Currency"").","Ово дефинише основу опсега валута (""Подешавање валуте"" > ""Опције валута"" > ""Основне валуте"")."
"Category Top Navigation","Врх навигација категорија"
"Maximal Depth","Максимална дубина"
"Date & Time Custom Options","Опције подешавања датума и времена"
"Use JavaScript Calendar","Користи ЈаваСцрипт календар"
"Date Fields Order","Распоред поља за упис датума"
"Time Format","Формат времена"
"Year Range","Опсег година"
"Please use a four-digit year format.","Молимо користите четвороцифрени формат за годину."
"Use Static URLs for Media Content in WYSIWYG for Catalog","Усе Статиц УРЛс фор Медиа Садржај ин WYСИWYГ фор Каталог"
"Top Level Category","Топ Левел Категорија"
"Product Info Column","Колона са информацијама о производу"
"Block after Info Column","Блок после инфо колоне"
"Product Flat Data","Подаци о производу"
"Reorganize EAV product structure to flat structure","Реорганизуј ЕАВ структуру производа у флет структуру"
"Category Flat Data","Подаци категорије"
"Reorganize EAV category structure to flat structure","Реорганизуј ЕАВ структуру производа у флет структуру"
"Category Products","Категорија производа"
"Indexed category/products association","Индексирана категорија/група производа"
"Product Categories","Категорије производа"
"Indexed product/categories association","Индексирани производи/групе категорија"
"Product Price","Цена производа"
"Index product prices","Индексирање цене производа"
"Product EAV","ЕАВ производа"
"Index product EAV","Индексирање ЕАВ производа"
"Catalog New Products List","Каталог Листа Нових Производа"
"List of Products that are set as New","Листа производа који су постављени као Нови"
"Display Type","Тип Приказа"
"All products - recently added products, New products - products marked as new","Сви производи - недавно додати производи, Нови производи - производи означени као нови"
"All products","Сви производи"
"New products","Нови производи"
"Display Page Control","Контрола приказа производа"
"Number of Products per Page","Број производа по страници"
"Number of Products to Display","Број производа за приказ"
Template,Шаблон
"New Products Grid Template","Шаблон мреже нових производа"
"New Products List Template","Шаблон листе нових производа"
"New Products Images and Names Template","Шаблони имена и слика нових производа"
"New Products Names Only Template","Шаблон за Имена Нових Производа"
"New Products Images Only Template","Шаблон за Слике Нових Производа"
"Cache Lifetime (Seconds)","Век трајања кеша (секунде)"
"Catalog Product Link","Линк са Каталогом Производа"
"Link to a Specified Product","Линк до одређеног производа"
"Select Product...","Одаберите Производ..."
"Anchor Custom Text","Сидро Одабраног Текста"
"If empty, we'll use the product name here.","Ако је празно, користићемо назив производа овде."
"Anchor Custom Title","Сидро Одабраног Назива"
"Product Link Block Template","Шаблон блока линка производа"
"Product Link Inline Template","Шаблон за Инлине Линк Производа"
"Catalog Category Link","Линк Каталога Категорије"
"Link to a Specified Category","Линкуј на одређену категорију"
"Select Category...","Одабери Категорију..."
"If empty, we'll use the category name here.","Ако је празно, користићемо назив категорије овде."
"Category Link Block Template","Шаблон Блока Линка за Категорију"
"Category Link Inline Template","Шаблон Инлине Линка за Категорију"
"Recently Viewed Products","Недавно прегледани производи"
"List of Products Recently Viewed by Visitor","Листа производа коју је посетилац недавно погледао"
"UI Component","УИ компонента"
"Number of Products to display","Број производа за приказ"
"Product attributes to show","Атрибути производа за приказ"
Image,Слика
"Learn More Link","Линк Сазнајте више"
"Buttons to show","Тастери за приказ"
"Add to Wishlist","Додај у листу жеља"
"Viewed Products Grid Template","Шаблон мреже прегледаних производа"
"Viewed Products List Template","Шаблон листе прегледаних производа"
"Viewed Products Sidebar Template","Шаблон Сидебар приказаних производа"
"Recently Compared Products","Недавно Упоређени Производи"
"List of Products Recently Compared by Visitor","Листа Производа које је посетилац недавно упоређивао"
"Compared Products Grid Template","Шаблон Мреже упоређених производа"
"Compared Products List Template","Шаблон листе упоређених производа"
Set,Подеси
"Category Information","Информације о категорији"
"Enable Category","Омогући категорију"
"Include in Menu","Укључи у Мени"
"Category Image","Слика категорије"
"Add CMS Block","Додај ЦМС Блок"
"Display Settings","Подешавање приказа"
"Display Mode","Режим приказа"
Anchor,Сидро
"Available Product Listing Sort By","Аваилабле Производ Листинг Сортирај Бy"
"Use All","Користи Све"
"Default Product Listing Sort By","Подразумевани сортирање листе производа"
"Layered Navigation Price Step","Корак у Слојевитој Навигацији"
"URL Key","УРЛ Кључ"
"Meta Title","Мета Наслов"
"Meta Keywords","Мета клјучне речи"
"Meta Description","Мета опис"
"Products in Category","Производи у Категорији"
Theme,Тема
Layout,Распоред
"Layout Update XML","Распоред ажурирања XМЛ-а"
"Apply Design to Products","Примени дизајн на производе"
"Schedule Design Update","Распоред ажурирања дизајна"
"Product Image Watermarks","Ознаке слике производа"
Base,База
"Allowed file types: jpeg, gif, png.","Дозвољени типови датотеке: јпег, гиф, пнг."
"Image Opacity","Непровидност Слике"
"Example format: 200x300.","Формат примера: 200x300."
"Image Position","Позиција слике"
"Attribute Properties","Поставке атрибута"
"Attribute Label","Ознака атрибута"
"Catalog Input Type for Store Owner","Тип уноса каталога за Власника Продавнице"
Values,Вредности
"Add this attribute to the list of column options in the product grid.","Додај овај атрибут у колону са опцијама у мрежи производа."
"Add this attribute to the list of filter options in the product grid.","Додај овај атрибут у листу филтрирајућих опција у мрежи производа."
"Delete selected items?","Обриши одабране производе?"
"Delete items","Обриши производе"
"Change status","Промена статуса"
"Update attributes","Ажурирати атрибуте"
Overview,Преглед
"Skip to the end of the images gallery","Прескочи на крај галерије слика"
"Skip to the beginning of the images gallery","Прескочи на почетак галерије слика"
"Recently Compared","Недавно Упоређени"
"Add To Cart","Додај У Корпу"
"Add To Compare","Додај за упоређивање"
"Learn more","Сазнај више"
"Recently Viewed","Недавно погледано"
"Save Category","Сними категорију"
"Delete Category","Обриши категорију"
"New Subcategory","Нова подкатегорија"
"New Root Category","Нова коренска категорија"
"Set Root Category for Store","Постави коренску категорију за продавницу"
"Category Data","Категорија Дата"
"Make Base","Постави као основу"
"You moved the category","Преместили сте категорију"
"This product no longer exists.","Овај производ више не постоји."
"We can't find the image file.","Не можемо пронаћи фајл слике."
"Could not save product option","Није могао саве продуцт оптион"
"Product option with id %1 does not exist","Производ оптион wитх ид %1 не постоји"
"Are you sure you want to delete this category?","Да ли сте сигурни да желите да обришете ову категорију?"
"Set root category for this store in the <a href=""%1"">configuration</a>.","Поставите коренску категорију за ову продавницу у <а хреф=""%1"">конфигурацији</а>."
"An attribute group named ""/name/"" already exists"".","Група атрибута под називом ""/наме/"" већ постоји""."
"Close panel","Затвори панел"
"Allow Multiple Boxes for Shipping.","Дозволи Мултипле Боxес фор Достава."
Ok,"У реду"
"Watermark Default Size","Wатермарк Подразумевано Сизе"
"File validation failed.","Неуспешна валидација фајла."
"Tier Price","Цена по нивоу"
"Sort Products By","Сортирај Производе По"
"Default Product Sorting","Подразумевано Сортирање Производа"
"Use Parent Category Settings","Користи Подешавања Родитељске Категорије"
"Page not found","Страница није пронађена"
"Full file path is expected.","Пуна путања фајла је очекивана."
from,од
to,до
"The attribute couldn't be saved due to an error. Verify your information and try again. If the error persists, please try again later.","Атрибут не може бити сачуван због грешке. Проверите информације и покушајте поново. Уколико и даље приказује грешку, молимо покушајте касније."
"The attribute couldn't be validated due to an error. Verify your information and try again. If the error persists, please try again later.","Атрибут није потврђен због грешке. Проверите информације и покушајте поново. Уколико се грешка настави, молимо покушајте поново."
"Tier prices data should be array, but actually other type is received","Подаци о попусту на количину треба да буде низ, али други тип је примљен"
"Price indexer ""%1"" must implement %2 or %3","Индеxер цене ""%1"" мора имплементирати %2 или %3"
"You added product %1 to the <a href=""%2"">comparison list</a>.","Додали сте производ %1 у <а хреф=""%2"">листу поређења</а>."
"Maximum %1 characters","Максимално %1 карактера"
remaining,преостало
"too many",превише
"Applies to category pages","Примењиво на странице категорије"
"Remember Category Pagination","Мемориши Странице Категорије"
"Changing may affect SEO and cache storage consumption.","Мењање може утицати на СЕО и кеш складиштење."
Quality,Квалитет
"Jpeg quality for resized images 1-100%.","Јпег квалитет за измењену величину слике 1-100%."
Cost,"Цена коштања"
"The ""%1"" attribute is required. Enter and try again.","""%1"" атрибут је обавезан. Унесите га и покушајте поново."
"Attributes were missing and must be specified.","Недостају атрибути који морају бити дефинисани."
"The value of Admin must be unique. (%1)","Вредност Админ мора бити јединствена. (%1)"
"The product was unable to be saved. Please try again.","Производ није могуће сачувати. Молимо покушајте касније."
"The value of the ""%1"" attribute isn't unique. Set a unique value and try again.","Вредност ""%1"" својства није јединствена. Подесите јединствену вредност и покушајте поново."
"The category doesn't contain the specified product.","Категорија не садржи наведени производ."
"The %1 value wasn't found in the algorithms.","%1 вредност није пронађена у алгоритмима."
"The filters are invalid. Set them in an array and try again.","Филтери нису исправни. Поставите их у низ и покушајте поново."
"The product wasn't registered.","Производ није регистрован."
"The store wasn't registered. Verify the store and try again.","Продавница није регистрована. Верификујте продавницу и пробајте поново."
"The ""%1"" attribute value is empty. Set the attribute and try again.","""%1"" вредност атрибута је празна. Поставите атрибут и покушајте поново."
"The attribute set couldn't be created because it's based on a non-product attribute set.","Атрибут сет не може бити креиран јер је базиран на атрибут сету који није везан за производ."
"The attribute set couldn't be created because it's based on a non-existing attribute set.","Атрибут сет не може бити креиран јер се базира на непостојећем атрибут сету."
"The image content is invalid. Verify the content and try again.","Слика је неисправна. Проверите садржај и покушајте поново."
"The product can't be saved.","Производ не може бити сачуван."
"The new media gallery entry failed to save.","Нова галерија медије није могла бити сачувана."
"No image with the provided ID was found. Verify the ID and try again.","Слика са унетим ИДем није пронађена. Проверите ИД па покушајте поново."
"The product doesn't exist. Verify and try again.","Производ не постоји. Проверите па покушајте поново."
"The image doesn't exist. Verify and try again.","Слика не постоји. Проверите па покушајте поново."
"The image doesn't exist.","Производ не постоји."
"The image type for the file is invalid. Enter the correct image type and try again.","Тип слике није валидан за овакав фајл. Унесите исправан тип слике па покушајте поново."
"The ""%1"" file couldn't be moved.","Фајл ""%1"" не може да се помери."
"The ProductSku is empty. Set the ProductSku and try again.","ПродуцтСку је празан. Унесите ПродуцтСку па покушајте поново."
"The custom option couldn't be removed.","Прилагођена опција не може да се уклони."
"The product's required option(s) weren't entered. Make sure the options are entered and try again.","Обавезне опције производа нису унете. Уверите се да су опције уписане и покушајте поново."
"The file options format is invalid. Use a correct format and try again.","Неисправан формат филе опција. Користите исправан формат и покушајте поново."
"The file ""%1"" is empty. Select another file and try again.","Фајл ""%1"" је празан. Одаберите други фајл и покушајте поново."
"The validation failed. Make sure the required options are entered and the file is uploaded, then try again.","Валидација није успела. Уверите се да су обавезне опције уписане и да је фајл окачен, па покушајте поново."
"The file was too big and couldn't be uploaded. Use a file smaller than %1 MBs and try to upload again.","Фајл је био превелик и није могао бити окачен. Користите програм да бисте смањили фајл на %1 МБс и покушајте поново."
"The required option wasn't entered. Enter the option and try again.","Обавезна опција није уписана. Унесите опцију и покушајте поново."
"The file is empty. Select another file and try again.","Фајл је празан. Одаберите други фајл и покушајте поново."
"The text is too long. Shorten the text and try again.","Текст је предугачак. Скратите текст и покушајте поново."
"The product that was requested doesn't exist. Verify the product and try again. Row ID: SKU = %SKU, Store ID: %storeId, Price From: %priceFrom, Price To: %priceTo.","Тражени производ не постоји. Проверите производ и покушајте поново. Роw ИД: СКУ = %СКУ, Сторе ИД: %стореИд, Прице Фром: %прицеФром, Прице То: %прицеТо."
"Tier price is unavailable for this product.","Цена с попустом за одређену групу није омогућена за овај производ."
"The tier_price data is invalid. Verify the data and try again.","Тиер_прице подаци нису исправни. Проверите податке и покушајте поново."
"The group price couldn't be saved.","Групна цена не може бити сачувана."
"The data was invalid. Verify the data and try again.","Податак није исправан. Проверите податак и покушајте поново."
"Values in the %1 attributes are invalid. Verify the values and try again.","Вредности у %1 атрибутима нису исправне. Проверите вредности и покушајте поново."
"We can't create the ""%1"" writeable directory.","Не можемо креирати ""%1"" уписни директориј."
"The file upload failed. Try to upload again.","Неуспешно уплоудовање фајла. Покушајте поново."
"The product has required options. Enter the options and try again.","Производ има неке обавезне опције. Попуните те опције и покушајте поново."
"The group with the ""%1"" ID doesn't exist. Verify the ID and try again.","Група са ИД ""%1"" не постоји. Проверите ИД и покушајте поново."
"The attribute group can't be deleted because it contains system attributes.","Атрибут групе не може бити обрисан зато што садржи системске атрибуте."
"The collection provider isn't registered.","Пружалац колекције није регистрован."
"The ""%1"" link type is unknown. Verify the type and try again.","""%1"" тип линка је непознат. Верификујте тип и покушајте поново."
"The ""%1"" link type wasn't found. Verify the type and try again.","""%1"" тип линка није пронађен. Верификујте тип и покушајте поново."
"The linked products data is invalid. Verify the data and try again.","Подаци повезаних производа су неисправни. Верификујте податке и покушајте поново."
"The product that was requested doesn't exist. Verify the product and try again.","Тражени производ не постоји. Проверите производ и покушајте касније."
"The Product with the ""%1"" SKU doesn't exist.","Производ са ""%1"" СКУ не постоји."
"The ""%1"" product couldn't be removed.","""%1"" производ не може бити уклоњен."
"Category with ID: %s doesn't exist","Категорија са ИД: %с не постоји"
"Product Name or SKU","Назив производа или СКУ"
"Start typing to find products","Почните да куцате да бисте пронашли производ"
"Product with ID: %s doesn't exist","Производ са ИД: %с не постоји"
"Processor %1 doesn't implement WysiwygConfigDataProcessorInterface. It will be skipped","Процесор %1 не имплементира WyсиwyгЦонфигДатаПроцессорИнтерфаце. Биће прескочен"
"Use Static URLs for Media Content in WYSIWYG","Користите статички УРЛ за медиа садржаје у WYСИWYГ"
"Media content will be inserted into the editor as a static URL. Media content is not updated if the system configuration base URL changes.","Медиа садржаји ће бити убачени у едитор као статички УРЛ. Медиа садржаји се неће ажурирати ако се промени системска конфигурација УРЛ-а."
"Default Layouts","Подразумевани Распоред"
"Default Product Layout","Подразумевани распоред производа"
"Default Category Layout","Подразумевани распоред категорија"
"
                    Time in seconds between the widget updates.
                    <br/>If not set, equals to 86400 seconds (24 hours). To update widget instantly, go to Cache Management and clear Blocks HTML Output cache.
                    <br/>Widget will not show products that begin to match the specified conditions until cache is refreshed.
                ","Време у секундама између ажурирања додатака.
                    <бр/>Ако није подешен, једнак је 86400 секунда (24 сата). Ако желите да ажурирате додатак одмах, идите у Кеш Менаџмент и очистите кеш Блоцкс ХТМЛ Оутпут.
                    <бр/>Додатак неће приказати производе који се поклапају са дефинисаним условим док се кеш не освежи."
"Text Editor input type requires WYSIWYG to be enabled in Stores > Configuration > Content Management.","Тип уноса у Теxт Едитор захтева да WYСИWYГ буде омогућен у Сторес > Цонфигуратион > Цонтент Манагемент."
"Attribute code ""%1"" is invalid. Please use only letters (a-z or A-Z), numbers (0-9) or underscore(_) in this field, first character should be a letter.","Код атрибута ""%1” је неважећи. Молимо вас да користите само слова (а-з или А-З), бројеве (0-9) или доњу црту (_) у овом пољу, први знак треба да буде слово."
"Edit Event","Измени догађај"
"Add Event","Додај догађај"
Events,Догађаји
"Add Catalog Event","Додај Каталог Догађаја"
"Back to Category","Назад на категорију"
"Edit Catalog Event","Измени Каталог Догађаја"
"Catalog Event Information","Информације о Каталогу Догађаја"
Upcoming,Предстојећи
Open,Отвори
Closed,Затворено
"Display Countdown Ticker On","Дисплаy Цоунтдоwн Тицкер Укључено"
"Category Page","Страница категорије"
"Product Page","Страница са производима"
"Coming Soon","Долази ускоро"
"Sale Ends In","Распродаја се завршава у"
"You deleted the event.","Обрисали сте догађај."
"New Event","Нови Догађај"
"Something went wrong while saving this event.","Дошло је до грешке приликом снимања догађаја."
"We did not upload your image.","Нисмо учитали Вашу слику."
"You saved the event.","Сачували сте догађај."
"%1 is required.","%1 је обавезно."
"Please make sure the end date follows the start date.","Молимо уверите се да је датум завршетка у складу са датумом почетка."
"Event for selected category","Догађај за одабране категорије"
"Lister Block","Блок листе"
"This product is no longer on sale.","Производ више није на попусту."
"Some of these products can no longer be sold.","Неки од ових производа се не могу више продавати."
"Select Category","Одабери Категорију"
Days,Дани
Hrs,Сати
Mins,Минути
Sec,Сек
"Preview Sale",Претпродаја
"Go To Sale","Иди на распродају"
"View Sale","Погледај распродају"
"Catalog Events","Каталог догађаја"
"Enable Catalog Events Functionality","Омогући функционалност каталога догађаја"
"Enable Catalog Event Widget on Storefront","Омогући виџет за каталог догађаја у продавници"
"Number of Events to be Displayed in Event Slider Widget","Број догађаја који ће бити приказани у слајдеру догађаја"
"You can override this default value in CMS using the limit=""x"" variable. Leave empty for no limitation.","Можеш преписати подразумевану вредност у ЦМС-у користећи лимит=""x"" варијабилних. Остави празно за неограничено уписивање."
"You can override this default value in CMS using the limit=""x"" variable.","Можете преписати ову вредност у ЦМС-у користећи вредност лимит=""x"" вариабле."
"Catalog Events Carousel","Карусел каталога догађаја"
"List all open Catalog Events as a Paginated Carousel","Листај све отворене каталоге догађаја као карусел пагинације"
"Frame Size","Величина оквира"
"Number of Items to display at once","Број производа приказаних ођедном"
Scroll,Померај
"Number of Items to scroll per click","Број производа који ће се померити по клику"
"Block Custom Width","Прилагођена ширина блока"
"If empty, we'll automatically set the width value in pixels.","Ако је празно, аутоматски ћемо поставити ширину у пикселима."
"Catalog Events Carousel Default Template","Подразумевана шема карусела каталога догађаја"
"Category ID","ИД категорије"
Start,Почетак
End,Крај
"Countdown Ticker",Штоперица
"Edit Event...","Измени Евент..."
"Add Event...","Додај Евент..."
"Missing key %1 in product data","Недостаје кеy %1 ин продуцт дата"
"""model"" value should be specified","Вредност ""модела"" треба бити одређена"
"""path"" value should be specified","Вредност ""патх"" треба да буде наведена"
"""id for category should be specified","""ид за категорију треба да буде наведен"
"No child sku found for product link.","Не цхилд ску фоунд фор продуцт линк."
"'search' or 'filter' input argument is required.","'сеарцх' ор 'филтер' инпут аргумент је обавезно."
"Cannot resolve layered filter type","Не може ресолве лаyеред филтер тyпе"
"Cannot resolve type","Не може ресолве тyпе"
"Category doesn't exist","Категорија не постоји"
"""image_type"" value should be specified","Вредност ""имаге_тyпе"" треба да буде наведена"
"There are no product types available for export.","Нема доступних типова производа за извоз."
"'Entity type model must be an instance of ' .","'Ентитет типа модела мора бити инстанца од ' ."
"Wrong attribute set code ""%1"", please correct it and try again.","Погрешан код ""%1"" за атрибут сет, молимо исправите и покушајте поново."
"Category ""%1"" has not been created.","Категорија ""%1"" није креирана."
"File directory '%1' is not readable.","Датотека дирецторy '%1' ис нот реадабле."
"File directory '%1' is not writable.","Датотека дирецторy '%1' ис нот wритабле."
"Value for 'price' sub attribute in 'store' attribute contains incorrect value","Вредност фор 'прице' суб аттрибуте ин 'сторе' аттрибуте цонтаинс нетачан валуе"
"Value for 'type' sub attribute in 'custom_options' attribute contains incorrect value, acceptable values are: 'dropdown', 'checkbox'","Вредност фор 'тyпе' суб аттрибуте ин 'цустом_оптионс' аттрибуте цонтаинс нетачан валуе, аццептабле валуес аре: 'дропдоwн', 'цхецкбоx'"
"Please enter a value for title.","Молимо унесите вредност у наслову."
"Value for 'price' sub attribute in 'custom_options' attribute contains incorrect value","Вредност фор 'прице' суб аттрибуте ин 'цустом_оптионс' аттрибуте цонтаинс нетачан валуе"
"Value for 'maximum characters' sub attribute in 'custom_options' attribute contains incorrect value","Вредност фор 'маxимум цхарацтерс' суб аттрибуте ин 'цустом_оптионс' аттрибуте цонтаинс нетачан валуе"
"Value for 'sort order' sub attribute in 'custom_options' attribute contains incorrect value","Вредност фор 'сорт ордер' суб аттрибуте ин 'цустом_оптионс' аттрибуте цонтаинс нетачан валуе"
"Value for 'value price' sub attribute in 'custom_options' attribute contains incorrect value","Вредност фор 'валуе прице' суб аттрибуте ин 'цустом_оптионс' аттрибуте цонтаинс нетачан валуе"
"This name is already being used for custom option. Please enter a different name.","Овај назив се већ користи за прилагођену опцију. Молимо унесите други назив."
"Custom options have different types.","Прилагођене опције имају различите типове."
"Every option entity must have a parent product entity.","Свака вредност опције мора имати родитељ вредност."
"Please correct the parameters.","Молимо исправите параметре."
"File '%1' was not found or has read restriction.","Датотека '%1' wас није пронађено ор хас реад рестрицтион."
"Entity type model must be an instance of Magento\CatalogImportExport\Model\Import\Product\Type\AbstractType","Ентитy тyпе модел муст бе ан инстанце оф Магенто\ЦаталогИмпортЕxпорт\Модел\Увези\Производ\Тип\АбстрацтТyпе"
"Disallowed file type.","Недозвољени тип фајла."
"Value for multiselect attribute %s contains duplicated values","Вредност фор мултиселецт аттрибуте %с цонтаинс дуплицатед валуес"
"Invalid Stock data for insert","Неисправни подаци залихе за унос"
"Value for 'type' sub attribute in 'custom_options' attribute contains incorrect value, acceptable values are: %1","Вредност фор 'тyпе' суб аттрибуте ин 'цустом_оптионс' аттрибуте цонтаинс нетачан валуе, аццептабле валуес аре: %1"
"Minimum Qty","Минимална кол"
"Add Minimum Qty","Додајте минимална кол"
"Could not rebuild index for empty products array","Не можемо обновити индеx за празан низ производа"
"The stock item for Product is not valid.","Тхе стоцк итем фор Производ ис нот валид."
"This product is out of stock.","Овај производ немамо на стању."
"Some of the products are out of stock.","Неке од ових производа немамо на стању."
"The stock item for Product in option is not valid.","Ставка у магацину за опције Производа није валидна."
"Undefined product type","Недефинисани тип производа"
"%1 is not a correct comparison method.","%1 није правилна метода поређења."
"No Backorders","Нема претходних поруџбина"
"Allow Qty Below 0","Дозволи кол испод 0"
"Allow Qty Below 0 and Notify Customer","Дозволи Кол испод 0 и обавести купца"
"Unable to save Stock Item","Није могуће сачувати ставку залиха"
"Stock Item with id ""%1"" does not exist.","Ставка залиха са ИД ""%1"" не постоји."
"Unable to remove Stock Item with id ""%1""","Није могуће уклонити ставку залиха са ИД ""%1"""
"Unable to save Stock","Није могуће сачувати залихе"
"Stock with id ""%1"" does not exist.","Залихе са ИД ""%1"" не постоје."
"Unable to remove Stock with id ""%1""","Није могуће уклонити магацин са ид ""%1"""
"Unable to save Stock Status","Није могуће сачувати статус залиха"
"Unable to remove Stock Status for product %1","Није могуће уклонити статус магацина за производ %1"
"Invalid stock id: %1. Only default stock with id %2 allowed","Неисправан стоцк ид: %1. Онлy дефаулт стоцк wитх ид %2 аллоwед"
"Invalid stock item id: %1. Should be null or numeric value greater than 0","Неисправан стоцк итем ид: %1. Схоулд бе нулл ор нумериц валуе греатер тхан 0"
"Invalid stock item id: %1. Assigned stock item id is %2","Неисправан стоцк итем ид: %1. Ассигнед стоцк итем ид ис %2"
"Not all of your products are available in the requested quantity.","Неки од производа нису доступни у траженој количини."
"The fewest you may purchase is %1.","Можете поручити најмање %1."
"Please correct the quantity for some products.","Молимо коригујте количине неких производа."
"The most you may purchase is %1.","Највише можете поручити %1."
"We don't have as many ""%1"" as you requested.","Немамо довољно ""%1"" колико сте захтевали."
"We don't have as many ""%1"" as you requested, but we'll back order the remaining %2.","Немамо довољно ""%1"" колико сте захтевали, али ћемо поручити преосталих %2."
"We don't have ""%1"" in the requested quantity, so we'll back order the remaining %2.","Немамо ""%1"" у траженој количини, па ћемо поручити преосталих %2."
"You can buy %1 only in quantities of %2 at a time.","Можете купити %1 само у количини од %2 ођедном."
"You can buy this product only in quantities of %1 at a time.","Овај производ можете купити само у количини од %1 ођедном."
"Stock Status","Статус Залиха"
"%1 is available to buy in increments of %2","%1 је доступна да се купи у количинама %2"
"Only %1 left","Само %1 је остао"
"Product availability","Доступност производа"
"Inventory Section","Сектор инвентара"
"Stock Options","Опције залиха"
"Decrease Stock When Order is Placed","Умањи залихе када се поручи производ"
"Set Items' Status to be In Stock When Order is Cancelled","Подеси да статус производа буде ""Доступан"" када је поруџбина отказана"
"Display Out of Stock Products","Прикажи производе којих нема на стању"
"Products will still be shown by direct product URLs.","Производи ће и даље бити приказани директним уносом адресе."
"Only X left Threshold","Само је X остао на почетку"
"Display Products Availability in Stock on Storefront","Прикажи доступност производа у залихама у продавници"
"Product Stock Options","Опције залиха производа"
"Automatically Return Credit Memo Item to Stock","Аутоматски врати кредитни меморандум на залиху"
Stock,Залихе
"Index stock","Индеx залиха"
"Use Deferred Stock Update","Користи одложено ажурирање залиха"
"The Product stock item is invalid. Verify the stock item and try again.","Погрешна ставка у листи производа. Проверите ставку и покушајте поново."
"The stock item was unable to be saved. Please try again.","Производ није могао бити сачуван. Молимо покушајте поново."
"The stock item with the ""%1"" ID wasn't found. Verify the ID and try again.","Производ са ""%1"" ИД-јем није пронађен. Проверите ИД и покушајте поново."
"The stock was unable to be saved. Please try again.","Лагер није могао бити сачуван. Молимо покушајте поново."
"The stock with the ""%1"" ID wasn't found. Verify the ID and try again.","Лагер са ""%1"" ИД-јем није пронађен. Проверите ИД и покушајте поново."
"The stock status was unable to be saved. Please try again.","Статус магацина није могао бити сачуван. Молимо покушајте поново."
"The ""%1"" value is invalid for stock ID. Enter stock with a default value of %2 to try again.","""%1"" неисправна вредност за ИД магацина. Упишите залихе са подразумавеном вредношћу %2 да бисте покушали поново."
"The ""%1"" value is invalid for stock item ID. Enter either zero or a number than zero to try again.","""%1"" је неисправна вредност за ИД производа. Упишите 0 или број и онда поново 0 да бисте покушали поново."
"The ""%1"" value is invalid for stock item ID. Use the stock item ID's assigned ""%2"" value and try again.","""%1"" вредност није исправна за ИД производа. Користите ИД додељен ""%2"" вредност и покушајте поново."
"The requested qty is not available","Тражена кол није доступна"
"Quantity increments can't use decimals. Enter a new increment and try again.","За повећање количине не можете користити децимале. Упишите нове износе и покушајте поново."
"New Permission","Нова дозвола"
"You already have a permission with this scope.","Већ имате дозволу у овом опсегу."
(Allow),(Дозволи)
(Deny),(Забрани)
"Category Permissions","Дозволе категорија"
"Browsing Category","Претраживање категорије"
"Display Product Prices","Прикажи цене производа"
"No, Redirect to Landing Page","Не, преусмери на Ландинг страницу"
"Permission with the same scope","Дозвола са истим опсегом"
"You may need more permissions to access this category.","Потребна вам је дозвола за приступ овој категорији."
"You may need more permissions to access this product.","Потребна вам је дозвола за приступ овом производу."
"You cannot add ""%1"" to the cart.","Не можете додати ""%1"" у корпу."
"Permissions do not depend on store views.","Дозволе не зависе од прегледа продавнице."
"All Customer Groups","Све групе купаца"
Allow,Дозволи
Deny,Забрани
"Use parent","Користи родитељски"
"Category Permissions Section","Одељак дозвола категорија"
"<strong style=""color:red"">Warning!</strong> By default this feature restricts all categories.","<стронг стyле=""цолор:ред"">Упозорење!</стронг> Подразумевано, ова функција ограничава све категорије."
"Allow Browsing Category","Омогући претраживање категорија"
"Landing Page","Ландинг Страница"
"Allow Adding to Cart","Дозволи додавање у корпу"
"Disallow Catalog Search By","Онемогући претрагу каталога по"
"Catalog Category Permissions","Дозволе каталога категорија"
"Indexed permissions for categories","Индексиране дозволе за категорије"
"Catalog Product Permissions","Дозволе каталога производа"
"Indexed permissions for products","Индексиране дозволе за производе"
"Delete Rule","Обриши Правило"
"Save and Apply","Сачувај и Примени"
"Catalog Price Rule","Правило Цене у Каталогу"
"Add New Rule","Додај Ново Правило"
"Apply Rules","Примени Правило"
Conditions,Услови
Promotions,Промоције
"We found updated rules that are not applied. Please click ""Apply Rules"" to update your catalog.","Пронашли смо ажурирана правила која нису примењена. Молимо кликните на ""Апплy Рулес"" да бисте ажурирали каталог."
"You deleted the rule.","Обрисали сте правило."
"We can't delete this rule right now. Please review the log and try again.","Wе цан'т делете тхис руле ригхт ноw. Плеасе ревиеw тхе лог анд покушајте поново."
"New Catalog Price Rule","Ново Правило Цене у Каталогу"
"Edit Rule","Измени Правило"
"New Rule","Ново правило"
"You saved the rule.","Сачували сте правило."
"Something went wrong while saving the rule data. Please review the error log.","Дошло је до грешке приликом чувања података о правилу. Молимо проверите евиденцију грешака."
Promo,Промотивно
"Unable to save rule %1","Није могуће саве руле %1"
"Rule with specified ID ""%1"" not found.","Правило са наведеним ИД ""%1"" није пронађено."
"Unable to remove rule %1","Није могуће ремове руле %1"
"Catalog rule indexing failed. See details in exception log.","Неуспешно индексирање правила каталога. Проверите детаље у извештају грешака."
"Percentage discount should be between 0 and 100.","Попуст у процентима треба да буде између 0 и 100."
"Discount value should be 0 or greater.","Вредност попуста треба бити 0 или већа."
"Unknown action.","Непозната акција."
"Update the Product","Ажурирај Производ"
"Rule price","Правило формирања цене"
"To Fixed Value","Фиксна вредност"
"To Percentage",Проценат
"By Fixed value","По фиксној вредности"
"By Percentage","По проценту"
"Update product's %1 %2: %3","Ажурирај производе %1%2:%3"
"Apply as percentage of original","Примени као проценат оригинала"
"Apply as fixed amount","Примени као фиксни износ"
"Adjust final price to this percentage","Прилагоди коначну цену овом проценту"
"Adjust final price to discount value","Прилагоди крајњу цену сниженој вредности"
"Conditions Combination","Услови Комбинације"
"Product Attribute","Атрибути производа"
"Updated rules applied.","Примењена су ажурирана правила."
"You disabled %1 Catalog Price Rules based on ""%2"" attribute.","Онемогућили сте %1 правила цене каталога на основу ""%2"" атрибута."
"Catalog Rule Product","Правило каталога производа"
"Indexed rule/product association","Индексирано правило/група производа"
"Catalog Product Rule","Правило каталога производа"
"Indexed product/rule association","Индексирани производи/група правила"
"Rule Information","Правило Информација"
"Rule Name","Назив Правила"
Priority,Приоритет
"Discard subsequent rules","Одбаците наредна правила"
"Edit Rule '%1'","Измени Руле '%1'"
"Undefined condition type ""%1"" passed in.","Недефинисани услов типа ""%1"" је прошло."
"Undefined SQL operator ""%1"" passed in. Valid operators are: %2","Недефинисани СQЛ оператор ""%1"" је прошао. Валидни оператори су: %2"
"Undefined rule operator ""%1"" passed in. Valid operators are: %2","Недефинисани оператор правила ""%1"" је прошао. Валидни оператори су: %2"
"Undefined rule aggregator ""%1"" passed in. Valid operators are: %2","Недефинисани агрегатор правила ""%1"" је прошао. Валидни оператори су: %2"
"The ""%1"" rule was unable to be saved. Please try again.","""%1"" правило није сачувано. Молимо покушајте поново."
"The rule with the ""%1"" ID wasn't found. Verify the ID and try again.","Правило са ""%1"" ИД-ем није пронађено. Проверите ИД и покушајте поново."
"The ""%1"" rule couldn't be removed.","""%1"" правило не може бити уклоњено."
"Future Update in this time range already exists. Select a different range to add a new Future Update.","Футуре Ажурирај ин тхис тиме ранге алреадy еxистс. Изабери а дифферент ранге то адд а неw Футуре Ажурирај."
"Smth went to exception","Нешто је наишло на изузетак"
"Scheduled Changes","Заказане Промене"
"Update Information","Ажурирање информација"
"Remove Catalog Price Rule from Update","Уклони Правило цене каталога из ажурирања"
"Schedule Update","Заказано ажурирање"
"Update Name","Ажурирај назив"
"Save as a New Update","Сачувај као Ново Ажурирање"
"Move to Another Update","Пређи на Следеће Ажурирање"
"Delete the Update","Обриши Ажурирање"
"The catalog price rule will be removed from the update and all scheduled changes will be lost.","Правило цене у каталогу ће бити уклоњено из ажурирања и све заказане промене ће бити изгубљене."
"End Time","Време завршетка"
"Catalog Price Rules","Правило Цене у Каталогу"
"Remove Catalog Price Rule from Campaign","Уклони Правило цене каталога из кампање"
"Future Update End Time cannot be equal or earlier than Start Time.","Футуре Ажурирај Крај Време не може бе еqуал ор еарлиер тхан Почетак Време."
"Move to Another Campaign","Премести то Анотхер Кампања"
"Future Update already exists in this time range. Set a different range and try again.","Будуће ажурирање већ постоји у том временском опсегу. Подесите други опсег и покушајте поново."
"Catalog Advanced Search","Напредна Претрага Каталога"
"Advanced Search Results","Напредна Претрага Резултата"
"Search Weight","Претражи Тежину"
Relevance,Релевантност
"Search results for: '%1'","Претражи резултате за: '%1'"
"Minimum Search query length is %1","Минимална дужина низа претраге је %1"
"Search term is empty","Тражени термин је празан"
"Please specify at least one search term.","Молим вас да наведете најмање један појам за тражење."
"%1 and greater","%1 и веће"
"up to %1","до %1"
". "" which is inconsistent with state of scope resolver""",". ""што није у складу са изјавом о решавању опсега"""
"Bucket does not exist","Буцкет не постоји"
"Search Settings","Подешавање претраге"
"Advanced Search","Напредна претрага"
"<strong>%1 item</strong> were found using the following search criteria","<стронг>%1 производ</стронг> је пронађен користећи следеће критеријуме претраге"
"<strong>%1 items</strong> were found using the following search criteria","<стронг>%1 производ</стронг> је пронађен користећи следеће критеријуме претраге"
"Modify your search.","Прилагодите своју претрагу."
"Don't see what you're looking for?","Не видите оно што тражите?"
"Your search returned no results.","Ваша претрага није вратила резултате."
"Catalog Search","Претрага каталога"
"Popular Search Terms","Популарни тражени појмови"
"Minimal Query Length","Минимална дужина упита"
"Maximum Query Length","Максимална дужина упита"
"Number of top search results to cache","Број резултата претрага на врху за кеширање"
"Rebuild Catalog product fulltext search index","Поново покрени претрагу каталога куцањем пуног назива"
"Modify your search","Измените претрагу"
"Test Exception","Изузетак теста"
"Please enter a valid price range.","Молимо унесите валидни опсег цене."
"Number of popular search terms to be cached for faster response. Use “0” to cache all results after a term is searched for the second time.","Број популарних претраживаних термина који се кеширају за бржи одговор. Користи ""0"" да кеширате све резултате након што је појам тражен други пут."
"Enable EAV Indexer","Омогући ЕАВ Индексер"
"Enter a search term and try again.","Упишите термин за претрагу и покушајте поново."
"The bucket doesn't exist.","Копча не постоји."
"Deprecation Notice","Обавештење о депрецијацији"
"Autocomplete Limit","Аутокомплит Лимит"
"The requested price is not found.","Тражена цена није пронађена."
"Update %1 from %2 to %3.","Ажурирај %1 из %2 до %3."
View/Edit,Преглед/Промена
Preview,Преглед
"Set Product as New","Постави Производ као Нов"
"New Theme","Нова Тема"
"The category will be removed from the update and all scheduled changes will be lost.","Категорија ће бити уклоњена из ажурирања и све заказане промене ће бити изгубљене."
"Remove Product from Update","Уклони Производ из Ажурирања"
"The product will be removed from the update and all scheduled changes will be lost.","Производ ће бити уклоњен из ажурирања и све заказане промене ће бити изгубљене."
"Currently Active","Тренутно Активне"
Path,Путања
"Remove Category from Campaign","Уклони Категорија фром Кампања"
"Remove Product from Campaign","Уклони Производ фром Кампања"
"Problem with creating product update.","Проблем са креирањем ажурирања производа."
"The product was unable to be saved. Please try again.","Производ није сачуван. Молимо покушајте касније."
"Create Permanent Redirect for old URL","Креирај Трајно Преусмерење за стари УРЛ"
"Invalid URL key","Неисправан УРЛ кључ"
"Category URL Suffix","Суфикс за категорију у оквиру УРЛ адресе"
"You need to refresh the cache.","Морате освежити кеш."
"Product URL Suffix","УРЛ суфикс производа"
"Use Categories Path for Product URLs","Користи путању категорије за УРЛ производа"
"Create Permanent Redirect for URLs if URL Key Changed","Користи Трајно Преусмерење за УРЛ ако се промени УРЛ кључ"
"Please choose a condition to add.","Молимо одаберите који ћете услов додати."
"Catalog Products List","Каталог са Листом Производа"
"List of Products","Листа Производа"
"Products Grid Template","Шаблон Мреже Производа"
"Invalid method: %1","Неисправна метода: %1"
State/Province,Држава/Провинција
"My Cart (1 item)","Корпа (1 производ)"
"My Cart (%1 items)","Корпа (%1 производа)"
"My Cart",Корпа
"For delivery questions.","За питања о испоруци."
"Customer is already registered","Купац је већ регистрован"
"Your session has expired","Ваша сесија је истекла"
"A letter with further instructions will be sent to your email.","Писмо са даљњим инструкцијама ће Вам бити послато на мејл."
"We can't find the quote item.","Не можемо пронаћи ставку понуде."
"We cannot configure the product.","Не можемо конфигурисати производ."
"You used coupon code ""%1"".","Искористили сте код купона ""%1""."
"You canceled the coupon code.","Отказали сте купон."
"We cannot apply the coupon code.","Не можемо применити купон."
"We can't remove the item.","Не можемо уклонити ставку."
"%1 was updated in your shopping cart.","%1 је ажуриран у вашој корпи."
"We can't update the item right now.","Тренутно не можемо ажурирати ставку."
"We can't update the shopping cart.","Не можемо да ажурирамо корпу."
"One-page checkout is turned off.","Плаћање на страници је искључено."
"Guest checkout is disabled.","Није омогућено плаћање госту."
Checkout,Плаћање
"Something went wrong while processing your order. Please try again later.","Дошло је до грешке током процесирања ваше поруџбине. Молимо покушајте поново касније."
"%1 doesn't extend \Magento\Checkout\CustomerData\ItemInterface","%1 не продужава \Магенто\Цхецкоут\ЦустомерДата\ИтемИнтерфаце"
"Payment Method","Начин плаћања"
"Payment Page","Страница за Плаћање"
"We can't find the product.","Не можемо пронаћи производ."
"We found an invalid request for adding product to quote.","Пронашли смо неисправан захтев за додавање производа."
"The product does not exist.","Производ не постоји."
"We don't have some of the products you want.","Немамо неке од тражених производа."
"We don't have as many of some products as you want.","Немамо онолико производа колико желите."
"Quantity was recalculated from %1 to %2","Количине су поново израчунате из %1 у %2"
"We adjusted product quantities to fit the required increments.","Количине производа смо прилагодили да одговарају повећаним захтевима."
"This quote item does not exist.","Наведени производ не постоји."
"Display number of items in cart","Приказани број производа у корпи"
"Display item quantities","Прикажи количине производа"
"Shipping address is not set","Адреса доставе није постављена"
"Unable to save shipping information. Please check input data.","Није могуће саве схиппинг информатион. Плеасе цхецк инпут дата."
"Carrier with such method not found: %1, %2","Носач са том методом није пронађен: %1, %2"
"Shipping method is not applicable for empty cart","Достава метход ис нот апплицабле фор емптy царт"
" item"," ставка"
" items"," ставке"
"Totals calculation is not applicable to empty cart","Не може се израчунати укупан износ за празну корпу"
"Invalid data","Неисправни подаци"
"The customer address is not valid.","Корисничка адреса није исправна."
"Invalid shipping method","Неисправан начин доставе"
"There are more than one shipping addresses.","Постоји више од једне адресе за доставу."
"Sorry, guest checkout is not available.","Жао нам је, куповина као госту није могућа."
"You must confirm your account. Please check your email for the confirmation link or <a href=""%1"">click here</a> for a new link.","Морате потврдити свој налог. Молимо проверите своју електронску пошту за линк за потврду или <а хреф=""%1"">кликните овде</а> за нови линк."
"Load customer quote error","Грешка приликом учитавања понуде корисника"
"Error message!","Порука о грешци!"
Error!,Грешка!
"DB exception","ДБ изузетак"
"Print receipt","Штампа признанице"
"Apply Discount Code","Примени код за попуст"
"Enter discount code","Унеси код за попуст"
"Apply Discount","Примени попуст"
"Cancel Coupon","Откажи купон"
"Continue Shopping","Наставите куповину"
"Clear Shopping Cart","Испразни корпу"
"Update Shopping Cart","Ажурирање корпе са артиклима"
"Update Cart","Ажурирај корпу"
"You have no items in your shopping cart.","Немате артикле у корпи."
"Click <a href=""%1"">here</a> to continue shopping.","Кликните <а хреф=""%1"">овде</а> да наставите куповину."
"Estimate Tax","Процењене таксе"
"Estimate Shipping and Tax","Процењена достава и таксе"
"Order #","Поруџбина #"
"Proceed to Checkout","Настави ка плаћању"
"Your order number is: %1.","Број Ваше поруџбине је: %1."
"Your order # is: <span>%1</span>.","Ваша поруџбина # је: <спан>%1</спан>."
"We'll email you an order confirmation with details and tracking info.","Послаћемо вам потврду поруџбине на мејл, са детаљима и информацијама за праћење пошиљке."
"Payment Transaction Failed Reminder","Потсетник неуспешних трансакција плаћања"
"Payment Transaction Failed","Неуспешна трансакција плаћања"
Reason,Разлог
"Checkout Type","Начин обраде поруџбине"
Customer:,Купац:
Total:,Укупно:
"Billing Address:","Адреса за фактурисање:"
"Shipping Address:","Адреса за доставу:"
"Shipping Method:","Начин доставе:"
"Payment Method:","Начин плаћања:"
"Date & Time:","Датум и време:"
"Sign In",Пријава
"Email Address","Емаил адреса"
"Forgot Your Password?","Заборавили сте лозинку?"
"My billing and shipping address are the same","Моја адреса за доставу и плаћање су исте"
Update,Ажурирај
"Save in address book","Сачувај у адресару"
"Estimated Total","Процена Укупно"
"You can create an account after checkout.","Можете креирати профил корисника након наплате."
"You already have an account with us. Sign in or continue as guest.","Вец́ имате профил код нас. Пријавите се или наставите као гост."
Login,Пријава
"See Details","Погледај детаље"
"Options Details","Детаљи Опција"
"Cart Subtotal","Збир у Корпи"
"No Payment method available.","Није доступан ниједан начин плаћања."
"You can track your order status by creating an account.","Статус ваше поруџбине можете пратити стварањем корисничког профила."
"Forgot an Item?","Заборавили сте производ?"
"Edit Your Cart","Измени Корпу"
"Ship Here",Достава
"Ship To:","Достава На:"
edit,измени
"Order Summary","Резиме поруџбине"
"View and Edit Cart","Преглед и Измена Корпе"
"Field ","Поље "
" is required."," је обавезно."
"Provided Zip/Postal Code seems to be invalid.","Поштански број није исправан."
" Example: "," Пример: "
"If you believe it is the right one you can ignore this notice.","Уколико верујете да је исправно, можете игнорисати ово обавештење."
"New Address","Нова адреса"
"Are you sure you would like to remove this item from the shopping cart?","Желите уклонити овај производ из корпе?"
"Review & Payments","Прегледи и Плаћања"
"Select a new payment method","Одаберите нови начин плаћања"
"Save Address","Сачувај адресу"
"Please specify a shipping method.","Молимо одабериде метод доставе."
"Checkout Options","Опције Плаћања"
"Enable Onepage Checkout","Омогући једнострано плаћање"
"Allow Guest Checkout","Дозволи поруџбине од стране госта"
"Display Billing Address On","Прикажи адресу за слање рачуна"
"Maximum Number of Items to Display in Order Summary","Максималан број артикала који се приказује у поруџбини"
"Quote Lifetime (days)","Трајање Навода (дани)"
"After Adding a Product Redirect to Shopping Cart","Након додавања производа преусмери на корпу"
"Number of Items to Display Pager","Број Производа у Приказу Страница"
"My Cart Link","Линк Моје Корпе"
"Display Cart Summary","Прикажи Укупан Износ у Корпи"
"Shopping Cart Sidebar","Сидебар Корпе"
"Display Shopping Cart Sidebar","Прикажи Сидебар Корпе"
"Number of Items to Display Scrollbar","Број производа у Дисплаy Сцроллбар"
"Maximum Number of Items to Display","Максималан број ставки за приказ"
"Payment Failed Emails","Мејл Неуспешно Плаћање"
"Payment Failed Email Sender","Пошиљалац Мејла Неуспешно Плаћање"
"Payment Failed Email Receiver","Прималац Мејла Неуспешно Плаћање"
"Payment Failed Template","Шаблон неуспешно плаћање"
"Send Payment Failed Email Copy To","Пошаљи копију мејла о неуспешном плаћању"
"Separate by "","".","Одвојено "",""."
"Send Payment Failed Email Copy Method","Пошаљи копију мејла о неуспешном плаћању"
"Order Total","Укупан износ"
"Shipping Address","Адреса за доставу"
"We'll send your order confirmation here.","Послаћемо вам потврду поруџбине овде."
Payment,Плаћање
"Not yet calculated","Још увек није израчунато"
"We received your order!","Примили смо Вашу поруџбину!"
"Thank you for your purchase!","Захваљујемо Вам се на куповини!"
"Unable to save address. Please, check input data.","Није могуће саве аддресс. Плеасе, цхецк инпут дата."
"Unable to save shipping information. Please, check input data.","Није могуће саве схиппинг информатион. Плеасе, цхецк инпут дата."
"Cart contains virtual product(s) only. Shipping address is not applicable.","Корпа цонтаинс виртуал продуцт(с) онлy. Достава аддресс ис нот апплицабле."
"Wrong minimum amount.","Погрешан минимални износ."
"<a href=""%1"" onclick=""this.target='_blank'"" class=""print"">Print receipt</a>","<а хреф=""%1"" онцлицк=""тхис.таргет='_бланк'"" цласс=""принт"">Одштампај рачун</а>"
"Forgot Password","Заборавили сте лозинку"
item,ставка
items,ставке
"Go to Checkout","Го то Наплата"
"Recently added item(s)","Недавно додан(и) производ(и)"
"View and edit cart","Прегледај и уреди корпу"
"No Payment Methods","Начин плаћања"
"Shipping Methods","Начин Доставе"
"Select Method","Изаберите метод"
"Method Title","Назив метода"
"Carrier Title","Назив превозника"
"Item in Cart","Производ у Корпи"
"Items in Cart","Производа у Корпи"
"Require Customer To Be Logged In To Checkout","Реqуире Купац То Бе Логгед Ин То Наплата"
of,од
"Something went wrong while saving the page. Please refresh the page and try again.","Дошло је до грешке приликом спремања странице. Молимо освежите страницу и покушајте поново."
"You added %1 to your <a href=""%2"">shopping cart</a>.","Додали сте %1 у вашу <а хреф=""%2"">корпу</а>."
"Please select at least one product to add to cart","Изаберите најмање један производ који ц́ете додати у корпу"
"The quote item isn't found. Verify the item and try again.","Наведени производ није пронађен. Проверите производ и покушајте поново."
"The product wasn't found. Verify the product and try again.","Производ није пронађен. Проверите производ и покушајте поново."
"A server error stopped your order from being placed. Please try to place your order again.","Грешка на серверу је зауставила поруџбину. Молимо Вас да поново покушате да поручите."
"The shipping address is missing. Set the address and try again.","Недостаје адреса за доставу. Упишите адресу и покушајте поново."
"The shipping information was unable to be saved. Verify the input data and try again.","Подаци о отпреми нису успели да се сачувају. Проверите улазне податке и покушајте поново."
"The shipping method can't be set for an empty cart. Add an item to cart and try again.","Начин доставе се не може подесити када је корпа празна. Додајте производ у корпу и покушајте поново."
"Something went wrong with your request. Please try again later.","Дошло је до грешке у вашем захтеву. Молимо покушајте поново касније."
"The shipping method is missing. Select the shipping method and try again.","Недостаје начин доставе. Одаберите начин доставе и покушајте поново."
"Show Cross-sell Items in the Shopping Cart","Прикажи Цросс-селл производе у корпи"
"Please specify a regionId in shipping address.","Молимо наведите регион у адреси за доставу."
"Terms and Conditions","Услови Коришћења"
"Add New Condition","Додај Нови Услов"
"Save Condition","Сачувај Услов"
"Delete Condition","Обриши Услов"
"Edit Terms and Conditions","Измени Услове Коришћења"
"New Terms and Conditions","Нови Услови Коришћења"
"Terms and Conditions Information","Информације о Условима Коришћења"
"Condition Name","Назив Услова"
"Show Content as","Прикажи Садржај као"
HTML,ХТМЛ
Applied,Примењено
"Checkbox Text","Текст у пољу за Потврду"
"Content Height (css)","Висина Садржаја (цсс)"
"Content Height","Висина Садржаја"
Condition,Стање
Sales,Продаја
"Checkout Conditions","Услови Плаћања"
"Checkout Terms and Conditions","Услови Плаћања и Коришћења"
"This condition no longer exists.","Овај услов више не постоји."
"You deleted the condition.","Обрисали сте услов."
"Something went wrong  while deleting this condition.","Дошло је до грешке приликом брисања овог услова."
"Edit Condition","Измени Услов"
"New Condition","Нови Услов"
"You saved the condition.","Сачували сте услов."
"Something went wrong while saving this condition.","Дошло је до грешке приликом чувања овог услова."
Automatically,Аутоматски
Manually,Ручно
"Unable to save checkout agreement %1","Није могуће саве цхецкоут агреемент %1"
"Unable to remove checkout agreement %1","Није могуће ремове цхецкоут агреемент %1"
"Checkout agreement with specified ID ""%1"" not found.","Уговор о наплати са наведеним ИД ""%1"" није пронађен."
"Terms & Conditions","Услови Коришћења"
"Enable Terms and Conditions","Омогући Услове Коришћења"
"The ""%1"" checkout agreement couldn't be saved.","""%1"" уговор о наплати није могао да буде сачуван."
"The ""%1"" checkout agreement couldn't be removed.","""%1"" уговор о наплати није могао да буде уклоњен."
"A checkout agreement with the ""%1"" specified ID wasn't found. Verify the ID and try again.","Уговор о плаћању са ""%1"" ИД-ем није пронађен. Провери ИД и покушај поново."
"Preview mode doesn't allow submitting the order.","Преглед моде доесн'т аллоw субмиттинг тхе ордер."
"Preview Quote Lifetime (minutes)","Преглед Понуда Лифетиме (минутес)"
"Static Blocks","Статички Блокови"
"Add New Block","Додај Нови Блок"
"Delete Block","Избриши Блок"
"Save Block","Сачувај Блокирај"
Identifier,Идентификатор
"Manage Pages","Управљај Страницама"
"Add New Page","Додај Нову Страницу"
"Delete Page","Избриши Страницу"
"Save Page","Сачувај Страницу"
Created,Креиран
Modified,Измењено
"Media Storage","Складиште Медиа садржаја"
"Create Folder...","Креирај Фолдер..."
"Delete Folder","Избришите фасциклу"
"Delete File","Избриши датотеку"
"Insert File","Убаци Датотека"
"New Folder Name:","Нови Назив Фолдера:"
"Are you sure you want to delete this folder?","Да ли сте сигурни да желите да избришете овај фолдер?"
"Are you sure you want to delete this file?","Да ли сте сигурни да желите да обришете ову датотеку?"
"Images (%1)","Слике (%1)"
CMS,ЦМС
"You deleted the block.","Обрисали сте блок."
"We can't find a block to delete.","Не можемо пронаћи блок за брисање."
"This block no longer exists.","Овај блок више не постоји."
"Edit Block","Измени Блок"
"New Block","Нови Блок"
Blocks,Блокови
"You saved the block.","Сачували сте блок."
"Something went wrong while saving the block.","Дошло је до грешке приликом чувања блока."
"The page has been deleted.","Страница је обрисана."
"We can't find a page to delete.","Не можемо пронаћи страну за брисање."
"This page no longer exists.","Ова страница више не постоји."
"Edit Page","Измени страницу"
"New Page","Нова Страница"
Pages,Странице
"Something went wrong while saving the page.","Дошло је до грешке приликом чувања странице."
"A total of %1 record(s) have been disabled.","Укупно %1 запис(а) је онемогућен."
"A total of %1 record(s) have been enabled.","Укупно %1 запис(а) је омогућен."
"Page Title","Наслов стране"
"To apply changes you should fill in hidden required ""%1"" field","Да бисте применили промене морате попунити скривени захтев ""%1"" поља"
"You saved the page.","Сачували сте страницу."
"Directory %1 is not under storage root path.","Директоријум %1 није у магацину роот путање."
"The directory %1 is not writable by server.","Директоријум %1 није уписив од сервера."
"Make sure that static block content does not reference the block itself.","Уверите се да садржај статичног блока не наводи сам блок."
"CMS Block with id ""%1"" does not exist.","ЦМС блок са ИД ""%1"" не постоји."
"Enabled by Default","Омогућено по дифолту"
"Disabled by Default","Онемогућено по дифолту"
"Disabled Completely","У потпуности Онемогућено"
"This identifier is reserved for ""CMS No Route Page"" in configuration.","Овај идентификатор је резервисан за ""ЦМС Но Роуте Паге"" у конфигурацијама."
"This identifier is reserved for ""CMS Home Page"" in configuration.","Овај идентификатор је резервисан за ""ЦМС Хоме Паге"" у конфигурацијама."
"This identifier is reserved for ""CMS No Cookies Page"" in configuration.","Овај идентификатор је резервисан за ""ЦМС Но Цоокиес Паге"" у конфигурацијама."
"Could not save the page: %1","Није могуће сачувати страницу: %1"
"CMS Page with id ""%1"" does not exist.","ЦМС страница са ИД ""%1"" не постоји."
"Could not delete the page: %1","Није могуће избрисати страницу: %1"
"A block identifier with the same properties already exists in the selected store.","Идентификатор блока са истим подешавањима већ постоји у одабраној продавници."
"The page URL key cannot be made of only numbers.","Тхе паге УРЛ кеy не може бе маде оф онлy нумберс."
"Please rename the folder using only letters, numbers, underscores and dashes.","Молимо преименујте фолдер користећи само слова, бројеве, доње црте и цртице."
"We found a directory with the same name. Please try another folder name.","Нашли смо директоријум са истим називом. Молимо покушајте користити неко друго име."
"We cannot create a new directory.","Не можемо креирати нови директоријум."
"We cannot delete directory %1.","Не можемо избрисати директоријум %1."
"We can't upload the file right now.","Не можемо отпремити фајл тренутно."
"Privacy and Cookie Policy","Полиса о Приватности и Колачићима"
"Error message","Порука грешке"
LocalizedException,"Локализовани изузетак"
Exception,Изузетак
"Could not create a directory.","Нисмо могли креирати директоријум."
"Are you sure you want to delete a %1 record?","Да ли сте сигурни да желите да обришете %1 запис?"
View,Преглед
"No files found","Датотеке нису пронађене"
"Media Gallery","Медиа Галерија"
"Content Management","Управљање Садржајима"
"CMS Home Page","ЦМС Почетна Страница"
"CMS No Route Page","ЦМС Нема Путање Страница"
"CMS No Cookies Page","ЦМС Нема Колачића Страница"
"Show Breadcrumbs for CMS Pages","Прикажи Бреадцрумбс за ЦМС Странице"
"Browser Capabilities Detection","Откривање Могућности Претраге"
"Redirect to CMS-page if Cookies are Disabled","Преусмери на ЦМС страницу ако су Колачићи Онемогућени"
"Show Notice if JavaScript is Disabled","Прикажи Обавештење ако је ЈаваСцрипт Онемогућен"
"Show Notice if Local Storage is Disabled","Прикажи Обавештење ако је Локално Складиште Онемогућено"
"WYSIWYG Options","WYСИWYГ Опције"
"Enable WYSIWYG Editor","Омогући WYСИWYГ Едитор"
"CMS Page Link","Линк ЦМС Странице"
"Link to a CMS Page","Линк до ЦМС Странице"
"CMS Page","ЦМС Страница"
"Select Page...","Одабери Страницу..."
"If empty, the Page Title will be used","Ако је празно, Наслов Странице ће бити коришћен"
"CMS Page Link Block Template","Шаблон Блок Линкова на ЦМС Страници"
"CMS Page Link Inline Template","Шаблон Линкова у Реду на ЦМС Страници"
"CMS Static Block","ЦМС Статички Блок"
"Contents of a Static Block","Садржаји Статичног Блока"
Block,Блокови
"Select Block...","Одабери Блок..."
"CMS Static Block Default Template","ЦМС Подразумевани Шаблон Статичког Блока"
"Enable Block","Омогући Блок"
"Block Title","Наслов Блока"
"Are you sure you want to delete selected items?","Да ли сте сигурни да желите да обришете одабране ставке?"
"Page Information","Информације о Страници"
"Enable Page","Омогући Страницу"
"Content Heading","Заглавље Садржаја"
"Page in Websites","Странице у Wеб Сајту"
"Custom Design Update","Ажурирање Одабраног дизајна"
"New Layout","Нови Распоред"
"Custom design from","Одабрани дизајн од"
"Custom design to","Одабрани дизајн до"
"Custom Theme","Прилагођена Тема"
"Custom Layout","Прилагођени Распоред"
"Edit Block '%1'","Измени Блокирај '%1'"
"Edit Page '%1'","Измени Страница '%1'"
"Page Layout","Распоред странице"
"Custom Design From","Цустом Дизајн Фром"
"Custom Design To","Цустом Дизајн То"
"Custom Layout Update XML","Цустом Лаyоут Ажурирај XМЛ"
"Page Status","Страница Статус"
Keywords,"Кључне речи"
"You saved this page.","Сачували сте ову страницу."
"Could not create directory.","Није могуће креирати директоријум."
"Delete ${ $.$data.title }","Обриши ${ $.$дата.титле }"
"Are you sure you wan't to delete a ${ $.$data.title } record?","Да ли сте сигурни yоу wан'т то делете а ${ $.$дата.титле } рецорд?"
"Delete ""${ $.$data.title }""","Обриши ""${ $.$дата.титле }"""
"Are you sure you wan't to delete a ""${ $.$data.title }"" record?","Да ли сте сигурни да желите да обришете ""${ $.$дата.титле }"" запис?"
"Are you sure you wan't to delete selected items?","Да ли сте сигурни yоу wан'т то делете селецтед итемс?"
"File validation failed.","Неуспешна валидација фајлова."
"Are you sure you wan't to delete a %1 record?","Да ли сте сигурни yоу wан'т то делете а %1 рецорд?"
"Search Engine Optimisation","Оптимизација за претраживаче"
"Delete Selected","Избриши одабрано"
"Create Folder","Креирај директоријум"
"You duplicated the block.","Дуплирали сте блок."
"You duplicated the page.","Дуплирали сте страницу."
"The CMS block with the ""%1"" ID doesn't exist.","ЦМС блок са ""%1"" ИД не постоји."
"The CMS page with the ""%1"" ID doesn't exist.","ЦМС страница са ""%1"" ИД не постоји."
"The page URL key can't use capital letters or disallowed symbols. Remove the letters and symbols and try again.","У УРЛ кључу странице се не могу користити велика слова и недозвољени карактери. Уклоните слова и симболе и покушајте поново."
"The page URL key can't use only numbers. Add letters or words and try again.","У УРЛ кључу не можете користити само бројеве. Додајте слова или речи и покушајте поново."
"Upload Images","Убаци Слике"
"Default Page Layout","Подразумевани Распоред Страница"
"""identifiers"" of CMS blocks should be specified","""идентификатори"" ЦМС блокова треба да буду наведени"
"""Page id should be specified","""ИД странице треба да буде наведен"
"The block will be removed from the update and all scheduled changes will be lost.","Блок ће бити уклоњен из ажурирања и све заказане промене ће бити изгубљене."
"Remove CMS page from Update","Уклони ЦМС паге фром Ажурирај"
"Search Engine Optimisation","Претрага Енгине Оптимисатион"
"The page will be removed from the update and all scheduled changes will be lost.","Страна ће бити уклоњен из ажурирања и све заказане промене ће бити изгубљене."
"CMS Pages","ЦМС странице"
"CMS Blocks","ЦМС блокови"
"Remove CMS block from Campaign","Уклони ЦМС блоцк фром Кампања"
"Remove CMS page from Campaign","Уклони ЦМС паге фром Кампања"
"Remove CMS Page from Campaign","Уклони ЦМС Страница фром Кампања"
"Remove CMS Block from Campaign","Уклони ЦМС Блокирај фром Кампања"
"Delete Customer","Обриши Купца"
"Delete Company","Обриши компанију"
Companies,Компаније
"Add New Company","Додај нову компанију"
"Company Name:","Назив компаније:"
"Company Legal Name:","Правни назив компаније:"
"Company Email:","Емаил компаније:"
"VAT/TAX ID:",ПИБ:
"Re-seller ID:","ИД препродавца:"
"Street Address:","Стреет Адреса:"
City:,Град:
Country:,Земља:
State/Province:,Држава/Провинција:
"ZIP/Postal Code:","Поштански број:"
"Phone Number:","Број телефона:"
"Job Title:","Радно место:"
"Email Address:","Е-маил адреса:"
Prefix:,Префикс:
"First Name:",Име:
"Middle Name/Initial:","Средње име/Иницијал:"
"Last Name:",Презиме:
Suffix:,Суфикс:
Gender:,Пол:
Duplicated,Дупликат
"Company Structure","Структура компаније"
"New Company","Нова компанија"
"An error occurred on the server. Your changes have not been saved.","Дошло је до грешке он тхе сервер. Yоур цхангес хаве нот беен савед."
"Create New Company","Креирај нову компанију"
"Something went wrong. Please try again later.","Нешто није у реду. Покушајте поново латер."
"Invalid value of ""%value"" provided for the email field.","Неважећа вредност ""%валуе"" наведена за поље емаил."
"Invalid value ""%value"" given for the website ID field.","Неважећа вредност ""%валуе"" наведена за поље ИД веб сајта."
"The company no longer exists.","Компанија више не постоји."
"The requested company is not found","Тражена компанија није пронађена"
"A total of %1 record(s) were deleted.","Укупно %1 запис(а) је обрисано."
"Could not save company","Није могуће сачувати компанију"
"A user with this email address already exists in the system. If you proceed, the user will be linked to your company.","Корисник са овом емаил адресом већ постоји у систему. Ако наставите, корисник ће бити повезан са вашом компанијом."
"A user with this email address already exists in the system. Enter a different email address to create this user.","Корисник са овом емаил адресом већ постоји у систему. Унесите другу емаил адресу."
"You are not allowed to do this.","Није вам дозвољено да ово урадите."
"Cannot create the customer.","Не може се креирати купац."
"The customer was successfully created.","Купац је успешно креиран."
"You cannot delete yourself.","Не можете обрисати себе."
"Cannot delete this user.","Не може делете тхис усер."
"The customer was successfully deleted.","Купац је успешно обрисан."
"The customer was successfully updated.","Купац је успешно ажуриран."
"Company Profile","Профил компаније"
"The changes you made on the company profile have been successfully saved.","Тхе цхангес yоу маде он тхе цомпанy профиле су успешно савед."
"You must fill in all required fields before you can continue.","Yоу муст филл ин алл обавезно пољес бефоре yоу цан цонтинуе."
"Bad Request","Бад Захтев"
"Add New Role","Додај Ново Роле"
"Edit Role","Измени Роле"
"Roles and Permissions","Улоге и дозволе"
"The tree retrieved successfully.","Стабло је успешно преузето."
"The item was successfully moved.","Артикал је успешно премештен."
"The team was successfully deleted.","Тим је успешно обрисан."
"The team was successfully updated.","Тим је успешно ажуриран."
"The team was successfully created.","Тим је успешно креиран."
"Company Users","Корисници компаније"
"Pending Approval","Чека одобрење"
Rejected,Одбијено
Blocked,Блокирано
"The company admin cannot be moved to a different location in the company structure.","Тхе цомпанy админ не може бе мовед то а дифферент лоцатион ин тхе цомпанy струцтуре."
"A user or a team cannot be moved under itself.","А усер ор а теам не може бе мовед ундер итселф."
"A user or a team cannot be moved under its child user or team.","А усер ор а теам не може бе мовед ундер итс цхилд усер ор теам."
"Unable to move customer structure.","Није могуће преместити структуру купца."
"Cannot delete company with id %1","Не може делете цомпанy wитх ид %1"
"No company admin email is specified in request.","Не цомпанy админ емаил ис специфиед ин реqуест."
"No company admin website ID is specified in request.","Не цомпанy админ wебсите ИД ис специфиед ин реqуест."
"No such entity with id = %idValue","Не суцх ентитy wитх ид = %идВалуе"
"The user %1 is the company admin and cannot be set to inactive. You must set another user as the company admin first.","Тхе усер %1 ис тхе цомпанy админ анд не може бе сет то инацтиве. Yоу муст сет анотхер усер ас тхе цомпанy админ фирст."
"You cannot update the requested attribute. Row ID: %fieldName = %fieldValue.","Yоу не може упдате тхе реqуестед аттрибуте. Роw ИД: %фиелдНаме = %фиелдВалуе."
"Invalid attribute value. Cannot change company for a company admin.","Неисправан аттрибуте валуе. Не може цханге цомпанy фор а цомпанy админ."
"Company admin","Компанија админ"
"Company user","Компанија усер"
"Unable to set ""allow"" for the resource because its parent resource(s) is set to ""deny"".","Није могуће поставити ""дозволи"" за ресурс јер је његов надређени ресурс постављен на ""одбиј""."
"Invalid login or password.","Неисправно пријављивање или шифра."
"This account is locked.","Ваш налог је закључан."
"Invalid value of ""%value"" provided for the %fieldName field.","Неисправна вредност у ""%валуе"" обезбеђеној за %фиелдНаме поље."
"No such entity with %fieldName = %fieldValue","Не постоји ентитет са %фиелдНаме = %фиелдВалуе"
"This role cannot be deleted because users are assigned to it. Reassign the users to another role to continue.","Тхис роле не може бе делетед бецаусе усерс аре ассигнед то ит. Реассигн тхе усерс то анотхер роле то цонтинуе."
"You cannot delete a role when it is the only role in the company. You must create another role before deleting this role.","Yоу не може делете а роле wхен ит ис тхе онлy роле ин тхе цомпанy. Yоу муст цреате анотхер роле бефоре делетинг тхис роле."
"Cannot delete role with id %1","Не може делете роле wитх ид %1"
"Type %1 is not an instance of %2","Тип %1 није инстанца %2"
"Company with this email address already exists in the system. Enter a different email address to continue.","Компанија wитх тхис емаил аддресс алреадy еxистс ин тхе сyстем. Ентер а дифферент емаил аддресс то цонтинуе."
"Invalid attribute value. Rejected date&time and Rejected Reason can be changed only when a company status is changed to Rejected.","Неисправан аттрибуте валуе. Одбијен дате&тиме анд Одбијен Реасон цан бе цхангед онлy wхен а цомпанy статус ис цхангед то Одбијен."
"Could not save company: %1","Није могао саве цомпанy: %1"
"Cannot delete structure with id %1","Не може делете струцтуре wитх ид %1"
"Could not create team","Није могао цреате теам"
"This team has child users or teams aligned to it and cannot be deleted. Please re-align the child users or teams first.","Тхис теам хас цхилд усерс ор теамс алигнед то ит анд не може бе делетед. Плеасе ре-алигн тхе цхилд усерс ор теамс фирст."
"Could not update team","Није могао упдате теам"
"Cannot delete team with id %1","Не може делете теам wитх ид %1"
"You cannot assign a different role to a company admin.","Yоу не може ассигн а дифферент роле то а цомпанy админ."
"You cannot assign multiple roles to a user.","Yоу не може ассигн мултипле ролес то а усер."
"Cannot delete the company admin. Delete operation has been stopped. Please repeat the action for the other customers.","Не може делете тхе цомпанy админ. Обриши оператион је стоппед. Плеасе репеат тхе ацтион фор тхе отхер цустомерс."
"Something went wrong","Нешто није у реду"
"This customer company account is blocked and customer cannot place orders.","Тхис цустомер цомпанy аццоунт ис блоцкед анд цустомер не може плаце ордерс."
" - Duplicated","- Дуплицатед"
"Exception message","Порука о изузећу"
"No such entity.","Не суцх ентитy."
"error message","порука о грешци"
"Could not save role","Није могуће сачувати улогу"
"""%fieldName"" is required. Enter and try again.""%fieldName"" is required. Enter and try again.","""%фиелдНаме"" је обавезно. Унесите и покушајте поново.""%фиелдНаме"" је обавезно. Унесите и покушајте поново."
"Cannot delete team","Не може се обрисати тим"
"Role Name","Назив улоге"
"Role Name 15","Роле Назив 15"
"Company Name","Назив компаније"
"Customer Type:","Тип купца:"
Company:,Компанија:
"Company Information","Информације о компанији"
"Company Legal Name","Правни назив компаније"
"Company Email","Емаил компаније"
"VAT/TAX ID",ПИБ
"Re-seller ID","ИД препродавца"
"Legal Address","Правна адреса"
"Please select a region, state or province.","Молимо одаберите место."
"Phone Number","Број телефона"
"Company Administrator","Администратор компаније"
"Job Title","Радно место"
"New Company Account","Нови налог компаније"
"Create a Company Account","Креирај налог компаније"
"Add User","Додај Усер"
"Add Team","Додај Теам"
"Edit Selected","Измени Селецтед"
"User Role","Улога корисника"
"Team Title","Назив тима"
"You don't have a company account yet.","Још увек немате налог компаније."
"VAT/TAX ID: ",ПИБ:
"Re-seller ID: ","ИД препродавца:"
"You have no other address entries in your address book.","Немате више уноса у свом адресару."
Contacts,Контакти
"Role Information","Информације о улози"
"Role Permissions","Дозволе улоге"
"Save Role","Сачувај улогу"
"Add New User","Додај новог корисника"
"Create an Account","Креирај Налог"
"This action will replace your Company Admin.","Тхис ацтион wилл реплаце yоур Компанија Админ."
"You have been assigned to <a href=""%customer_url"">%company_name</a> as the Company Admin.","Додељени сте <а хреф=""%цустомер_урл"">%цомпанy_наме</а> као администратор компаније."
"* Create and manage company users and teams","* Креирај анд манаге цомпанy усерс анд теамс"
"* Create and manage company shipping and billing addresses","* Креирај анд манаге цомпанy схиппинг анд биллинг аддрессес"
"You've been added to the <a href=%customer_url>%company_name</a> as the company member.
    Once you enter your account,
    the company's shared resources will be available for you.","Додати сте у <а хреф=%цустомер_урл>%цомпанy_наме</а> као члан компаније.
    Када уђете у свој налог,
    дељени ресурси компаније биће вам доступни."
"If this is a mistake,
    please contact the company Admin at %company_admin_email.","Ако је ово грешка,
    контактирајте администратора компаније на %цомпанy_админ_емаил."
"Your account is now active. You can use it to login to the <a href=""%customer_url"">website</a>.","Ваш налог је сада активан. Можете га користити за пријављивање на <а хреф=""%цустомер_урл"">веб сајт</а>."
"Your account has been set to inactive and you cannot now access the company account. If you think this is a mistake, please contact your manager for details.","Yоур аццоунт је сет то инацтиве анд yоу не може ноw аццесс тхе цомпанy аццоунт. Иф yоу тхинк тхис ис а мистаке, плеасе цонтацт yоур манагер фор детаилс."
"A company registration request has been submitted by customer %customer. The account is temporarily locked until you approve or reject this company.","А цомпанy регистратион реqуест је субмиттед бy цустомер %цустомер. Тхе аццоунт ис темпорарилy лоцкед унтил yоу аппрове ор рејецт тхис цомпанy."
"Company: %company","Компанија: %цомпанy"
"Your company registration request (for the <strong>%company_name</strong>)
    has been approved and you have been set as the Company Admin.
    You can now create and manage your company structure.
    Your company members are able to request quotes, create requisition lists,
    and use other B2B features.","Ваш захтев за регистрацију компаније (за <стронг>%цомпанy_наме</стронг>)
    је одобрен и постављени сте као Админ компаније.
    Сада можете креирати и управљати структуром своје компаније.
    Чланови ваше компаније могу захтевати понуде, креирати листе захтева
    и користити друге Б2Б функције."
"The status of your company <strong>%company_name</strong>
    is now <strong>Active</strong>.
    Once you login, you will be able to place orders on behalf of your company
    and use other B2B features.","Статус ваше компаније <стронг>%цомпанy_наме</стронг>
    је сада <стронг>Активан</стронг>.
    Када се пријавите, моћи ћете да наручујете у име своје компаније
    и користите друге Б2Б функције."
"Your account type has been changed from Company Admin to a regular user account. If you think this is a mistake, please contact your manager for details.","Yоур аццоунт тyпе је цхангед фром Компанија Админ то а регулар усер аццоунт. Иф yоу тхинк тхис ис а мистаке, плеасе цонтацт yоур манагер фор детаилс."
"%name,","%назив,"
"You have been assigned to %company_name as the Sales Representative.","Yоу су ассигнед то %цомпанy_наме ас тхе Продаја Репресентативе."
"When you sign in to your account, you will be able to:","Када се пријавите на свој налог, моћи ћете да:"
"* View and manage company quotes in Admin Panel","* Преглед анд манаге цомпанy qуотес ин Админ Панел"
"* View and edit company profile in Admin Panel","* Преглед анд едит цомпанy профиле ин Админ Панел"
"Your company account <strong>%company_name</strong> has been blocked.
    Your company members can continue using the website,
    but they will not be able to place orders.","Налог ваше компаније <стронг>%цомпанy_наме</стронг> је блокиран.
    Чланови ваше компаније могу наставити да користе веб сајт,
    али неће моћи да наручују."
"Your company account <strong>%company_name</strong> has been suspended, pending approval from the seller.","Yоур цомпанy аццоунт <стронг>%цомпанy_наме</стронг> је суспендед, пендинг аппровал фром тхе селлер."
"Your company registration request (for the <strong>%company_name</strong>) has been rejected
    for the following reason:","Ваш захтев за регистрацију компаније (за <стронг>%цомпанy_наме</стронг>) је одбијен
    из следећег разлога:"
"This action cannot be undone. Are you sure you want to delete this company? After the company is deleted, all the company members will be set to Inactive.","Тхис ацтион не може бе ундоне. Да ли сте сигурни желите да делете тхис цомпанy? Афтер тхе цомпанy ис делетед, алл тхе цомпанy мемберс wилл бе сет то Неактиван."
"Delete a Company?","Обрисати компанију?"
"Sorry! You cannot delete this user: The user is the company admin.","Соррy! Yоу не може делете тхис усер: Тхе усер ис тхе цомпанy админ."
"Cannot Delete the Company Admin","Не може Обриши тхе Компанија Админ"
"No results","Нема резултата"
"Change Company Status?","Променити статус компаније?"
"Cannot delete the user","Не може делете тхе усер"
"This user cannot be deleted because he/she is a company admin.","Тхис усер не може бе делетед бецаусе хе/схе ис а цомпанy админ."
"Edit User","Уреди корисника"
"Cannot Delete User","Не може се обрисати корисник"
"Delete this user?","Обрисати овог корисника?"
"This action cannot be undone. Are you sure you want to delete this user?","Тхис ацтион не може бе ундоне. Да ли сте сигурни желите да делете тхис усер?"
"Edit Team","Измени Теам"
"Cannot Delete This Team","Не може се обрисати овај тим"
"Delete this team?","Обрисати овај тим?"
"This action cannot be undone. Are you sure you want to delete this team?","Тхис ацтион не може бе ундоне. Да ли сте сигурни желите да делете тхис теам?"
"Delete This Role?","Обрисати ову улогу?"
"This action cannot be undone. Are you sure you want to delete this role?","Тхис ацтион не може бе ундоне. Да ли сте сигурни желите да делете тхис роле?"
"Cannot Delete Role","Не може се обрисати улога"
"Cannot Delete Customer","Не може се обрисати купац"
"Set Inactive","Постави као неактивно"
"Select Delete to permanently delete the user account and content. User's orders and quotes are still visible for the merchant. Select Set Inactive to temporarily lock the user. The user’s content is still available to parent users.","Изабери Обриши то перманентлy делете тхе усер аццоунт анд цонтент. Усер'с ордерс анд qуотес аре стилл висибле фор тхе мерцхант. Изабери Сет Неактиван то темпорарилy лоцк тхе усер. Тхе усер’с цонтент ис стилл аваилабле то парент усерс."
"User with this email already exists in the system. Enter a different email address to continue. If you want to use your current account as an administrator account, please contact the seller.","Усер wитх тхис емаил алреадy еxистс ин тхе сyстем. Ентер а дифферент емаил аддресс то цонтинуе. Иф желите да усе yоур цуррент аццоунт ас ан администратор аццоунт, плеасе цонтацт тхе селлер."
"Enable Company","Омогући Компанија"
"Company Configuration","Конфигурација компаније"
"Allow Company Registration from the Storefront","Дозволи Компанија Регистратион фром тхе Сторефронт"
"Email Options - Company Registration","Е-пошта Оптионс - Компанија Регистратион"
"Company Registration Email Recipient","Прималац емаила регистрације компаније"
"Send Company Registration Email Copy To","Пошаљи копију емаила регистрације компаније на"
"Send Email Copy Method","Метод слања копије емаила"
"Default Company Registration Email","Подразумевано Компанија Регистратион Е-пошта"
"Customer-Related Emails","Купац-Релатед Емаилс"
"Default 'Sales Rep Assigned' Email","Подразумевано 'Продаја Реп Ассигнед' Е-пошта"
"This email is sent to the company's Sales Rep and the Company Admin.","Тхис емаил ис сент то тхе цомпанy'с Продаја Реп анд тхе Компанија Админ."
"Default 'Assign Company to Customer' Email","Подразумевано 'Ассигн Компанија то Купац' Е-пошта"
"Default 'Assign Company Admin' Email","Подразумевано 'Ассигн Компанија Админ' Е-пошта"
"Default 'Company Admin Inactive' Email","Подразумевано 'Компанија Админ Неактиван' Е-пошта"
"Default 'Company Admin Changed To Member' Email","Подразумевано 'Компанија Админ Цхангед То Мембер' Е-пошта"
"Default 'Customer Status Active' Email","Подразумевано 'Купац Статус Активан' Е-пошта"
"Default 'Customer Status Inactive' Email","Подразумевано 'Купац Статус Неактиван' Е-пошта"
"Company Status Change","Промена статуса компаније"
"Send Company Status Change Email Copy To","Пошаљи Компанија Статус Цханге Е-пошта Копирај То"
"Comma-separated. The recipient(s) will get a copy of an email which is by default sent to the Company Admin only.","Цомма-сепаратед. Тхе реципиент(с) wилл гет а цопy оф ан емаил wхицх ис бy дефаулт сент то тхе Компанија Админ онлy."
"Default 'Company Status Change To Active 1"" Email","Подразумевани емаил 'Промена статуса компаније у Активна 1"""
"This email is sent when company status changes from Pending Approval to Active.","Тхис емаил ис сент wхен цомпанy статус цхангес фром На чекању Аппровал то Активан."
"Default 'Company Status Change To Active 2"" Email","Подразумевани емаил 'Промена статуса компаније у Активна 2"""
"This email is sent when company status changes from Rejected or Blocked to Active.","Тхис емаил ис сент wхен цомпанy статус цхангес фром Одбијен ор Блоцкед то Активан."
"Default 'Company Status Change To Rejected"" Email","Подразумевани емаил 'Промена статуса компаније у Одбијена"""
"This email is sent when company status changes to Rejected.","Тхис емаил ис сент wхен цомпанy статус цхангес то Одбијен."
"Default 'Company Status Change To Blocked"" Email","Подразумевани емаил 'Промена статуса компаније у Блокирана"""
"Default 'Company Status Change To Pending Approval"" Email","Подразумевани емаил 'Промена статуса компаније у Чека одобрење"""
"This email is sent when company status changes to Pending Approval.","Тхис емаил ис сент wхен цомпанy статус цхангес то На чекању Аппровал."
"Account Information (View)","Информације о налогу (Преглед)"
"Legal Address (View)","Правна адреса (Преглед)"
"Contacts (View)","Цонтацтс (Преглед)"
"Company User Management","Управљање корисницима компаније"
"View roles and permissions","Прегледај улоге и дозволе"
"View users and teams","Прегледај кориснике и тимове"
"Checkout (place order)","Наплата (плаце ордер)"
"Use Pay On Account method","Користи метод плаћања на рачун"
"View orders","Прегледај поруџбине"
"View orders of subordinate users","Прегледај поруџбине подређених корисника"
"Are you sure you want to set the selected companies as active?","Да ли сте сигурни желите да сет тхе селецтед цомпаниес ас ацтиве?"
"Set a Company as Active","Постави компанију као активну"
"Set Active","Постави као активно"
"Are you sure you want to block the selected companies?","Да ли сте сигурни желите да блоцк тхе селецтед цомпаниес?"
"Block a Company","Блокирај компанију"
"This action cannot be undone. Are you sure you want to delete the selected companies? After the company is deleted, all the company members will be set to Inactive.","Тхис ацтион не може бе ундоне. Да ли сте сигурни желите да делете тхе селецтед цомпаниес? Афтер тхе цомпанy ис делетед, алл тхе цомпанy мемберс wилл бе сет то Неактиван."
"Reseller ID","ИД препродавца"
Comment,Коментар
"Company Admin","Админ компаније"
Gender,Пол
"Customer Type","Тип купца"
"Are you sure you want to temporarily disable this company account? If you confirm, login for all company members will be blocked.","Да ли сте сигурни желите да темпорарилy дисабле тхис цомпанy аццоунт? Иф yоу цонфирм, логин фор алл цомпанy мемберс wилл бе блоцкед."
"Are you sure you want to set this company to active? If you confirm, the company members will be able to operate within their company account.>","Да ли сте сигурни желите да сет тхис цомпанy то ацтиве? Иф yоу цонфирм, тхе цомпанy мемберс wилл бе абле то операте wитхин тхеир цомпанy аццоунт.>"
"Are you sure you want to reject this company? If you confirm, login for all company members will be blocked.","Да ли сте сигурни желите да рејецт тхис цомпанy? Иф yоу цонфирм, логин фор алл цомпанy мемберс wилл бе блоцкед."
"Please specify the reason","Наведите разлог"
"The reason will appear in the 'Rejected' email sent to the Company Admin. It will also be saved and displayed in Admin Panel (in the company profile).","Тхе реасон wилл аппеар ин тхе 'Одбијен' емаил сент то тхе Компанија Админ. Ит wилл алсо бе савед анд дисплаyед ин Админ Панел (ин тхе цомпанy профиле)."
"Are you sure you want to block this company? If you proceed, the company members will not be able to place orders.","Да ли сте сигурни желите да блоцк тхис цомпанy? Иф yоу процеед, тхе цомпанy мемберс wилл нот бе абле то плаце ордерс."
"Reason for Rejection","Разлог за одбијање"
"VAT / TAX ID",ПИБ
Prefix,Префикс
"Middle Name/Initial","Средње име/Иницијал"
Suffix,Суфикс
"Change Customer Group?","Променити групу купца?"
"The user <%- username %> is the company admin and cannot be set to inactive. You must set another user as the company admin first.","Тхе усер <%- усернаме %> ис тхе цомпанy админ анд не може бе сет то инацтиве. Yоу муст сет анотхер усер ас тхе цомпанy админ фирст."
"Customer Active","Активан купац"
"Change Company?","Променити компанију?"
"Associate to Company","Ассоциате то Компанија"
"My Orders","Моје поруџбине"
"Create New Customer","Креирај Ново Купац"
"Create New Company Account","Креирај нови налог компаније"
Users,Корисници
"%fieldName is a required field","%фиелдНаме ис а обавезно поље"
"Your company account is blocked and you cannot place orders. If you have questions, please contact your company administrator.","Yоур цомпанy аццоунт ис блоцкед анд yоу не може плаце ордерс. Иф yоу хаве qуестионс, плеасе цонтацт yоур цомпанy администратор."
"Reimburse Balance","Надокнади салдо"
"Are you sure you want to cancel this order? The order amount will not be reverted to %1 because the company is not active.","Да ли сте сигурни желите да цанцел тхис ордер? Тхе ордер амоунт wилл нот бе ревертед то %1 бецаусе тхе цомпанy ис нот ацтиве."
"Are you sure you want to cancel this order? The order amount will not be reverted to %1 because the company associated with this customer does not exist.","Да ли сте сигурни желите да цанцел тхис ордер? Тхе ордер амоунт wилл нот бе ревертед то %1 бецаусе тхе цомпанy ассоциатед wитх тхис цустомер не постоји."
"History record no longer exists.","Запис историје више не постоји."
"Unable to retrieve currency rates at this moment. Please try again later or contact store administrator.","Није могуће ретриеве цурренцy ратес ат тхис момент. Покушајте поново латер ор цонтацт сторе администратор."
"Unable to convert company credit. Please try again later or contact store administrator.","Није могуће цонверт цомпанy цредит. Покушајте поново латер ор цонтацт сторе администратор."
"Company Credit","Кредит компаније"
"Order Payment should be provided","Плаћање поруџбине треба да буде обезбеђено"
"Order is canceled. We reverted %1 to the company credit.","Поруџбина ис цанцелед. Wе ревертед %1 то тхе цомпанy цредит."
"Order is canceled. The order amount is not reverted to the company credit.","Поруџбина ис цанцелед. Тхе ордер амоунт ис нот ревертед то тхе цомпанy цредит."
"Order is cancelled. The order amount is not reverted to the company credit because the company to which this customer belongs does not exist.","Поруџбина ис цанцеллед. Тхе ордер амоунт ис нот ревертед то тхе цомпанy цредит бецаусе тхе цомпанy то wхицх тхис цустомер белонгс не постоји."
"We can't save the credit memo because the company associated with this customer does not exist.","Wе цан'т саве тхе цредит мемо бецаусе тхе цомпанy ассоциатед wитх тхис цустомер не постоји."
"The requested Payment Method is not available.","Тхе реqуестед Плаћање Метход ис нот аваилабле."
"Payment On Account cannot be used for this order because your order amount exceeds your credit amount.","Плаћање Укључено Налог не може бе усед фор тхис ордер бецаусе yоур ордер амоунт еxцеедс yоур цредит амоунт."
"Cannot process the request. Please check the operation type and try again.","Не може процесс тхе реqуест. Плеасе цхецк тхе оператион тyпе анд покушајте поново."
"Invalid attribute value. Row ID: %fieldName = %fieldValue.","Неисправан аттрибуте валуе. Роw ИД: %фиелдНаме = %фиелдВалуе."
"The selected currency is not available. Please select a different currency.","Тхе селецтед цурренцy ис нот аваилабле. Молимо изаберите а дифферент цурренцy."
"Could not update history","Није могао упдате хисторy"
"Requested company is not found. Row ID: %fieldName = %fieldValue.","Реqуестед цомпанy ис није пронађено. Роw ИД: %фиелдНаме = %фиелдВалуе."
"Cannot delete credit limit with id %1","Не може делете цредит лимит wитх ид %1"
Allocated,Додељено
Updated,Ажуриран
Purchased,Наручено
Reimbursed,Надокнађено
Reverted,"Враћено на старо"
"Could not save history","Није могао саве хисторy"
"Cannot delete history with id %1","Не може делете хисторy wитх ид %1"
"Could not save company credit limit","Није могао саве цомпанy цредит лимит"
"Please enter a valid %1/%2 currency rate.","Молимо унесите а валид %1/%2 цурренцy рате."
"Invoice created for %1","Фактура цреатед фор %1"
"The selected credit currency is not valid. 
                        Customers will not be able to place orders until you update the credit currency.","Изабрана кредитна валута није важећа. 
                        Купци неће моћи да наручују док не ажурирате кредитну валуту."
"Store Credit","Кредит Продавнице"
"Refund to Company Credit","Рефундирај на кредит компаније"
"An invoice for partial quantities cannot be issued for this order. To continue, change the specified quantity to the full quantity.","Ан инвоице фор партиал qуантитиес не може бе иссуед фор тхис ордер. То цонтинуе, цханге тхе специфиед qуантитy то тхе фулл qуантитy."
"No such entity","Ентитет не постоји"
"%1 made an update. %2 cannot exceed the Credit Limit.","%1 маде ан упдате. %2 не може еxцеед тхе Цредит Лимит."
"Order # %1","Поруџбина #%1"
"Outstanding Balance:","Неподмирени салдо:"
"Available Credit:","Расположиви кредит:"
"Credit Limit:","Кредитни лимит:"
"Purchase Order Number","Број набавне поруџбине"
"Purchase Order Number: %1","Пурцхасе Поруџбина Нумбер: %1"
"The base currency for %1 has been updated. The currency %2 is still defined as the credit currency for one or more companies. Use the following <a href=""%3"" id=""update-credit-link"">link</a> to perform a bulk operation that updates the credit currency for those companies.","Основна валута за %1 је ажурирана. Валута %2 је и даље дефинисана као кредитна валута за једну или више компанија. Користите следећи <а хреф=""%3"" ид=""упдате-цредит-линк"">линк</а> да извршите групну операцију која ажурира кредитну валуту за те компаније."
"Outstanding Balance","Неподмирени салдо"
"Available Credit","Расположиви кредит"
"Credit Limit","Кредитни лимит"
"Charged off the company credit","Наплаћено са кредита компаније"
"The Company credit on all selected companies will be converted using the rate below. This operation cannot be undone.","Тхе Компанија цредит он алл селецтед цомпаниес wилл бе цонвертед усинг тхе рате белоw. Тхис оператион не може бе ундоне."
"Your company has been allocated a credit of %available_credit.
    You can now use the Payment On Account method to place you orders.","Вашој компанији је додељен кредит од %аваилабле_цредит.
    Сада можете користити метод плаћања на рачун за наручивање."
"The history of your credit operations is available on the Company Credit page.","Тхе хисторy оф yоур цредит оператионс ис аваилабле он тхе Кредит компаније паге."
"Your company credit account has been reimbursed by %reimbursed_amount.","Yоур цомпанy цредит аццоунт је реимбурсед бy %реимбурсед_амоунт."
"Your credit limit has been updated and is now %available_credit.
    Your outstanding balance currently totals %outstanding_balance. You are %exceed_limit to exceed the credit limit.","Ваш кредитни лимит је ажуриран и сада износи %аваилабле_цредит.
    Ваше неизмирено стање тренутно износи %оутстандинг_баланце. Можете %еxцеед_лимит да прекорачите кредитни лимит."
"Order %order_id refunded","Поруџбина %ордер_ид рефундед"
"A refund of %refunded_amount has been issued on order #%order_id. This amount has been applied to the company credit.","А рефунд оф %рефундед_амоунт је иссуед он ордер #%ордер_ид. Тхис амоунт је апплиед то тхе цомпанy цредит."
"Order %order_id reverted","Поруџбина %ордер_ид ревертед"
"Your order #%order_id has been cancelled. The order amount reverted to the company credit.","Yоур ордер #%ордер_ид је цанцеллед. Тхе ордер амоунт ревертед то тхе цомпанy цредит."
"Available Credit ","Расположиви кредит"
"The Payment on Account method is not available in the selected currency. Please contact the seller.","Тхе Плаћање он Налог метход ис нот аваилабле ин тхе селецтед цурренцy. Плеасе цонтацт тхе селлер."
"Company credit account will be charged: ","Кредитни рачун компаније ће бити задужен:"
"Cancel the Order","Откажи поруџбину"
"This is a required field.","Ово поље је неопходно."
Reimburse,Надокнади
"Payment on Account","Плаћање на рачун"
"Company Credit Change Email Sender","Пошиљалац емаила о промени кредита компаније"
"Send Company Credit Change Email Copy To","Пошаљи Кредит компаније Цханге Е-пошта Копирај То"
"Allocated Email Template","Шаблон емаила доделе"
"This email is sent to the Company Admin.","Тхис емаил ис сент то тхе Компанија Админ."
"Updated Email Template","Шаблон емаила ажурирања"
"Reimbursed Email Template","Шаблон емаила надокнаде"
"Refunded Email Template","Шаблон емаила рефундације"
"Reverted Email Template","Шаблон емаила враћања"
"Credit Currency","Валута кредита"
"Allow To Exceed Credit Limit","Дозволи прекорачење кредитног лимита"
"Reason For Change","Разлог за промену"
"
                            Limit one PO number per reimburse transaction
                        ","Лимит оне ПО нумбер пер реимбурсе трансацтион"
"
                                Maximum 255 characters are allowed.
                        ","Маxимум 255 цхарацтерс аре аллоwед."
"Convert Credit","Конвертуј кредит"
Date,Датум
"Updated By",Ажурирао
"Purchase Order","Набавна поруџбина"
"You will be charged for","Бићете наплаћени за"
"All Payment Methods","Све Плаћање Метходс"
"Specific Payment Methods","Специфиц Плаћање Метходс"
"B2B Payment Methods","Б2Б Плаћање Метходс"
"All Enabled Payment Methods","Све Омогућен Плаћање Метходс"
" (disabled)",(дисаблед)
"Available Payment Methods","Аваилабле Плаћање Метходс"
"Default B2B Payment Methods","Подразумевано Б2Б Плаћање Метходс"
"Applicable Payment Methods","Апплицабле Плаћање Метходс"
"Payment Methods","Плаћање Метходс"
"Payment Information (View)","Плаћање Информације (Преглед)"
"Default Config","Подразумевана конфигурација"
"Save Config","Сачувај Конфигурацију"
"Use system value","Користи системску вредност"
"Use Website","Користи Wебсајт"
Add,Додај
"Add \Exception","Додај \Изузетак"
"-- No Theme --","-- Нема Теме --"
"Class for type ""%1"" was not declared","Класа за тип ""%1"" није декларисана"
"%1 should implement %2","%1 треба да имплементира %2"
"The value you set has already been locked. To change the value, use the --%1 option.","Вредност коју сте подесили је већ закључана. Да бисте променили вредност, подесите --%1 опцију."
"Configuration for path: ""%1"" doesn't exist","Конфигурација за путању: ""%1"" не постоји"
"You saved the configuration.","Сачували сте конфигурацију."
"Something went wrong while saving this configuration:","Дошло је до грешке приликом чувања ове конфигурације:"
"Please specify the admin custom URL.","Молимо дефинишите администраторски прилагођен УРЛ."
"Invalid %1. %2","Неважећи %1. %2"
"Value must be a URL or one of placeholders: %1","Вредност мора бити УРЛ или један од плацехолдерс: %1"
"Specify a URL or path that starts with placeholder(s): %1, and ends with ""/"".","Наведени УРЛ или путања почињу са плацехолдер(с): %1, а завршавају са ""/""."
"%1 An empty value is allowed as well.","%1 Празна вредност је такође дозвољена."
"Specify a fully qualified URL.","Наведите потпуно квалификовани УРЛ."
"Selected allowed currency ""%1"" is not available in installed currencies.","Одаберите дозвољену валуту ""%1"" није доступан у инсталираним валутама."
"Default display currency ""%1"" is not available in allowed currencies.","Подразумевана приказана валута ""%1"" није доступна у дозвољеним валутама."
"Sorry, the default display currency you selected is not available in allowed currencies.","Извињавамо се, подразумевана приказана валута коју сте одабрали није доступна у дозвољеним валутама."
"Please correct the email address: ""%1"".","Молимо исправите емаил адресу: ""%1""."
"The sender name ""%1"" is not valid. Please use only visible characters and spaces.","Име пошиљаоца ""%1"" није валидно. Молимо користите само видљиве карактере и места."
"Maximum sender name length is 255. Please correct your settings.","Максимална дужина назива пошиљаоца је 255. Молимо коригујте своја подешавања."
"The base directory to upload file is not specified.","Основни директоријум за ажурирање фајлова није дефинисан."
"The specified image adapter cannot be used because of: %1","Наведени адаптер за слику се не може користити зато: %1"
"Default scope","Подразумевани опсег"
"Base currency","Основна валута"
"Display default currency","Прикажи подразумевану валуту"
"website(%1) scope","wеб сајт(%1) опсег"
"store(%1) scope","продавница(%1) опсег"
"Currency ""%1"" is used as %2 in %3.","Валута ""%1"" је коришћена као %2 у %3."
"Please correct the timezone.","Молимо исправите тхе тимезоне."
"The file ""%1"" does not exist","Датотека ""%1"" не постоји"
"The ""%1"" path does not exist","Путања ""%1"" не постоји"
"Always (during development)","Увек (током девелопмент)"
"Only Once (version upgrade)","Само Једном (ажурирање верзије)"
"Never (production)","Никада (производња)"
"Separate Email","Одвојени Мејл"
"%1 (Default)","%1 (Подразумевано)"
title,наслов
Optional,Опционо
"Yes (302 Found)","Да (302 Пронађено)"
"Yes (301 Moved Permanently)","Да (301 Трајно Померен)"
Specified,Дефинисан
"Visible section not found.","Висибле сецтион није пронађено."
"Config form fieldset clone model required to be able to clone fields","Да бисте могли да клонирате поља, морате дефинисати клонски модел"
"%1: Instance of %2 is expected, got %3 instead","%1: Инстанца од %2 је очекивана, убаците %3 уместо"
"Invalid XML in file %1:\n%2","Неисправан XМЛ ин филе %1:\н%2"
"'There is no defined type ' .","'Нема дефинисаног типа ' ."
"'Object is not instance of ' .","'Објекар није инстанца од ' ."
"Filesystem is not writable.","Филесyстем није уписив."
"Some error","Нека грешка"
"Some message","Нека порука"
"You cannot run this command because the Magento application is not installed.","Yоу не може рун тхис цомманд бецаусе тхе Магенто апплицатион ис нот инсталлед."
"This command is unavailable right now.","Ова команда није омогућена сада."
"The ""test/test/test"" path does not exists","""тест/тест/тест"" путања не постоји"
"some prefix","неки префикс"
"element label","ознака елемента"
"Add after","Додај након"
"Current Configuration Scope:","Тренутни Опсег Конфигурације:"
"Group Label","Ознака Групе"
"Some Label","Нека Ознака"
"Tab Label","Ознака Таба"
"Field 2","Поље 2"
"Field 3","Поље 3"
"Field 3.1","Поље 3.1"
"Field 3.1.1","Поље 3.1.1"
"Field 4","Поље 4"
"Advanced Section","Напредни Део"
"Advanced Admin Section","Напредни Админ Део"
"Design Section","Дизајнирај Део"
"General Section","Опште Поставке"
"System Section","Секције Система"
"Currency Setup Section","Секција Подешавања Валуте"
"Developer Section","Девелопер Секција"
"Web Section","Wеб Секција"
"Store Email Addresses Section","Секција Складишта Мејл Адреса"
"Email to a Friend","Пошаљи Пријатељу"
"'The specified image adapter cannot be used because of: ' .","'Тхе специфиед имаге адаптер не може бе усед бецаусе оф: ' ."
"The file ""' . . '"" does not exist","Датотека ""' . . '"" не постоји"
"The class for ""%1"" type wasn't declared. Enter the class and try again.","Класа за ""%1"" тип није уписана. Унесите класу и покушајте поново."
"The ""%1"" email address is incorrect. Verify the email address and try again.","""%1"" мејл адреса није исправна. Проверите мејл адресу и покушајте поново."
"The time zone is incorrect. Verify the time zone and try again.","Временска зона није исправна. Проверите временску зону и покушајте поново."
"The ""%1"" file doesn't exist.","""%1"" фајл не постоји."
"The ""%1"" path doesn't exist. Verify and try again.","""%1"" путања не постоји. Проверите и покушајте поново."
"'The XML in file ""%1"" is invalid:' . ""\n%2\nVerify the XML and try again.""","'XМЛ у датотеци ""%1"" је неисправан:' . ""\н%2\нВерифy тхе XМЛ анд трy агаин."""
"Product with assigned super attributes should not have specified ""%1"" value","Производ са додељеним супер атрибутима никада не треба да има дефинисани ""%1"" вредност"
"Add configurable attributes to the current Attribute Set (""%1"")","Додај конфигуришуће атрибуте тренутном Атрибут Сету (""%1"")"
"Add configurable attributes to the new Attribute Set based on current","Додај конфигурисане производе у нови Атрибут Сет на основу тренутног"
"New attribute set name","Назив новог атрибут сета"
"Add configurable attributes to the existing Attribute Set","Додај конфигурисане атрибуте тренутном Атрибут Сету"
"Choose existing Attribute Set","Одаберите постојећи Атрибут Сет"
Configurations,Конфигурације
"Attribute Values","Вредности Атрибута"
"Bulk Images &amp; Price","Група Слика &амп; Цена"
"Select Attributes","Изаберите Атрибут"
"Choose an Option...","Одаберите Опцију..."
"This attribute is used in configurable products.","Атрибут се користи у конфигурисаним производима."
"Product has been already attached","Производ је већ прикачен"
"Product with specified sku: %1 is not a configurable product","Производ wитх специфиед ску: %1 ис нот а цонфигурабле продуцт"
"Requested option doesn't exist: %1","Реqуестед оптион не постоји: %1"
"Cannot delete variations from product: %1","Не може делете вариатионс фром продуцт: %1"
"Cannot delete option with id: %1","Не може делете оптион wитх ид: %1"
"Option with id ""%1"" not found","Опција са ид ""%1"" није пронађена"
"Something went wrong while saving option.","Нешто није у реду wхиле савинг оптион."
"Option attribute ID is not specified.","ИД опционог атрибута није дефинисан."
"Option label is not specified.","Опциона ознака није дефинисана."
"Option values are not specified.","Опционе вредности нису дефинисане."
"Value index is not specified for an option.","Индексиране вредности нису дефинисани за ову опцију."
"Product with id ""%1"" does not contain required attribute ""%2"".","Производ са ид ""%1"" не садржи тражени атрибут ""%2""."
"Products ""%1"" and ""%2"" have the same set of attribute values.","Производи ""%1"" и ""%2"" имају исте вредности атрибута."
"You can't add the item to shopping cart.","Не можете адд тхе итем то схоппинг царт."
"Some product variations fields are not valid.","Неке варијације поља производа нису валидни."
"Configuration must have specified attributes","Конфигурација муст хаве специфиед аттрибутес"
"Choose Affected Attribute Set","Одаберите Погођени Атрибут Сет"
"Add configurable attributes to the current Attribute Set","Додај конфигуришуће атрибуте тренутном Атрибут Сету"
Confirm,Потврди
"New Attribute Set Name","Назив Новог Сета Атрибута"
"Select Associated Product","Одабери придружени Производ"
"Choose a new product to delete and replace the current product configuration.","Одаберите нови производ да обришете и замените тренутну конфигурацију производа."
"For better results, add attributes and attribute values to your products.","За боље резултате, додај атрибуте и вредности атрибута својим производима."
"Configurable products allow customers to choose options (Ex: shirt color). You need to create a simple product for each configuration (Ex: a product for each color).","Конфигурисани производи омогућавају корисницима да одаберу опције (Нпр: боју мајице). Морате креирати симпле производ за сваку конфигурацију (Нпр: производ за сваку боју)."
"Configurations cannot be created for a standard product with downloadable files. To create configurations, first remove all downloadable files.","Конфигурације не могу бити креиране за стандардне производе са датотекама које се могу преузимати. Да бисте креирали конфигурације, прво уклоните све датотеке које се могу преузимати."
"Add Products Manually","Ручно Додај Производе"
"Create Configurations","Креирај Конфигурације"
"Current Variations","Тренутне Варијације"
Weight,Тежина
"Custom options with price type ""percent"" is not available for configurable product.","Прилагођене опције са ценом ""перцент"" типа нису дозвољене у конфигурисаним производима."
"This group contains attributes used in configurable products. Please move these attributes to another group and try again.","Ова група садржи атрибуте који се користе у конфигурисаним производима. Молимо преместите те атрибуте у другу групу и покушајте поново."
"This attribute is used in configurable products. You cannot remove it from the attribute set.","Овај атрибут се користи у конфигурисаним производима. Не можете га уклонити из овог атрибут сета."
"Associated Products","Придружени Производи"
"Step 2: Attribute Values","Корак 2: Вредности Атрибута"
"Select values from each attribute to include in this product. Each unique combination of values creates a unique product SKU.","Одаберите вредности из сваког атрибута за овај производ. Свака јединствена комбинација вредности креира јединствени СКУ производа."
"Sort Variations","Сортирање Варијација"
Options,Опције
"Deselect All","Опозови све изборе"
"Remove Attribute","Уклони Атрибут"
"Save Option","Сачувај Опцију"
"Remove Option","Уклони Опцију"
"Create New Value","Креирај Нову Вредност"
"Step 3: Bulk Images, Price and Quantity","Степ 3: Скуп Слика, Цена и Количине"
"Based on your selections %1 new products will be created. Use this step to customize images and price for your new products.","На основу Ваших одабира %1 нови производ ће бити креиран. Користите овај корак да бисте прилагодили слике и цене за Ваше нове производе."
"Apply single set of images to all SKUs","Примени исти сет слика за сваки СКУ"
"Apply unique images by attribute to each SKU","Примени јединствене слике према атрибуту за сваки СКУ"
"Skip image uploading at this time","Прескочи убацивање слике овог пута"
"Remove image","Уклоните слику"
"Select attribute","Изаберите атрибут"
Select,Изаберите
"Apply single price to all SKUs","Примени исту цену на сваки СКУ"
"Apply unique prices by attribute to each SKU","Примени различите цене према атрибуту за сваки СКУ"
"Skip price at this time","Сада прескочи цену"
"Apply single quantity to each SKUs","Примени исту количину за сваки СКУ"
"Apply unique quantity by attribute to each SKU","Примени различите количине према атрибуту за сваки СКУ"
"Skip quantity at this time","Сада прескочи количину"
"Step 1: Select Attributes","1. Корак: Одабери Атрибуте"
"Selected Attributes:","Изабрани Атрибути:"
"Step 4: Summary","4. Корак: Кратак Преглед"
"Configurable products allow customers to choose options (Ex: shirt color).
            You need to create a simple product for each configuration (Ex: a product for each color).","Конфигурисани производи омогућавају корисницима да одаберу опције (Нпр: боју мајице). 
            Морате креирати симпле производ за сваку конфигурацију (Нпр: производ за сваку боју)."
"Edit Configurations","Измени Конфигурације"
"Upload Image","Убаци Слику"
"Upload image","Убаци слику"
"No Image","Нема слике"
"Choose a different Product","Одаберите други производ"
"Create Product Configurations","Креирај Конфигурације Производа"
"New Product Review","Преглед Новог Производа"
"Here are the products you're about to create.","Овде су производи које ћете креирати."
"You created these products for this configuration.","Креирали сте те производе за ову конфигурацију."
"Disassociated Products","Непридружени Производи"
"These products are not associated.","Ови производи нису придружени."
"Disable Product","Онемогући Производ"
"Enable Product","Омогући Производ"
"An attribute has been removed. This attribute will no longer appear in your configurations.","Атрибут је уклоњен. Овај атрибут се више неће појављивати у вашим конфигурацијама."
"Select options for all attributes or remove unused attributes.","Одаберите опције за све атрибуте или уклоните атрибуте који се не користе."
"Choose this option to delete and replace extension data for all past configurations.","Одаберите ову опцију да бисте обрисали и заменили екстензију података за све претходне конфигурације."
"Please select attribute for {section} section.","Молимо одаберите атрибут за {сецтион} секцију."
"Please fill in the values for {section} section.","Молимо попуните вредности за {сецтион} секције."
"Please fill-in correct values.","Молимо упишите исправне вредности."
"Please select image(s) for your attribute.","Молимо одаберите слику(е) за своје атрибуте."
"Please choose image(s).","Молимо одаберите слику(е)."
"When you remove or add an attribute, we automatically update all configurations and you will need to recreate current configurations manually.","Када уклањате или додајете атрибут, аутоматски ћемо ажурирати све конфигурације и ви ћете морати поново да креирате тренутне конфигурације ручно."
"Please select attribute(s).","Молимо одаберите атрибут(е)."
"Generate Products","Генеришите Производе"
"Buy %1 for %2 each and","Купи %1 за %2 сваки и"
save,сачувај
"Configurable Product Image","Конфигурисана Слика Производа"
"As low as: ","Ас лоw ас:"
"Could not update option with id ""%1""","Није могуће ажурирати опцију са ИД ""%1"""
"Product already has this option","Производ већ има ову опцију"
"Product with id ""%1"" does not exist.","Производ са ИД ""%1"" не постоји."
"Products ""%1"" and %2 have the same set of attribute values.","Производи ""%1"" и %2 имају исти скуп вредности атрибута."
"Configurable product ""%1"" do not have sub-products","Конфигурабилни производ ""%1"" нема подпроизводе"
"Select values from each attribute to include in this product. Each unique combination of values creates a unigue product SKU.","Изабери валуес фром еацх аттрибуте то инцлуде ин тхис продуцт. Еацх униqуе цомбинатион оф валуес цреатес а унигуе продуцт СКУ."
"Step 3: Bulk Images, Price, and Quantity","Степ 3: Булк Имагес, Цена, анд Количина"
"Based on your selections <span class=""new-products-count"" data-bind=""text:countVariations""></span>
        new products will be created. Use this step to customize images and price for your new products.","На основу вашег одабира <спан цласс=""неw-продуцтс-цоунт"" дата-бинд=""теxт:цоунтВариатионс""></спан>
        нових производа биће креирано. Користите овај корак за прилагођавање слика и цене за ваше нове производе."
"Edit role","Измени роле"
"Please, select attribute for the section ","Плеасе, селецт аттрибуте фор тхе сецтион"
"Please fill in the values for the section ","Плеасе филл ин тхе валуес фор тхе сецтион"
"Please, fill correct values","Унесите исправне вредности"
"Please choose image(s)","Изаберите слику/е"
"Please, select attribute(s)","Изаберите атрибуте"
"The product is already attached.","Производ је већ прикачен."
"The parent product doesn't have configurable product options.","Родитељски производ нема конфигуришуће опције."
"The child product doesn't have the ""%1"" attribute value. Verify the value and try again.","Дете производ нема ""%1"" вредност атрибута. Провери вредност и покушај поново."
"The product with the ""%1"" SKU isn't a configurable product.","Производ са ""%1"" СКУ није конфигурисани производ."
"The ""%1"" entity that was requested doesn't exist. Verify the entity and try again.","Тражени ентитет не постоји. Проверите ентитет и покушајте поново."
"The variations from the ""%1"" product can't be deleted.","Варијација ""%1"" производа не може бити обрисана."
"An error occurred while saving the option. Please try to save again.","Дошло је до грешке приликом чувања ове опције. Молимо покушајте поново да сачувате."
"This is implemented for the ""%1"" configurable product only.","Ово је имплементирано само из ""%1"" конфигурисаног производа."
"Contribution must have attributes specified. Enter attributes and try again.","Атрибути за уплату морају бити дефинисани. Унесите атрибуте и покушајте поново."
"Configurable product ""%1"" does not have sub-products","Конфигурабилни производ ""%1"" нема подпроизводе"
"Thanks for contacting us with your comments and questions. We'll respond to you very soon.","Хвала што сте нас контактирали остављајући коментар или питање, Ускоро ћемо Вам одговорити."
"An error occurred while processing your form. Please try again later.","Дошло је до грешке приликом процесирања форме. Молимо покушајте поново касније."
"Name is missing","Назив недостаје"
"Comment is missing","Коментар недостаје"
"Invalid email address","Неисправна емаил адреса"
"Write Us","Пишите Нам"
"Jot us a note and we’ll get back to you as quickly as possible.","Оставите нам поруку и јавићемо вам се што је пре могуће."
"What’s on your mind?","Шта Вам је на уму?"
"Contact Form","Контакт форма"
"Contacts Section","Део са контактима"
"Contact Us","Контактирајте нас"
"Enable Contact Us","Омогућено је да нас контактирате"
"Email Options","Емаил Опције"
"Send Emails To","Пошаљи Емаил на"
"Email Sender","Пошиљалац Мејла"
"Email Template","Емаил шаблон"
"Name: %name","Назив: %наме"
"Email: %email","Е-пошта: %емаил"
"Phone Number: %telephone","Телефон Нумбер: %телепхоне"
"Enter the Name and try again.","Унесите Име и покушајте поново."
"Enter the comment and try again.","Упишите коментар и покушајте поново."
"The email address is invalid. Verify the email address and try again.","Мејл адреса је неисправна. Проверите мејл адресу и покушајте поново."
"Invalid domain name: %1","Неисправан назив домена: %1"
"Invalid cookie lifetime: %1","Неисправно време трајања колачића: %1"
"Invalid cookie path","Неисправна путања колачића"
"We use cookies to make your experience better.","Ми користимо колачиће како би ваше искуство било боље."
"To comply with the new e-Privacy directive, we need to ask for your consent to set the cookies.","Да би смо ускладили нову директиву о е-приватности, морамо затражити вашу сагласност да подесите колачиће."
"<a href=""%1"">Learn more</a>.","<а хреф=""%1"">Научити више</а>."
"Allow Cookies","Допусти колачиће"
"Default Cookie Settings","Подразумевана Подешавања Колачића"
"Cookie Lifetime","Рок трајања колачића"
"Cookie Path","Путања колачића"
"Cookie Domain","Домен колачића"
"Use HTTP Only","Користи само ХТТП"
"Cookie Restriction Mode","Рестриктивни Режим Колачића"
"<strong style=""color:red"">Warning</strong>:  Do not set to ""No"". User security could be compromised.","<стронг стyле=""цолор:ред"">Упозорење</стронг>: Немојте подесите ""Не"". Безбедност корисника би могла бити компромитована."
"'Invalid domain name: ' .","'Неисправан домаин наме: ' ."
"'Invalid cookie lifetime: ' .","'Неисправан цоокие лифетиме: ' ."
Daily,Дневно
Weekly,Седмично
Monthly,Месечно
"Invalid cron expression: %1","Неисправан црон еxпрессион: %1"
"Invalid cron expression, expecting 'match/modulus': %1","Неисправан црон еxпрессион, еxпецтинг 'матцх/модулус': %1"
"Invalid cron expression, expecting numeric modulus: %1","Неисправна крон експресија, очекивани бројчани модули: %1"
"Invalid cron expression, expecting 'from-to' structure: %1","Неисправан црон еxпрессион, еxпецтинг 'фром-то' струцтуре: %1"
"Invalid callback: Not_Existed_Class::execute can't be called","Неисправан цаллбацк: Нот_Еxистед_Цласс::еxецуте цан'т бе цаллед"
"Test exception","Изузетак теста"
"Cron (Scheduled Tasks)","Црон (Заказани Задаци)"
"For correct URLs generated during cron runs please make sure that Web > Secure and Unsecure Base URLs are explicitly set. All the times are in minutes.","За исправне УРЛ-ове генерисане током покретања црон-а молимо уверите се да су Wеб > Сецуре анд Унсецуре Басе УРЛс правилно подешена. Сва времена су у минутима."
"Generate Schedules Every","Генеришете Сваки Распоред"
"Schedule Ahead for","Претходни Распоред за"
"Missed if Not Run Within","Пропуштено ако Није Покренуто Током"
"History Cleanup Every","Свако Чишћење Историје"
"Success History Lifetime","Рок Трајања Историје Успеха"
"Failure History Lifetime","Рок Трајања Историје Неуспеха"
"Use Separate Process","Користите Одвојене Процесе"
"Save Currency Rates","Сачувај Валуте"
"Manage Currency Rates","Управљање Стопама Валуте"
"Import Service","Увези Сервисе"
"Save Currency Symbols","Сачувај Симболе Валуте"
"Currency Symbols","Симболи Валуте"
"Use Standard","Користи Стандард"
"Please specify a correct Import Service.","Молимо наведите а цоррецт Увези Сервице."
"Click ""Save"" to apply the rates we found.","Кликните ""Саве"" да бисте применили стопе које смо пронашли."
"Currency Rates","Стопе Валута"
"Please correct the input data for ""%1 => %2"" rate.","Молимо коригујте унете податке из ""%1 => %2"" стопе."
"All valid rates have been saved.","Све валидне стопе су сачуване."
"You applied the custom currency symbols.","Применили сте прилагођене симболе валуте."
"You must first configure currency options before being able to see currency rates.","Прво морате конфигурисати опције валута, пре него што можете видети стопе валута."
"Old rate:","Стара стопа:"
"Please correct the input data for %1 => %2 rate","Молимо исправите тхе инпут дата фор %1 => %2 рате"
"The Import Service is incorrect. Verify the service and try again.","Сервис за Увоз није исправан. Провери сервис и покушај поново."
"The import model can't be initialized. Verify the model and try again.","Модел увоза не може бити иницијализован. Проверите модел и покушајте поново."
"The current module XML block name is undefined.","Тренутни назив модела XМЛ блока је недефинисан."
"The current module form model pathname is undefined.","Тренутни модул форме из патхнаме модела није дефинисан."
"Use helper with defined EAV entity.","Користи помагача да утврдиш ЕАВ ентитет."
"Default EAV Form","Подразумевана ЕАВ Форма"
"Please correct the values for minimum and maximum text length validation rules.","Молимо исправите вредности за правила провере минималне и максималне дужине теxта."
"Please correct the values for minimum and maximum date validation rules.","Молимо исправите вредности за правила провере минималног и максималног датума."
"Text Field","Текстуално Поље"
"Text Area","Текстуална Област"
"Multiple Line","Више Линија"
Yes/No,Да/Не
"File (attachment)","Фајл (прилог)"
"Image File","Сликовни Фајл"
Alphanumeric,Словно-нумерички
"Numeric Only","Само нумеричка"
"Alpha Only","Само Алфа"
"Escape HTML Entities","Избегни ХТМЛ ентитете"
"Normalize Date","Нормализовани Датум"
"The attribute code is invalid. Please use only letters (a-z), numbers (0-9) or underscores (_) in this field. The first character should be a letter.","Шифра атрибута није исправна. Молимо користите само слова (а-з), бројеве (0-9) или доњу црту (_) у овом пољу. Први карактер треба бити слово."
"Please correct the value for file extensions.","Молимо исправите вредности екстензије фајлова."
"Alphanumeric with spaces","Алфа-Нумеричка са размацима"
"You are subscribed to our newsletter.","Пријављени сте на наш неwслеттер."
"You aren't subscribed to our newsletter.","Нисте пријављени на наш неwслеттер."
"You have not set a default shipping address.","Нисте подесили Вашу адресу за доставу."
"You have not set a default billing address.","Нисте подесили адресу за наплату."
"Address Book",Адресар
"Edit Address","Измени адресу"
"Add New Address","Додајте нову адресу"
region,регион
"Save Customer","Сачувај Купца"
"Reset Password","Ресетовање Лозинке"
"Are you sure you want to revoke the customer's tokens?","Да ли сте сигурни желите да ревоке тхе цустомер'с токенс?"
"Force Sign-In","Принудно Регистровање"
"New Customer","Нови купац"
"Shopping Cart from %1","Корпа од %1"
Newsletter,Билтен
"Newsletter Information","Информације о Билтену"
"Subscribed to Newsletter","Пријављени на Билтен"
"Last Date Subscribed","Последње Пријаве на Датум"
"Last Date Unsubscribed","Последње Ођаве на Датум"
"No Newsletter Found","Није Пронађен Билтен"
"Start date","Почетни датум"
"Receive Date","Датум Пријема"
Subject,Предмет
Sent,Послато
"Not Sent","Није Послато"
Sending,Слање
Paused,Паузирано
Unknown,Непознато
"Bill-to Name","Рачун на Име"
"Ship-to Name","Достава на Име"
"Purchase Point",Куповина
Confirmed,Потврђено
"Confirmation Required","Потребна је потврда"
"Confirmation Not Required","Потврда Није Обавезна"
Indeterminate,Неодлучан
"The customer does not have default billing address.","Купац нема подразумевану адресу за наплату."
Offline,"Ван мреже"
Online,"На вези"
Never,Никада
Unlocked,Откључано
Locked,Закључано
"Deleted Stores","Обрисане Продавнице"
"Add Locale","Додајте Локал"
"Add Date","Додајте Датум"
"Days in Wish List","Дана у Листи Жеља"
Unlock,Откључај
"Delete Image","Избриши слику"
"View Full Size","Погледај у Пуној Величини"
"All countries","Све земље"
"Add New Customer Group","Додај Нову Групу Купаца"
"Save Customer Group","Сачувај Групу Купаца"
"Delete Customer Group","Избриши Групу Купаца"
"New Customer Group","Нова Група Купаца"
"Edit Customer Group ""%1""","Измени Групу Корисника ""%1"""
"Group Information","Информације о Групи"
"Group Name","Назив Групе"
"Maximum length must be less then %1 characters.","Максимална дужина мора бити мања од %1 карактера."
"Tax Class","Класа Пореза"
"The customer is now assigned to Customer Group %s.","Купац је сада додељен Групи Купаца %с."
"Would you like to change the Customer Group for this order?","Да ли бисте желели да промените Групу Купаца за ову поруџбину?"
"The VAT ID is valid.","ПДВ ИД је важиечи."
"The VAT ID entered (%s) is not a valid VAT ID.","Унети ПДВ ИД (%с) није важец́и."
"The VAT ID is valid. The current Customer Group will be used.","ВАТ ИД је валидан. Тренутна Група Корисника ће бити коришћена."
"The VAT ID is valid but no Customer Group is assigned for it.","ВАТ ИД је валидан али му ниједна Група Корисника није додељена."
"Based on the VAT ID, the customer belongs to the Customer Group %s.","На основу ВАТ ИД, купац припада %с Групи Купаца."
"Something went wrong while validating the VAT ID.","Дошло је до грешке приликом потврђивања ПДВ-а."
"The customer would belong to Customer Group %s.","Купац би требао да припада Групи Купаца %с."
"There was an error detecting Customer Group.","Дошло је до грешке приликом детектовања Групе Купаца."
"Validate VAT Number","Потврди ПДВ"
"Customer Login","Пријава Корисника"
"Create New Customer Account","Креирај Нови Кориснички Налог"
"Date of Birth","Датум рођења"
"Bad request.","Лош захтев."
"This confirmation key is invalid or has expired.","Кључ за потврду је неисправан или је истекао."
"There was an error confirming the account","Дошло је до грешке приликом потврђивања Профила"
"If you are a registered VAT customer, please click <a href=""%1"">here</a> to enter your shipping address for proper VAT calculation.","Уколико сте регистровани ПДВ купац, молимо кликните <а хреф=""%1"">овде</а> да бисте уписали своју адресу за доставу, за правилну ПДВ калкулацију."
"If you are a registered VAT customer, please click <a href=""%1"">here</a> to enter your billing address for proper VAT calculation.","Уколико сте регистровани ВАТ купац, молимо кликните <а хреф=""%1"">овде</а> да бисте уписали своју адресу за наплату, за правилну ВАТ калкулацију."
"Thank you for registering with %1.","Хвала Вам за регистровање са %1."
"Please check your email for confirmation key.","Молимо проверите мејл за потврдни кључ."
"This email does not require confirmation.","Овај мејл не захтева потврду."
"Wrong email.","Погрешан е-маил."
"Your password reset link has expired.","Линк за опоравак ваше лозинке је истекао."
"You must confirm your account. Please check your email for the confirmation link or <a href=""%1"">click here</a> for a new link.","Морате потврдити свој Профил. Молимо проверите свој емаил за линк за потврду или <а хреф=""%1"">кликните овде</а> за нови линк."
"There is already an account with this email address. If you are sure that it is your email address, <a href=""%1"">click here</a> to get your password and access your account.","Већ постоји Профил са овом емаил адресом. Ако сте сигурни да је ово Ваша адреса, <а хреф=""%1"">кликните овде</а> да бисте добили лозинку и приступ свом Профилу."
"We can't save the customer.","Овај корисник се не може сачувати."
"Please make sure your passwords match.","Проверите да ли се ваше лозинке подударају."
"If you are a registered VAT customer, please <a href=""%1"">click here</a> to enter your shipping address for proper VAT calculation.","Уколико сте регистровани ВАТ купац, молимо <а хреф=""%1"">кликните овде</а> да бисте уписали своју адресу за доставу, за правилну ВАТ калкулацију."
"If you are a registered VAT customer, please <a href=""%1"">click here</a> to enter your billing address for proper VAT calculation.","Уколико сте регистровани ВАТ купац, молимо <а хреф=""%1"">кликните овде</а> да бисте уписали своју адресу за наплату, за правилну ВАТ калкулацију."
"You saved the account information.","Сачували сте корисничке податке."
"Password confirmation doesn't match entered password.","Лоyинка се не поклапа са претходно унесеном."
"Please correct the email address.","Молимо исправите тхе емаил аддресс."
"We're unable to send the password reset email.","Нисмо у могуц́ности послати емаил за поновно постављање лозинке."
"Please enter your email.","Молимо унесите Ваш емаил."
"If there is an account associated with %1 you will receive an email with a link to reset your password.","Ако постоји налог повезан са %1 ви ћете примити е-маил са Линком да поништите лозинку."
"This account is not confirmed. <a href=""%1"">Click here</a> to resend confirmation email.","Профил није потврђен. <а хреф=""%1"">Кликните овде</а> да бисмо Вам послали потврдни емаил."
"An unspecified error occurred. Please contact us for assistance.","Примећена је недефинисана грешка. Молимо контактирајте нас за помоћ."
"A login and a password are required.","Емаил и лозинка су обавезни."
"New Password and Confirm New Password values didn't match.","Вредности нове Лозинке и Потврда Нове Лозинке се не поклапају."
"Please enter a new password.","Молимо упишите нову лозинку."
"You updated your password.","Ажурирали сте лозинку."
"Something went wrong while saving the new password.","Дошло је до грешке приликом снимања нове Лозинке."
"You deleted the address.","Обрисали сте адресу."
"We can't delete the address right now.","Не можете обрисати адресу."
"You saved the address.","Сачували сте адресу."
"We can't save the address.","Не можемо сачувати адресу."
"No customer ID defined.","ИД купца није дефинисан."
"Please correct the quote items and try again.","Молимо исправите тхе qуоте итемс анд покушајте поново."
"You have revoked the customer's tokens.","Оповргли сте токене купца."
"Something went wrong while saving file.","Дошло је до грешке приликом чувања фајла."
"You deleted the customer group.","Обрисали сте групу купаца."
"The customer group no longer exists.","Група купаца више не постоји."
"New Group","Нова група"
"New Customer Groups","Нова Група Купаца"
"Edit Group","Уреди групу"
"Edit Customer Groups","Уреди Групе Купаца"
"You saved the customer group.","Сачували сте групу купаца."
"Please select customer(s).","Молимо одаберите купца(е)."
"Customer could not be deleted.","Купац не може бити обрисан."
"You deleted the customer.","Обрисали сте купца."
"Something went wrong while editing the customer.","Дошло је до грешке приликом промене купца."
"Manage Customers","Управљање Купцима"
"The customer will receive an email with a link to reset password.","Купац ће добити мејл са линком за ресетовање шифре."
"Something went wrong while resetting customer password.","Дошло је до грешке приликом ресетовања лозинке купца."
"You saved the customer.","Сачували сте купца."
"Something went wrong while saving the customer.","Дошло је до грешке приликом чувања купца."
"Customer has been unlocked successfully.","Купац је успешно откључан."
"Online Customers","Онлине Купци"
"Customers Now Online","Корисници Сада На Мрежи"
"Please define Wish List item ID.","Молимо дефинишите ИД ставке у Листи Жеља."
"Please load Wish List item.","Молимо учитајте ставку у Листи Жеља."
"Login successful.","Успешно сте се пријавили."
"""%1"" section source is not supported","""%1"" извор секције није подржан"
"%1 doesn't extend \Magento\Customer\CustomerData\SectionSourceInterface","%1 доесн'т еxтенд \Магенто\Купац\ЦустомерДата\СецтионСоурцеИнтерфаце"
"No confirmation needed.","Није потребна потврда."
"Account already active","Налог је већ активан"
"Invalid confirmation token","Неисправан токен потврде"
"The account is locked.","Ваш Профил је закључан."
"This account is not confirmed.","Овај налог није потврђен."
"Invalid value of ""%value"" provided for the %fieldName field. Possible values: %template1 or %template2.","Неисправна вредност ""%валуе"" за поље %фиелдНаме. Могуће вредности: %темплате1 или %темплате2."
"Please enter a password with at most %1 characters.","Молимо унесите Лозинку са највише %1 карактера."
"Please enter a password with at least %1 characters.","Молимо унесите а пассwорд wитх ат леаст %1 цхарацтерс."
"Minimum of different classes of characters in password is %1. Classes of characters: Lower Case, Upper Case, Digits, Special Characters.","Минимално %1 различитих типова карактера у лозинки. Класе карактера: мала слова, велика слова, бројеви, посебни карактери."
"Password cannot be the same as email address.","Лозинка не може бе тхе саме ас емаил аддресс."
"This customer already exists in this store.","Регистровани купац вец́ постоји."
"Reset password token mismatch.","Ресетуј пассwорд токен мисматцх."
"Reset password token expired.","Ресетуј пассwорд токен еxпиред."
"Please correct the transactional account email type.","Молимо исправите тхе трансацтионал аццоунт емаил тyпе."
"""%1"" is a required value.","""%1"" је обавезна вредност."
"Per Website","По Wеб сајту"
"Please enter a valid password reset token.","Молимо унесите а валид пассwорд ресет токен."
"No such entity with %fieldName = %fieldValue, %field2Name = %field2Value","Не постоји ентитет са %фиелдНаме = %фиелдВалуе, %фиелд2Наме = %фиелд2Валуе"
"File can not be saved to the destination folder.","Фајл не може бити сачуван у дестинационом фолдеру."
"Unable to create directory %1.","Није могуће креирање директоријума %1."
"Destination folder is not writable or does not exists.","Дестинацијски фолдер није уписив или не постоји."
"Something went wrong while saving the file.","Дошло је до грешке приликом чувања фајла."
"Attribute object is undefined","Објекат атрибута није дефинисан"
"""%1"" invalid type entered.","""%1"" неисправан тип је унет."
"""%1"" contains non-alphabetic or non-numeric characters.","""%1"" садржи вредности које нису ни слова ни бројеви."
"""%1"" is an empty string.","""%1"" је празан низ."
"""%1"" contains non-numeric characters.","""%1"" садржи карактере који нису бројеви."
"""%1"" contains non-alphabetic characters.","""%1"" садржи карактере који нису слова."
"""%1"" is not a valid email address.","""%1"" није валидна мејл адреса."
"""%1"" is not a valid hostname.","""%1"" није валидно хостнаме."
"""%1"" uses too many characters.","""%1"" користи превише карактера."
"'%value%' looks like an IP address, which is not an acceptable format.","'%валуе%' изгледа као ИП адреса, што није прихватљив формат."
"'%value%' looks like a DNS hostname but contains a dash in an invalid position.","'%валуе%' изгледа као ДНС хостнаме али садржи цртицу на погрешном месту."
"'%value%' looks like a DNS hostname but we cannot match it against the hostname schema for TLD '%tld%'.","'%валуе%' изгледа као ДНС хостнаме али не можемо га упоредити са хостнаме шемом за ТЛД '%тлд%'."
"'%value%' looks like a DNS hostname but cannot extract TLD part.","'%валуе%' изгледа као ДНС хостнаме али не може издвојити ТЛД део."
"'%value%' does not look like a valid local network name.","'%валуе%' не изгледа као валидан назив локалне мреже."
"'%value%' looks like a local network name, which is not an acceptable format.","'%валуе%' изгледа као назив локалне мреже, што није прихватљив формат."
"'%value%' appears to be a DNS hostname, but the given punycode notation cannot be decoded.","'%валуе%' изгледа као ДНС хостнаме, али се дата пунyцоде нотација не може декодирати."
"""%1"" is not a valid URL.","""%1"" није важећи УРЛ."
"""%1"" is not a valid date.","""%1"" није важећи датум."
"""%1"" does not fit the entered date format.","""%1"" не одговара унетом формату датума."
"Please enter a valid date between %1 and %2 at %3.","Молимо унесите валидан датум измеду %1 и %2 у %3."
"Please enter a valid date equal to or greater than %1 at %2.","Молимо унесите валидан датум једнак или већи од %1 у %2."
"Please enter a valid date less than or equal to %1 at %2.","Молимо унесите валидан датум мањи или једнак од %1 у %2."
"""%1"" is not a valid file extension.","""%1"" није валидна екстензија за фајл."
"""%1"" is not a valid file.","""%1"" није валидан фајл."
"""%1"" exceeds the allowed file size.","""%1"" прелази дозвољену величину фајла."
"""%1"" is not a valid image format.","""%1"" није валидан формат слике."
"""%1"" width exceeds allowed value of %2 px.","""%1"" ширина прелази дозвољену вредност од %2 пx."
"""%1"" height exceeds allowed value of %2 px.","""%1"" висина прелази дозвољену вредност од %2 пx."
"""%1"" length must be equal or greater than %2 characters.","""%1"" дужина мора бити већа или једнака од %2 карактера."
"""%1"" length must be equal or less than %2 characters.","""%1"" дужина мора бити мања или једнака од %2 карактера."
"Please enter a customer email.","Унесите емаил купца."
"You can't delete group ""%1"".","Не можете обрисати групу ""%1""."
"Customer Group already exists.","Група Купаца већ постоји."
"Cannot delete group.","Не можете обрисати групу."
"Error during VAT Number verification.","Дошло је до грешке приликом потврде ПИБ-а."
"PHP SOAP extension is required.","ПХП СОАП екстензија је обавезна."
"VAT Number is valid.","ПИБ број је валидан."
"Please enter a valid VAT number.","Молимо унесите исправан ПИБ."
"Your VAT ID was successfully validated.","Ваш ПИБ је успешно валидиран."
"You will be charged tax.","Биће вам наплаћен порез."
"You will not be charged tax.","Неће вам бити наплаћен порез."
"The VAT ID entered (%1) is not a valid VAT ID.","Унесени ПИБ (%1) није валидан."
"Your Tax ID cannot be validated.","Ваш порески ИД не може бити валидиран."
"If you believe this is an error, please contact us at %1","Ако верујете да је дошло до грешке, молимо контактирајте нас на %1"
Male,Мушки
Female,Женски
"Not Specified","Није Дефинисан"
"Thank you for registering with","Хвала Вам за регистровање са"
"enter your billing address for proper VAT calculation","унесите адресу за наплату за правилну калкулацију ПДВ-а"
"enter your shipping address for proper VAT calculation","унесите адресу за доставу за правилну калкулацију ПДВ-а"
"Please enter new password.","Унесите нову лозинку."
NoSuchEntityException,"Изузетак непостојећег ентитета"
"Validator Exception","Изузетак Провере Ваљаности"
"Localized Exception","Локализовани Изузетак"
"NOT LOGGED IN","НИСТЕ УЛОГОВАНИ"
"Please enter the state/province.","Молимо упишите државу/покрајину."
"region is a required field.","регион је обавезно поље."
"regionId is a required field.","регионИд ис а обавезно поље."
Label,Ознака
Visitor,Посетилац
"Personal Information","Личне информације"
"Last Logged In:","Последња Пријава:"
"Last Logged In (%1):","Последња Пријава (%1):"
"Account Lock:","Налог Закључан:"
"Confirmed email:","Потврђени мејл:"
"Account Created:","Налог је Креиран:"
"Account Created on (%1):","Налог је Креиран (%1):"
"Account Created in:","Налог је Креиран:"
"Customer Group:","Група купаца:"
"Default Billing Address","Подразумевана Адреса за Наплату"
"Sales Statistics","Статистика Продаје"
"Average Sale","Просечна Продаја"
"Manage Addresses","Управљајте адресама"
"Default Shipping Address","Подразумевана Адреса Доставе"
"Contact Information","Контакт подаци"
"Change Password","Промени лозинку"
Newsletters,Билтен
"You are subscribed to ""General Subscription"".","Пријављени сте на ""Опште Претплате""."
"Default Addresses","Подразумеване адресе"
"Change Billing Address","Промени Адресу за Наплату"
"You have no default billing address in your address book.","Немате подразумевану адресу за наплату у свом адресару."
"Change Shipping Address","Промени Адресу Доставе"
"You have no default shipping address in your address book.","Немате подразумевану адресу доставе у свом адресару."
"Additional Address Entries","Додатни Уноси Адреса"
"Delete Address","Обриши Адреса"
"Street Address %1","Улица %1"
"It's a default billing address.","То је подразумевана адреса за наплату."
"Use as my default billing address","Користи као моју подразумевану адресу за наплату"
"It's a default shipping address.","То је подразумевана адреса за доставу."
"Use as my default shipping address","Користи моју подразумевану адресу доставе"
"Go back",Назад
"Please enter your email below and we will send you the confirmation link.","Молимо унесите емаил и послаћемо вам линк за потврду."
"Send confirmation link","Пошаљи потврдни линк"
"Back to Sign In","Натраг на Пријаву"
"Change Email","Промени Емаил"
"Change Email and Password","Промени Емаил и Лозинку"
"Current Password","Тренутна лозинка"
"Password Strength","Јачина Лозинке"
"No Password","Нема лозинке"
"Confirm New Password","Потврдите нову лозинку"
"Please enter your email address below to receive a password reset link.","Молимо унесите емаил адресу испод да бисте добили линк за ресетовање лозинке."
"Reset My Password","Ресетовање Лозинке"
"Registered Customers","Регистровани Купци"
"If you have an account, sign in with your email address.","Ако имате Профил, пријавите се са емаилом."
"Subscription option","Опције претплате"
"General Subscription","Опште Поставке"
"Sign Up for Newsletter","Пријави се за Неwслеттер"
"Address Information","Информација о Адреси"
"Sign-in Information","Информације о Пријави"
"Confirm Password","Потврда лозинке"
"Create an Account","Креирај налог"
"Set a New Password","Постави нову лозинку"
"You have signed out and will go to our homepage in 5 seconds.","Ођавили сте се и бићете преусмерени на почетну страницу за 5 секунди."
"Creating an account has many benefits: check out faster, keep more than one address, track orders and more.","Креирање Профила има много предности: брзу проверу, лак приступ претходним поруџбинама, могућност креирања списка адреса и подешавања."
Fax,Факс
"Tax/VAT number",ПИБ
"Welcome to %store_name","Добродошли у %сторе_наме"
"Welcome to %store_name.","Добродошли у %сторе_наме."
"To sign in to our site, use these credentials during checkout or on the <a href=""%customer_url"">My Account</a> page:","Да бисте се пријавили на наш сајт, користите ове акредитиве током провере или на страници <а хреф=""%цустомер_урл"">Мој рачун</а>:"
Email:,Е-маил:
Password:,Лозинка:
"Password you set when creating account","Лозинка коју сте поставили приликом креирања налога"
"Forgot your account password? Click <a href=""%reset_url"">here</a> to reset it.","Заборавили сте лозинку свог налога? Кликните <а хреф=""%ресет_урл""> овде</а> да бисте поништили то."
"Proceed through checkout faster","Наставите брже кроз проверу"
"Check the status of orders","Проверите статус поруџбине"
"View past orders","Види све поруџбине"
"Store alternative addresses (for shipping to multiple family members and friends)","Алтернативне адресе (за слање члановима породице или пријатељима)"
"Please confirm your %store_name account","Молимо потврдите свој %сторе_наме Профил"
"You must confirm your %customer_email email before you can sign in (link is only valid once):","Морате потврдити %цустомер_емаил пре пријављивања (линк је валидан само једном):"
"Confirm Your Account","Потврдите свој Профил"
"Thank you for confirming your %store_name account.","Хвала Вам за потврђивање свог %сторе_наме Профила."
"To sign in to our site and set a password, click on the <a href=""%create_password_url"">link</a>:","Да бисте се пријавили на наш сај и подесили Лозинку, кликните на <а хреф=""%цреате_пассwорд_урл"">линк</а>:"
"Your %store_name email has been changed","Ваш %сторе_наме мејл је промењен"
"Hello,","Здраво,"
"We have received a request to change the following information associated with your account at %store_name: email.","Примили смо захтева за промену следећих информација повезаних са твојим налогом у %сторе_наме: емаил."
"If you have not authorized this action, please contact us immediately at <a href=""mailto:%store_email"">%store_email</a>","Ако нисте ауторизовани за ово, молимо контактирајте нас одмах на <а хреф=""маилто:%сторе_емаил"">%сторе_наме</а>"
"or call us at <a href=""tel:%store_phone"">%store_phone</a>","или нас позовите на <а хреф=""тел:%сторе_пхоне"">%сторе_пхоне</а>"
"Thanks,<br>%store_name","Хвала, <бр>%сторе_наме"
"Your %store_name email and password has been changed","Ваш %сторе_наме мејл и шифра су промењени"
"We have received a request to change the following information associated with your account at %store_name: email, password.","Примили смо захтева за промену следећих информација повезаних са твојим налогом у %сторе_наме: емаил, шифра."
"Reset your %store_name password","Ресетујте %сторе_наме шифру"
"There was recently a request to change the password for your account.","Недавно смо примили захтев за промену шифре за ваш налог."
"If you requested this change, set a new password here:","Уколико сте ви затражили промену, подесите нову шифру овде:"
"If you did not make this request, you can ignore this email and your password will remain the same.","Ако ви нисте тражили, можете игнорисати овај мејл и шифра ће остати иста."
"Your %store_name password has been changed","Ваша %сторе_наме шифра је промењена"
"We have received a request to change the following information associated with your account at %store_name: password.","Примили смо захтева за промену следећих информација повезаних са твојим налогом у %сторе_наме: шифра."
"Checkout as a new customer","Платите као нови купац"
"Creating an account has many benefits:","Креирање налога има пуно предности:"
"See order and shipping status","Видите поруџбину и статус пошиљке"
"Track order history","Историја поруџбина"
"Check out faster","Брже плаћање"
"Checkout using your account","Плаћање преко личног налога"
"Email Address","Е-маил адреса"
"Are you sure you want to delete this address?","Јесте ли сигурни да желите да обришете ову адресу?"
Weak,Слабо
Medium,Средње
Strong,Јако
"Very Strong","Веома јако"
"All Customers","Сви Корисници"
"Now Online","Сада је на мрежи"
"Customers Section","Део за Купце"
"Customer Configuration","Конфигурација Купца"
"Account Sharing Options","Опције дељења налога"
"Share Customer Accounts","Подели Налоге Купаца"
"Create New Account Options","Креирајте Нове Опције Налога"
"Enable Automatic Assignment to Customer Group","Омогуц́ите аутоматско додељивање групи клијената"
"Tax Calculation Based On","Обрачун пореза на основу"
"Default Group","Подразумевана Група"
"Group for Valid VAT ID - Domestic","Група за Валидни ВАТ ИД - Домаћи"
"Group for Valid VAT ID - Intra-Union","Група за Валидни ВАТ ИД - Интра-Унијски"
"Group for Invalid VAT ID","Група за Неважећи ВАТ ИД"
"Validation Error Group","Валидација грешке групе"
"Validate on Each Transaction","Потврда за сваку трансакцију"
"Default Value for Disable Automatic Group Changes Based on VAT ID","Подразумевана Вредност за Онемогуц́авање Аутоматске Промене Групе на основу ПИБ-а"
"Show VAT Number on Storefront","Прикажите ПИБ на Почетној Страници"
"To show VAT number on Storefront, set Show VAT Number on Storefront option to Yes.","За Приказивање ПИБ-а на Почетној Страници, Подесите ""Приказивање ПИБ-а на Почетној Страници"" на Да."
"Default Email Domain","Подразумевани Емаил Домен"
"Default Welcome Email","Подразумевани Емаил Добродошлице"
"Default Welcome Email Without Password","Подразумевани Емаил Добродошлице Без Пассwорд-а"
"This email will be sent instead of the Default Welcome Email, if a customer was created without password. <br /><br />
                        Email template chosen based on theme fallback when ""Default"" option is selected.","Овај емаил ће бити послат уместо подразумеваног емаила добродошлице, ако је купац креиран без лозинке. <бр /><бр />
                        Емаил шаблон се бира на основу резервне теме када је изабрана опција ""Подразумевано""."
"Email Sender","Пошиљалац емаила"
"Require Emails Confirmation","Захтевај Потврду Мејла"
"Confirmation Link Email","Линк за Потврду Емаила"
"Welcome Email","Емаил Добродошлице"
"This email will be sent instead of the Default Welcome Email, after account confirmation. <br /><br />
                        Email template chosen based on theme fallback when ""Default"" option is selected.","Овај емаил ће бити послат уместо подразумеваног емаила добродошлице, након потврде налога. <бр /><бр />
                        Емаил шаблон се бира на основу резервне теме када је изабрана опција ""Подразумевано""."
"Generate Human-Friendly Customer ID","Генериши Хуман-Фриендлy ИД Купца"
"Password Options","Избори лозинке"
"Forgot Email Template","Заборављени предложак Емаила"
"Remind Email Template","Заборављени предложак Емаила"
"Reset Password Template","Шаблон за ресетовање лозинке"
"Password Template Email Sender","Пошиљалац Шаблонског Мејла са Шифром"
"Number of Required Character Classes","Број Потребних Класа Карактера"
"Number of different character classes required in password: Lowercase, Uppercase, Digits, Special Characters.","Број Различитих Класа Карактера Потребних за Лозинку: Мала Слова, Велика Слова, Цифре, Посебни Знакови."
"Minimum Password Length","Минимална Дужина Лозинке"
"Maximum Login Failures to Lockout Account","Максимални Број Неуспешних Пријава до Закључавања Налога"
"Use 0 to disable account locking.","Унесите 0 да Онемогућите Закључавање Налога."
"Lockout Time (minutes)","Време Закључавања (у минутама)"
"Enable Autocomplete on login/forgot password forms","Омогућите Аутоматско Довршавање на Формама за Логовање/Заборављена Лозинка"
"Account Information Options","Опције Информација о Налогу"
"Change Email Template","Шаблон за Промену Емаила"
"Change Email and Password Template","Шаблон за Промену Емаила и Лозинке"
"Name and Address Options","Опције за Име и Адресу"
"Number of Lines in a Street Address","Број Редова за Унос Адресе"
"Valid range: 1-4","Важећи опсег: 1-4"
"Show Prefix","Прикажи Префикс"
"The title that goes before name (Mr., Mrs., etc.)","Назив Који Иде Пре имена (господин, госпођа итд.)"
"Prefix Dropdown Options","Префикс Опција у Падајућем Менију"
"Semicolon (;) separated values.<br/>Leave empty for open text field.","Тачка-зарез (;) одвојене вредности. <бр/>Оставите праyно yа отворено поље."
"Show Middle Name (initial)","Прикажи Средње Име (Иницијал)"
"Always optional.","Увек опционо."
"Show Suffix","Прикажи Суфикс"
"The suffix that goes after name (Jr., Sr., etc.)","Суфикс који иде после имена (Јр., Ср., итд.)"
"Suffix Dropdown Options","Суфикс Опција у Падајућем Менију"
"Show Date of Birth","Прикажи Датум Рођења"
"Show Tax/VAT Number","Прикажи Таx/ВАТ Број"
"Show Gender","Прикажи Пол"
"Show Telephone","Прикажи Телефон"
"Show Company","Прикажи Компанију"
"Show Fax","Прикажи Фаx"
"Login Options","Опције Пријављивања"
"Redirect Customer to Account Dashboard after Logging in","Преусмери Купца на Корисничку Управљачку Таблу након пријављивања"
"Customer will stay on the current page if ""No"" is selected.","Купац ће остати на тренутној страни ако је одабрано ""Не""."
"Address Templates","Шаблони Адресе"
"Online Customers Options","Онлине Опције Купаца"
"Online Minutes Interval","Интервал минута на мрежи"
"Leave empty for default (15 minutes).","Подразумевано остави празно (15 минута)."
"Customer Data Lifetime","Купац Дата Лифетиме"
"Please specify value in minutes.","Наведите вредност у минутима."
"Customer Notification","Обавештење Купца"
"Assign a Customer Group","Додели Групу купаца"
"Are you sure to assign selected customers to new group?","Да ли сте сигурни то ассигн селецтед цустомерс то неw гроуп?"
"Customer Grid","Мрежа Корисника"
"Rebuild Customer grid index","Обновите индекс мреже корисника"
Group,Група
"Add New Customer","Додај Корисника"
"Are you sure to delete selected customers?","Да ли сте сигурни то делете селецтед цустомерс?"
"Subscribe to Newsletter","Пријави се на Неwслеттер"
"Are you sure to unsubscribe selected customers from newsletter?","Да ли сте сигурни то унсубсцрибе селецтед цустомерс фром неwслеттер?"
"Unsubscribe from Newsletter","Ођави се са Неwслеттер-а"
"Customer Since","Корисник Од"
"Confirmed email","Потврђени мејл"
"Account Created in","Налог је Креиран"
"Tax VAT Number","ПДВ број"
"Billing Firstname","Име за Наплату"
"Billing Lastname","Презиме за Наплату"
"Account Lock","Налог Закључан"
"Last Activity","Последња активност"
"Customer Information","Корисничке информације"
"If your Magento installation has multiple websites, you can edit the scope to associate the customer with a specific site.","Ако Ваша Магенто инсталација има више wеб сајтова, можете променити опсег да удружите кориснике са одређеног сајта."
"Disable Automatic Group Change Based on VAT ID","Онемогући Аутоматску Групну Промену засновану на ПДВ ИД"
"Send Welcome Email From","Пошаљи поруку добродошлице са"
"Are you sure you want to delete this item?","Да ли сте сигурни желите да делете тхис итем?"
Addresses,Адресе
"Account Dashboard","Контролна табла"
"Edit Account Information","Уређивање Информација Налога"
"Password forgotten","Заборављена Лозинка"
"My Dashboard","Моја контролна табла"
"You are signed out","Ођавили сте се"
"You subscribe to our newsletter.","Претплаћени сте на наш билтен."
"You don't subscribe to our newsletter.","Нисте претплаћени на наш билтен."
"Invalid input","Неисправан унос"
"Confirm your new password.","Потврдите нову лозинку."
"Something went wrong while changing the password.","Нешто није у реду wхиле цхангинг тхе пассwорд."
"Please enter the first name.","Молимо упишите име."
"Please enter the last name.","Молимо упишите презиме."
"Please enter the street.","Унесите улицу."
"Please enter the city.","Унесите град."
"Please enter the phone number.","Унесите број телефона."
"Please enter the zip/postal code.","Унесите поштански број."
"Please enter the country.","Унесите државу."
"Please enter a first name.","Унесите име."
"Please enter a last name.","Молимо упишите презиме."
"Please correct this email address: ""%1"".","Молим вас да исправите ову е-адресу: „%1”."
"Please enter a date of birth.","Унесите датум рођења."
"Please enter a TAX/VAT number.","Унесите ПИБ."
"Please enter a gender.","Унесите пол."
"'%value%' looks like a DNS hostname but we cannot match the TLD against known list.","'%валуе%' лоокс лике а ДНС хостнаме бут wе не може матцх тхе ТЛД агаинст кноwн лист."
"You subscribe to ""General Subscription"".","Претплаћени сте на ""Општа претплата""."
"The password for your account has been successfully changed.","Тхе пассwорд фор yоур аццоунт је успешно цхангед."
"Checkout out as a new customer","Наплата оут ас а неw цустомер"
"Create Account","Креирај налог"
"Checkout out using your account","Наплата оут усинг yоур аццоунт"
"Recovery Link Expiration Period (days)","Период истека линка за опоравак (дани)"
"Last Logged In","Последњи Логгед Ин"
"You are signed out.","Ођављени сте."
"Invalid value of ""%value"" provided for the %fieldName field. Possible values are %template1 or %template2.","Неважећа вредност ""%валуе"" наведена за поље %фиелдНаме. Могуће вредности су %темплате1 или %темплате2."
"Could not authenticate. Please try again later","Аутентификација није успела. Молимо покушајте касније"
"Account will be unlocked after provided time.","Налог ц́е Бити Откључан Након Предвиђеног Времена."
"Text One Line","Текст у једном реду"
" Example: ",Пример:
"If you believe it is the right one you can ignore this notice.","Уколико верујете да је исправан, можете игнорисати ово обавештење."
"The account sign-in was incorrect or your account is disabled temporarily. Please wait and try again later.","Погрешни подаци за пријаву или је налог привремено онемогућен. Сачекајте и покушајте поново."
"The password doesn't match this account. Verify the password and try again.","Лозинка се не поклапа са корисничким профилом. Проверите лозинку и покушајте поново."
"The email address is incorrect. Verify the email address and try again.","Емаил адреса није исправна. Проверите емаил адресу и покушајте поново."
"The customer ID isn't defined.","ИД купца није дефинисан."
"The quote items are incorrect. Verify the quote items and try again.","Наведени производ није исправан. Проверите производе и покушајте поново."
"The ""%1"" section source isn't supported.","""%1"" извор секције није подржан."
"Confirmation isn't needed.","Потврда није неопходна."
"The account is already active.","Овај налог је већ активан."
"The confirmation token is invalid. Verify the token and try again.","Потврдни токен је неисправан. Провери токен и покушај поново."
"This account isn't confirmed. Verify and try again.","Овај Профиле није потврђен. Проверите и покушајте поново."
"The password needs at least %1 characters. Create a new password and try again.","За Лозинку је потребно најмање %1 карактера. Креирајте нову Лозинку и покушајте поново."
"The password can't begin or end with a space. Verify the password and try again.","Лозинка не може започети нити се завршити празним местом. Проверите Лозинку и покушајте поново."
"The password can't be the same as the email address. Create a new password and try again.","Лозинка не може бити емаил адреса. Креирајте нову Лозинку и покушајте поново."
"The store view is not in the associated website.","Преглед странице није придружен овом wеб сајту."
"A customer with the same email address already exists in an associated website.","Корисник са истим емаилом већ постоји на придруженом wеб сајту."
"""%fieldName"" is required. Enter and try again.","""%фиелдНаме"" је обавезно. Унесите и пробајте поново."
"The password token is mismatched. Reset and try again.","Токен лозинке није усклађен. Ресетујте и покушајте поново."
"The password token is expired. Reset and try again.","Токен лозинке је истекао. Ресетујте и покушајте поново."
"The transactional account email type is incorrect. Verify and try again.","Врста емаила трансакционог рачуна је нетачна. Верификујте и покушајте поново."
"A valid password reset token is missing. Enter and try again.","Валидни токен за ресетовање шифре недостаје. Унесите га и покушајте поново."
"The customer email is missing. Enter and try again.","Мејл корисника недостаје. Унесите га и покушајте поново."
"A customer website ID wasn't specified. The ID must be specified to use the website scope.","ИД корисничког веб сајта није дефинисан. ИД мора бити дефинисан и коришће у опсегу."
"""regionId"" is required. Enter and try again.","""регионИд"" је обавезан. Упишите и покушајте поново."
"Customer not logged in","Купац није пријављен"
"There is no address id in setting default billing address.","Не постоји ид адресе у подешавањима подразумеване адресе за наплату."
"Default billing address has been changed.","Подразумевана адресу за наплату је промењена."
"We can't change default billing address right now.","Не можемо променити подразумевану адресу наплате сада."
"There is no address id in setting default shipping address.","Не постоји ид адресе у подешавањима подразумеване адресе за наплату."
"Default shipping address has been changed.","Подразумевана адреса за доставу је измењена."
"We can't change default shipping address right now.","Не можемо променити подразумевану адресу доставе сада."
"There is no such address entity to delete.","Не постоји такав ентитет адресе који би могао бити обрисан."
"We can't mass delete the addresses right now.","Не можемо масовно обрисати адресе сада."
"Customer address has been updated.","Адреса купца је ажурирана."
"New customer address has been added.","Нова адреса купца је додата."
"There is no customer with such id.","Не постоји купац са тим ид-јем."
"We can't change customer address right now.","Не можемо променити адресу купца сада."
Street,Улица
"Set as default billing","Подеси као подразумавану наплату"
"Set address as default billing","Подеси адресу као за подразумевану наплату"
"Are you sure you want to set the address as default billing address?","Да ли сте сигурни да желите да подесите ову адресу као подразумевану адресу за наплату?"
"Set as default shipping","Подеси као подразумевану доставу"
"Set address as default shipping","Подеси адресу као подразумевану за доставу"
"Are you sure you want to set the address as default shipping address?","Да ли сте сигурни да желите да подесите адресу као подразумевану адресу за доставу?"
"Delete address","Обриши адресу"
"Are you sure you want to delete the address?","Да ли сте сигурни да желите да обришете адресу?"
"Additional addresses","Додатне адресе"
State,Држава
"Reset password","Ресетуј пассwорд"
"Invalidate tokens","Неисправанате токенс"
"Update Address","Ажурирај Адресу"
"Name Prefix","Префикс испред имена"
"Name Suffix","Суфикс иза имена"
"Are you sure to delete selected address?","Да ли сте сигурни да желите да обришете одабране адресе?"
"Are you sure you want to delete the selected customers?","Да ли сте сигурни да желите да обришете одабране кориснике?"
"Are you sure you want to unsubscribe the selected customers from the newsletter?","Да ли сте сигурни да желите да ођавите одабране кориснике са билтена?"
"The customer does not have default billing address","Купац нема подразумевану адресу за наплату"
"The customer does not have default shipping address","Корисник нема подразумевану адресу испоруке"
"Delete Orphan Balances","Обриши Орпхан Баланцес"
"Balance Change","Промена Баланса"
Balance,Баланс
"Customer notified","Обавештен корисник"
Notified,Обавештен
"More information","Више информација"
"Update Balance","Ажурирај Баланс"
"An amount on which to change the balance","Износ који ће утицати на баланс"
"Notify Customer by Email","Обавести Купца Мејлом"
"Send Email Notification From the Following Store View","Пошаљи Обавештење Мејлом из Следећег Прегледа Странице"
"Failed to initialize customer","Неуспешна иницијализација купца"
"The store credit payment has been removed from shopping cart.","Кредитно плаћање је уклоњено из корпе."
"You are not using store credit in your shopping cart.","Не користите кредит продавнице у својој корпи."
"Please set a website ID.","Молимо подесите ИД веб сајта."
"By admin: %1.","По админу: %1."
"By admin: %1. (%2)","По админу: %1. (%2)"
"Please also set the Store ID.","Молимо да подесите и ИД Продавнице."
"Please enter a store ID to send email notifications.","Молимо упишите ИД продавнице за слање обавештења на мејл."
"Please specify a customer ID.","Молимо наведите ИД купца."
"Please specify a valid customer.","Молимо наведите валидног купца."
Used,Коришћено
"There is no credit memo set to balance model.","Није постављен кредитни меморандум за модел равнотеже."
"Order #%1, creditmemo #%2","Поруџбина #%1, књижно обавештење #%2"
"Unknown balance history action code","Непознат баланце хисторy ацтион цоде"
"There is no order set to balance model.","Нема поруџбине за постављање балансног модела."
"You do not have enough store credit to complete this order.","Немате довољно кредита продавнице за довршавање ове поруџбине."
"You can't use more store credit than the order amount.","Не можете усе море сторе цредит тхан тхе ордер амоунт."
"Store Credit Balance","Баланс Кредита Продавнице"
"Balance History","Историја Баланса"
"Refund Store Credit to Store Credit","Рефундирај Кредит Продавнице у Кредиту Продавнице"
"Refund Money to Store Credit","Рефундирај Новац у Кредиту Продавнице"
"Refund to Store Credit","Рефундирај у Кредиту Продавнице"
"Use Store Credit (%1 available)","Користи Кредит Продавнице (%1 доступан)"
"Your balance is:","Ваш баланс је:"
"Use Store Credit","Користи Кредит Продавнице"
available,доступно
"Refunded to Store Credit","Рефундирано до Кредита Продавнице"
"Store Credit update","Ажурирање Кредита Продавнице"
"We have updated your <a href=""%store_url"">%store_name</a> account and you have credit that you can use for future purchases.","Ажурирали смо ваш <а хреф=""%сторе_урл"">%сторе_наме</а> налод и имате кредит који можете искористити за неку од следећих куповина."
"Your Store Credit balance is now %balance.","Ваш кредитни салдо у продавници је сада %баланце."
"Store credit","Продавница цредит"
"Store credit available","Кредит продавнице је доступан"
"Your store credit was successfully applied","Ваш кредит продавнице успешно је примењен"
"Store Credit Options","Опције Кредита продавнице"
"Enable Store Credit Functionality","Омогући Функционалност Кредита Продавнице"
"Show Store Credit History to Customers","Прикажи Историју Кредита Продавнице Купцу"
"Refund Store Credit Automatically","Аутоматски Рефундирај Кредит Продавнице"
"Store Credit Update Email Sender","Чување Ажурирања Кредита Путем Мејла"
"Store Credit Update Email Template","Чување Ажурирања Кредита Шаблон"
"A balance is needed to save a balance history.","Баланс је неопходан за чување историје баланса."
"The balance history action code is unknown. Verify the code and try again.","Акциони код за историју баланса није познат. Проверите код и покушајте поново."
"Customer Address Attributes","Атрибуте Адресе Купаца"
"Edit Customer Address Attribute ""%1""","Измени Атрибуте Адресе Купаца ""%1"""
"New Customer Address Attribute","Нови Атрибут Адресе Купца"
"Lines Count","Број Линија"
"Valid range 2-20","Валидни опсег 2-20"
"Input Validation","Валидација Уноса"
"Minimum Text Length","Минимална Дужина Текста"
"Maximum Text Length","Максимална Дужина Текста"
"Maximum File Size (bytes)","Максимална Величина Фајла (бyтес)"
"File Extensions","Екстензије Фајла"
"Maximum Image Width (px)","Максимална ширина слике (пx)"
"Maximum Image Height (px)","Максимална Висина слике (пx)"
"Minimal value","Минимална вредност"
"Maximum value","Максимална вредност"
"Select ""Yes"" to add this attribute to the list of column options in the customer grid.","Одабери ""Yес"" да додаш овај атрибут у листу опција колона у мрежи производа."
"Select ""Yes"" to add this attribute to the list of filter options in the customer grid.","Одабери ""Yес"" да додаш овај атрибут у листи опција филтера у мрежи производа."
"Use in Search Options","Користи у Опцијама Претраге"
"Use in Search Option","Користи у Опцијама Претраге"
"Select ""Yes"" to add this attribute to the list of search options in the customer grid.","Одабери ""Yес"" да додаш овај атрибут у листу опција претраживања у мрежи производа."
"Show on Storefront","Прикажи у Излогу"
"Forms to Use In","Форме за Коришћење У"
"Manage Label / Options","Управљај Ознакама / Опцијама"
"Visible to Customer","Видљиво Купцу"
"Customer Attributes","Кориснички Атрибути"
"Edit Customer Attribute ""%1""","Измени Кориснички Атрибут ""%1"""
"New Customer Attribute","Нови Кориснички Атрибут"
"Manage Form Types","Управљај Типовима Форми"
"New Form Type","Нови Тип Форме"
"Edit Form Type ""%1""","Измени Тип Форме ""%1"""
"Form Label","Ознака Форме"
"All Themes","Све Теме"
"For Theme","За Теме"
"Form Code","Код Форме"
"Form Title","Наслов Форме"
"New Fieldset","Ново Поље"
"Form Type Information","Информација Типа Форме"
"Type Code","Код Типа"
"Manage Customer Address Attributes","Управљај Атрибутима Адресе Купца"
"You cannot delete this attribute.","Не можете обрисати атрибут."
"You deleted the customer address attribute.","Обрисали сте атрибут корисничке адресе."
"You cannot edit this attribute.","Не можете изменити атрибут."
"Edit Customer Address Attribute","Измени Атрибуте Адресе Купаца"
"You saved the customer address attribute.","Сачували сте атрибут корисничке адресе."
"Manage Customer Attributes","Управљај Атрибутима Купаца"
"You deleted the customer attribute.","Обрисали сте корисничке атрибуте."
"The attribute no longer exists.","Атрибут више не постоји."
"Edit Customer Attribute","Измени Кориснички Атрибут"
"You saved the customer attribute.","Сачували сте кориснички атрибут."
"We can't save the form type right now.","Не можемо сачувати тип форме сада."
"This system form type cannot be deleted.","Систем тип форме не може бити обрисан."
"The form type has been deleted.","Тип форме не може бити обрисан."
"Customer Address Registration","Регистрација Корисничке Адресе"
"Customer Account Address","Адреса Корисничког Налога"
"Customer Registration","Регистрација Купаца"
"Customer Account Edit","Измена Налога Купца"
"Admin Checkout","Админ Плаћање"
"Length Only","Само Дужина"
"Fieldset Properties","Подешавања Поља"
"Fieldset Title","Назив Поља"
"Fieldset Code","Код Поља"
"A fieldset with the same code alredy exists.","Поље са истим кодом већ постоји."
"This fieldset is not empty!","Ово поље није празно!"
"Choose Website:","Одаберите Веб Сајт:"
"This is your default billing address.","Ово је ваша адреса за наплату."
"This is your default shipping address.","Ово је ваша адреса за доставу."
"Change Email","Промени Мејл"
"Change Email and Password","Промени Мејл и Шифру"
"Password Strength","Јачина Шифре"
"No Password","Нема Шифре"
"Confirm New Password","Потврди Нову Шифру"
"Customer Address","Адреса Купца"
"Comma separated. Forbidden file extensions: %1.","Одвојено зарезима. Забрањена екстензија фајла: %1."
"The attribute code needs to be %1 characters or fewer. Re-enter the code and try again.","Код атрибута мора бити %1 карактера или мање. Поново унесите код и покушајте поново."
"Please specify a finance information website.","Молимо дефинишите финанцијске информације веб сајта."
"Please specify a valid finance information website.","Молимо дефинишите валидне финансијске информације веб сајта."
"A row with this email, website, and finance website combination already exists.","Вец́ постоји комбинација овог Емаила, Wеб сајта и финансија."
"Data was imported by %1","Подаци су увезани %1"
"Reward Points","Наградни поени"
"Current customer does not have access to the resource ""%1""","Тренутни купац нема приступ ресурсу ""%1"""
"Customer id %1 does not exist.","Купац ид %1 не постоји."
"Required parameters are missing: %1","Обавезно параметерс аре недостаје: %1"
"Customer Address %1 is set as default billing address and can not be deleted","Купац Адреса %1 ис сет ас дефаулт биллинг аддресс анд цан нот бе делетед"
"Customer Address %1 is set as default shipping address and can not be deleted","Купац Адреса %1 ис сет ас дефаулт схиппинг аддресс анд цан нот бе делетед"
"Could not find a address with ID ""%address_id""","Није могуће пронаћи адресу са ИД ""%аддресс_ид"""
"Current customer does not have permission to address with ID ""%address_id""","Тренутни купац нема дозволу за адресу са ИД ""%аддресс_ид"""
"Customer with id ""%customer_id"" does not exist.","Купац са ИД ""%цустомер_ид"" не постоји."
"The account is locked.","Налог је закључан."
"This account isn't confirmed. Verify and try again.","Овај налог није потврђен. Проверите и покушајте поново."
"A customer with the same email address already exists in an associated website.","Корисник са истом адресом већ постоји на придруженом wеб сајту."
"Provide the current ""password"" to change ""email"".","Наведите тренутну ""лозинку"" за промену ""емаила""."
"Specify the ""currentPassword"" value.","Наведите вредност ""цуррентПассwорд""."
"Specify the ""newPassword"" value.","Наведите вредност ""неwПассwорд""."
"""input"" value should be specified","Вредност ""инпут"" треба да буде наведена"
"Address ""id"" value should be specified","Вредност ""ид"" адресе треба да буде наведена"
"Specify the ""email"" value.","Наведите вредност ""емаил""."
"Specify the ""password"" value.","Наведите вредност ""пассwорд""."
"""Email should be specified","""Емаил треба да буде наведен"
"Please specify a website.","Наведите Wеб локацију."
"Please specify an email.","Молимо наведите ан емаил."
"We found an invalid value in a website column.","Пронашли смо неважећу вредност у колони Wеб сајта."
"Please enter a valid email.","Унесите исправан Емаил."
"Please make sure attribute ""%s"" is not empty.","Проверите да атрибут ""%с"" није празан."
"Customer address id column is not specified","Није наведена ИД адресе клијента"
"Please enter a valid region.","Молимо унесите важец́у регију."
"We found another row with this email, website and address ID combination.","Пронашли смо још један ред са коминацијом евог Емаила, Wеб сајта и ИД адресе."
"This email is found more than once in the import file.","Ова Емаил адреса је пронађена више пута у датотеци за увоз."
"Orphan rows that will be skipped due default row errors","Наслеђени редови ће бити прескочени због подразумеваних грешки редова"
"Invalid value in Store column (store does not exists?)","Неважец́а вредност у колони Продавница (продавница не постоји?)"
"Please enter a password with a valid length.","Молимо унесите лозинку са валидном дужином."
"An email wasn't specified. Enter the email and try again.","Није наведен Емаил. Унесите Емаил и покушајте поново."
Segments,Сегменти
"Add Segment","Додајте Сегмент"
"Refresh Segment Data","Освежи податке сегмента"
"Edit Segment '%1'","Измените Сегмент '%1'"
"New Segment","Нови Сегмент"
"Segment Information","Информација о сегменту"
"* applicable to visitors and registered customers","* Примењиво на посетиоце и регистроване купце"
"General Properties","Општа Својства"
"Segment Name","Име Сегмента"
"Assigned to Website","Додељено Wебсајту"
"Apply To","Односи се на"
"Visitors and Registered Customers","Посетиоци и Регистровани Купци"
Visitors,Посетиоци
"Please save this information to specify segmentation conditions.","Сачувајте ове податке да бисте одредили услове сегментације."
"Matched Customers (%1)","Подударни купци"
"Customer Segment Report","Извештај о Клијентима"
"Customer Segment Report '%1'","Купац Сегмент Репорт '%1'"
"Customer Segments Report","Извештај Корисничког Сегмента"
"Please request the correct customer segment.","Молимо тражите исправан кориснички сегмент."
"You deleted the segment.","Обрисали сте сегмент."
"Unable to delete the segment.","Није могуће брисање сегмента."
"Customer Segments","Сегменти Купаца"
"Edit Segment","Измените Сегмент"
"Segment Customers matching error","Грешка у поклапању Сегмента Купаца"
"You saved the segment.","Сачували сте сегмент."
Reports,Извештаји
"Viewing combined ""%1"" report from segments: %2.","Преглед комбинованог „% 1“ извештаја из сегмената:% 2."
"The Customer Segment data has been refreshed.","Подаци Корисничког Сегмента су освежени."
Union,Унија
Intersection,Пресек
"Applies to All of the Specified Customer Segments","Примењује се на Све из Дефинисаних Сегмената Купаца"
"Apply to the Selected Customer Segments","Примени на све Одабране Сегменте Купаца"
contains,садржи
"does not contains","не садржи"
"Matched %1 Customers of Segment %2","Подударни %1 Купци Сегмента %2"
"Unknown operator specified.","Дефинисан је непознати оператор."
"Product List","Листа Производа"
"Product History","Историја Производа"
"Wrong ""ApplyTo"" type","Погрешан ""АпплyТо"" Тип"
"If Customer Addresses match %1 of these Conditions:","Ако се Адреса Купца поклапа са %1 од ових Услова:"
"Address Attributes","Атрибути Адреса"
"Customer Address %1","Адреса Купца %1"
"Default Address","Подразумевана Адреса"
Billing,Наплата
"Customer Address %1 Default %2 Address","Адреса Купца %1 Подразумевана %2 Адреса"
"Has State/Province","Хас Држава/Провинце"
"If Customer Address %1 State/Province specified","Ако је Адреса Купца %1 Држава је дефинисана"
has,има
"does not have",нема
exists,постоји
"does not exist","не постоји"
"Customer %1","Купац %1"
"Newsletter Subscription","Пријава на Неwслеттер"
"Customer is %1 to newsletter.","Купац је %1 на неwслеттер."
subscribed,претплаћен
"not subscribed","није претплаћен"
"Customer Store Credit Amount %1 %2:","Износ Корисничког Кредита Продавнице %1 %2:"
"Date Range","Опсег датума"
"Open Chooser","Отвори Цхоосер"
"Date Range %1 within %2","Опсег Датума %1 у %2"
"If Order Addresses match %1 of these Conditions:","Ако се Адреса Поруџбине поклапа са %1 од ових Услова:"
"Order Address Attributes","Атрибути адресе за поруџбину"
"Order Address %1","Адресе поруџбине %1"
"Address Type","Тип Адресе"
"Order Address %1 a %2 Address","Адреса Поруџине %1 а %2 Адресе"
"Order Status","Статус поруџбине"
"Order Status %1 %2:","Статус Поруџбине %1 %2:"
"Product %1","Производ %1"
"Date Ranges","Опсег Датума"
viewed,погледано
ordered,порућено
was,је
"was not",није
"If Product %1 %2 and matches %3 of these Conditions:","Ако се Производ %1 %2 и поклапају %3 са овим Условима:"
"Wish List","Листа жеља"
found,пронађено
"not found","није пронађено"
"If Product is %1 in the %2 with %3 of these Conditions match:","Ако је производ %1 у %2 са %3 поклапа са овим Условима:"
"Order Address","Адресе поруџбине"
"Sales Amount","Износ Попуста"
"Number of Orders","Број Поруџбина"
"Purchased Quantity","Купљена Количина"
"%1 %2 %3 %4 while %5 of these Conditions match:","%1 %2 %3 %4 док %5 се поклапа са овим условима:"
"If Customer Segment %1 %2","Ако је Кориснички Сегмент %1 %2"
matches,подударања
"does not match","не подудара се"
"is one of","ако је један од"
"is not one of","ако није један од"
"Shopping Cart Total","Укупно у Корпи"
"Grand Total","Укупна вредност"
"Gift Card","Поклон Картица"
"Shopping Cart %1 Amount %2 %3:","Корпа %1 Износ %2 %3:"
"Unknown quote total specified.","Непознат qуоте тотал специфиед."
"Number of Cart Line Items","Број Ставки у Корпи"
"Number of Shopping Cart Line Items %1 %2:","Број Ставки у Корпи %1 %2:"
"Products Quantity","Количина Производа"
"Shopping Cart Products Qty %1 %2:","Количина Производа у Корпи %1 %2:"
"equals or greater than","једнако или веће од"
"equals or less than","мање или једнако од"
"greater than","веће од"
"less than","мање од"
"Up To Date",Савремен
"Period %1 %2 Days Up To Date","Периода %1 %2 Дана Савремен"
"Use in Customer Segment","Користи у Корисничком Сегменту"
"Enable Customer Segment Functionality","Омогући Функционалност Корисничког Сегмента"
"Refresh Data","Освежи Податке"
"Manage Segments","Управљај Сегментима"
"View Combined Report","Погледај Комбиновани Извештај"
"We're unable to delete the segement.","Wе'ре није могуће делете тхе сегемент."
"The quote total specified is unknown. Verify the total and try again.","Укупни дефинисани наводи је непознат. Провери укупно стање и покушај поново."
"Card number","Број картице"
"Card expiry date","Датум истека картице"
Decision,Одлука
"Risk Score","Резулатат Ризика"
"Risk Factor","Фактор Ризика"
"Reference number","Референтни број"
"Excessive address change. The customer changed the billing address two or more times in the last six months","Превелика промена адресе. Купац је мењао адресу за наплату два или више пута у последњих шест месеци"
"Card BIN or authorization risk. Risk factors a e related to credit card BIN and/or card authorization checks","Ризици ауторизације картице или БИН. Фактори ризика са у повезани са БИН кредитном картицом и/или проверама ауторизације картице"
"High number of account numbers. The customer used more than six credit cards numbers in the last six months","Висок број налога. Корисник је користио више од 6 кредитних картица у последњих 6 месеци"
"Email address impact. The customer uses a free email provider, or the email address is risky","Утицај Мејл адресе. Купац користи бесплатног мејл провајдера или је рискантна мејл адреса"
"Positive list. The customer is on your positive list. Decision Manager Developer Guide Using the Simple Order AP  January 201 10 Appendix  Information and Reply Code","Позитивна листа. Купац је на вашој позитивној листи. Децисион Манагер Девелопер Гуиде Усинг тхе Симпле Ордер АП  Јануарy 201 10 Аппендиx  Информатион анд Реплy Цоде"
"Negative list. The account number, street add ess, email address, or IP address for this order appears on your negative list","Негативна листа. Број налога, адреса, мејл адреса или ИП адреса за ову поруџбину се појављују у негативној листи"
"Geolocation inconsistencies. The customer’s email domain, phone number, billing address, shipping address, or IP address is suspicious","Недоследности геолокације. Купчев домен мејла, број телефона, адреса за наплату или доставу или ИП адресе су сумњиве"
"Excessive name changes. The customer changed the name two or more times in the last six months","Превелика промена имена. Купац је мењао име два или више пута у последњих шест месеци"
"Internet inconsistencies. The IP address  nd email domain are not consistent with the billing address","Интернет недоследности. ИП адреса и мејл домен нису у складу са адресом за наплату"
"Nonsensical input. The customer name and address fields contain meaningless words or language","Бесмислени унос. У пољу за име и адресу купца се налазе речи или језик који нема никакво значење"
"Obscenities. The customer’s input contains obscene words","Увредљиво. Купац уноси увредљиве речи"
"Identity morphing. Multiple values of an  dentity element are linked to a value of a different identity element. For example, m ltiple phone numbers are linked to a single account number","Препознавање идентитета. Вишеструке вредности идентификационог елемента су повезане са вредностима другачијег идентификационог елемента. На пример, више телефонских бројева је повезано са једним бројем рачуна"
"Phone inconsistencies. The customer’s phone number is suspicious","Недоследности у броју телефона. Купчев број телефона је сумњив"
"Risky order. The transaction, customer, and merchant information show multiple high-risk correlations","Рискантна поруџбина. Трансакција, купац или подаци о трговцу показују многе високо ризичне везе"
"Time hedge. The customer is attempting a purchase outside of the expected hours","Временска заштита. Купац покушава да купи изван очекиваних сати"
"Unverifiable address. The billing or shipping address cannot be verified","Непроверива адреса. Адреса за наплату или доставу се не може проверити"
"Velocity. The account number was use  many times in the past 15 minutes","Брзина. Број рачуна је коришћен много пута у последњих 15 минута"
"Marked as suspect. The billing or shipping address is similar to an address previously marked as suspect","Означено као сумњиво. Адреса наплате или доставе су сличне адресама које су претходно означене као сумњиве"
"Gift Order. The street address, city, state, or country of the billing and shipping addresses do not correlate","Поклон поруџбина. Улица, град, држава адресе за наплату и доставу се не поклапају"
"Invalid value. Because the request contains an unexpected value, a default value was substituted. Although the transact on can still be processed, examine the request carefully for abnormalities in the order","Неисправна вредност. Будуц́и да захтев садржи неочекивану вредност, замењена је задана вредност. Иако се трансакција и даље може обрадити, пажљиво проучите захтев ради неправилности у налогу"
"Unknown factor. Please contact Cybersource customer service","Непознати фактор. Молимо контактирајте Цyберсоурце корисничку подршку"
"Payment Token Build Error.","Грешка у Изради Токена за Плаћање."
"Your payment has been declined. Please try again.","Ваше плаћање је одбијено. Молимо покушајте поново."
"Gateway validation error","Грешка у проверавању пролаза"
"Risk Factor Q","Фактор Ризика Q"
"Risk Factor V","Фактор Ризика В"
"Profile ID","ИД профила"
"Access Key","Приступни Кључ"
"Secret Key","Тајни кључ"
"Webhook URL should be set in your Cybersource account as Transaction Response Page.","Wебхоок УРЛ схоулд бе сет ин yоур Цyберсоурце аццоунт ас Трансацтион Одговор Страница."
"The credit card type field needs to be provided. Select the field and try again.","Мора бити обезбеђено поље тип кредитне картице. Одаберите поље и покушајте поново."
"Import failed: %1","Увоз није успео: %1"
"%1 does not implement %2","%1 није увежен %2"
"File app/etc/%1 can't be read. Please check if it exists and has read permissions.","Филе апп/етц/%1 не може бити прочитан. Молимо проверите да ли постоји и да ли има дозволе за читање."
"There are no sensitive configurations to fill","Не постоје осетљиве конфигурације које треба испунити"
"Value can't be empty","Вредност цан'т бе емптy"
"A configuration with this path does not exist or is not sensitive","Конфигурација са овом путањом не постоји или није сензитивна"
"Cannot switch into given mode ""%1""","Не може се пребацити у задати режим ""%1"""
"Wrong logger interface specified.","Наведени су погрешни подаци за приступ."
"Parameter ""importer_class"" must be present.","Параметар ""импортер_цласс"" мора бити присутан."
"Wrong type specified: '%1'","Наведени тип је погрешан: '%1'"
"Wrong queue type specified.","Наведена погрешна врста реда."
"Compilation from source: ","Компилација из извора:"
"Wrong deploy strategy type: %1","Погрешан тип развоја стратегије: %1"
"some message","нека порука"
"The value can't be empty. Enter the value and try again.","Вредност не може бити празна. Молимо унесите вредност и покушајте поново."
"The mode can't be switched to ""%1"".","Режим не може бити промењен на ""%1""."
"The hash isn't saved.","Хаш није сачуван."
"The parameter ""importer_class"" is missing. Set the ""importer_class"" and try again.","Недостаје параметар ""импортер_цласс"". Подесите ""импортер_цласс"" и покушајте поново."
"The configuration file has changed. Run the ""app:config:import"" or the ""setup:upgrade"" command to synchronize the configuration.","Конфигурациона датотека се променила. За синхронизацију конфигурације покрените команду: ""апп:цонфиг:импорт"" или ""сетуп:упграде""."
"Format for IDE '%1' is not supported","Формат за ИДЕ '%1' није подржан"
"Client side compilation doesn't work in production mode","Клијентова компилација не ради у продукционом режиму"
"Client side less compilation","Лесс Компилација на страни клијента"
"Server side less compilation","Сервер мање компилације"
"Workflow type","Wоркфлоw тип"
"Not available in production mode","Није доступно у производном режиму"
"Allowed IPs (comma separated)","Дозвољене ИП адресе (одвојени зарезима)"
"Leave empty for access from any location.","Остави празно за приступ с било које локације."
"Log to File","Пријавите се у Датотеку"
"Not available in production mode.","Није доступно у производном режиму."
"Magento was installed with a table prefix. Please re-install without prefix.","Магенто је инсталиран са префиксом табле. Молимо инсталирајте га поново без префикса."
"Select this to allow DHL to optimize shipping charges by splitting the order if it exceeds %1 %2.","Одабери ово да дозволиш ДХЛ-у да оптимизује дељење трошкова доставе ако поруџбина прелази %1 %2."
"Wrong Content Type","Погрешан Тип Садржаја"
Pounds,Фунте
Kilograms,Килограми
Inches,Инче
Centimeters,Центриметри
inch,инч
Height,Висина
Depth,Дубина
Width,Ширина
Regular,Стандардно
Specific,Одређено
"Easy shop","Лака куповина"
"Express easy","Изрази лако"
"Break bulk express","Експресна достава"
"Medical express","Експресно медицинска"
"Express worldwide","Експрес широм света"
"Express 9:00","Еxпрес 9:00"
"Express 10:30","Еxпрес 10:30"
"Domestic economy select","Домаћа економска одабрана"
"Economy select","Економска одабрана"
"Domestic express 9:00","Домаћа брза 9:00"
"Domestic express","Домаћа брза"
Others,Остало
"Same day","Истог дана"
"Express 12:00","Еxпрес 12:00"
"Express envelope","Брза пошиљка"
"Domestic express 12:00","Домаћа брза 12:00"
Jetline,Авионска
"Freight worldwide","Теретна возила широм света"
"Jumbo box","Велика кутија"
"DHL service is not available at %s date","ДХЛ сервис није доступан %с датума"
"The response is in wrong format.","Одговор је у погрешном формату."
"Zero shipping charge for '%1'","Нула накнада за испоруку '%1'"
"Cannot identify measure unit for %1","Не можемо идентификовати мерну јединицу за %1"
"Cannot identify weight unit for %1","Не можемо идентификовати јединицу за тежину за %1"
"There is no items in this order","Нема ставки у овој поруџбини"
"Please specify origin country.","Молимо дефинишите земљу порекла."
Documents,Документа
"Non Documents","Без Докумената"
"Height, width and length should be equal or greater than %1","Висина, ширина и дужина треба да буду веће или једнаке од %1"
"Unable to retrieve tracking","Није могуће преузети за праћење"
"Response is in the wrong format","Одговор је у погрешном формату"
"Error #%1 : %2","Грешка #%1 : %2"
"No packages for request","Нема паковања за захтев"
"Unable to retrieve shipping label","Није могуц́е преузети етикету за отпрему"
"Non documents","Без докумената"
"Security validation of XML document has been failed.","Сецуритy валидатион оф XМЛ доцумент је фаилед."
"Field ",Поље
" is required.","је обавезно."
"Enabled for Checkout","Омогући за Плаћање"
"Access ID","Приступни ИД"
"Account Number","Број Налога"
"Content Type","Тип садржаја"
"Calculate Handling Fee","Израчунајте накнаду за руковање"
"Handling Applied","Примењено руковање"
"""Per Order"" allows a single handling fee for the entire order. ""Per Package"" allows an individual handling fee for each package.","""Пер Ордер"" омогуц́ава једну накнаду за руковање за целокупну поруџбину. ""Пер Пацкаге"" омогуц́ава појединачну накнаду за руковање за сваки пакет."
"Handling Fee","Трошкови обраде"
"Divide Order Weight","Поделите тежину наруџбе"
"Select this to allow DHL to optimize shipping charges by splitting the order if it exceeds 70 kg.","Одабери ово да дозволиш ДХЛ-у да оптимизује дељење трошкова доставе ако поруџбина прелази 70 кг."
"Weight Unit","Јединица Тежине"
Size,Величина
"Allowed Methods","Дозвољене Методе"
"Displayed Error Message","Приказана Порука о Грешци"
"Free Method","Бесплатна Метода"
"Enable Free Shipping Threshold","Омогуц́ите праг бесплатне испоруке"
"Free Shipping Amount Threshold","Праг бесплатне испоруке"
"Ship to Applicable Countries","Достави у Одговарајућу Државу"
"Ship to Specific Countries","Достави у Наведену Државу"
"Show Method if Not Applicable","Прикажи Метод ако Није Применљиво"
"Customer services","Купац сервицес"
"Ready time","Време Припреме"
"Package ready time after order submission (in hours)","Време за паковање након слања наруџбе (у сатима)"
"The security validation of the XML document has failed.","Сигурносна валидација за XМЛ документ није успео."
"Content Type (Non Domestic)","Садржај Тип (Нон Доместиц)"
lbs,фунте
kgs,кг
"Undefined rate from ""%1-%2"".","Недефинисана стопа од ""%1-%2""."
"Please correct the target currency.","Молимо исправите циљану валуту."
"We can't retrieve a rate from %1 for %2.","Не можемо вратити стопу из %1 за %2."
"FATAL ERROR:","ФАТАЛНА ГРЕШКА:"
"Please specify the correct Import Service.","Молимо дефинишите исправан Сервис Увоза."
WARNING:,УПОЗОРЕЊЕ:
"Please correct the country code: %1.","Молимо исправите код државе: %1."
"Country and Format Type combination should be unique","Комбинација Типа Државе и Формата треба да буде јединствена"
"Please correct the rates received","Молимо коригујте примљене стопе"
"Your current currency is: %1.","Ваша тренутна валута је: %1."
Continue,Настави
"Currency Update Warnings","Упозорења о Ажурирањима Валуте"
"Currency Setup","Подешавање Валута"
"Currency Options","Опције Валута"
"Base Currency","Основна Валута"
"Base currency is used for all online payment transactions. The base currency scope is defined by the catalog price scope (""Catalog"" > ""Price"" > ""Catalog Price Scope"").","Основна валута се користи за све онлине трансакције плаћања. Опсег основне валуте дефинисан је опсегом цене каталога (""Цаталог"" > ""Прице"" > ""Цаталог Прице Сцопе"")."
"Default Display Currency","Подразумевани Приказ Валуте"
"Allowed Currencies","Дозвољене Валуте"
"Connection Timeout in Seconds","Истек Конекције у Секундама"
"Scheduled Import Settings","Подешавање Заказаних Уноса"
"Error Email Recipient","Погрешан Прималац Мејла"
"Error Email Sender","Погрешан Пошиљалац Мејла"
"Error Email Template","Погрешан Мејл Шаблон"
Service,Сервис
"Installed Currencies","Инсталиране Валуте"
"Zip/Postal Code is Optional for","Фах/Поштански Број је Опцион за"
"State Options","Опције Државе"
"State is Required for","Држава је Захтевана за"
"Allow to Choose State if It is Optional for Country","Дозволи Одабир Државе ако је Опционо за Државу"
"Base currency is used for all online payment transactions. If you have more than one store view, the base currency scope is defined by the catalog price scope (""Catalog"" > ""Price"" > ""Catalog Price Scope"").","Основна валута се користи за све онлине трансакције плаћања. Ако имате више од једног приказа продавнице, опсег основне валуте дефинисан је опсегом цене каталога (""Цаталог"" > ""Прице"" > ""Цаталог Прице Сцопе"")."
"No API Key was specified or an invalid API Key was specified.","АПИ Кључ није дефинисан или је погрешан АПИ Кључ дефинисан."
"The account this API request is coming from is inactive.","Налог са којег долази овај АПИ захтев је неактиван."
"The ""%1"" is not allowed as base currency for your subscription plan.","""%1"" није дозвољен као основна валута у плану претплате."
"An invalid base currency has been entered.","Уписана је неважећа основна валута."
"Currency rates can't be retrieved.","Стопе валуте не могу бити враћене."
"API Key","АПИ кључ"
"The country isn't available.","Држава није доступна."
"Currency Converter API","АПИ Конвертер Валуте"
"Document is not saved due to error.","Документ није сачуван због грешке."
"More than one node matching the query: %1","Више од једног чвора који одговара упиту: %1"
"Invalid Document \n%1","Неисправан Доцумент \н%1"
"Downloadable Information","Информације за Преузимање"
"Add New Link","Додај Нови Линк"
"Upload Files","Отпреми Датотеке"
Unlimited,Неограничено
"Something went wrong while getting the requested content.","Дошло је до грешке приликом добијања траженог садржаја."
"My Downloadable Products","Моји Преузимљиви Производи"
"We can't find the link you requested.","Не можемо пронаћи тражени линк."
"Please sign in to download your product or purchase <a href=""%1"">%2</a>.","Пријавите се како би преузели или поручили производ <а хреф=""%1"">%2</а>."
"Please sign in to download your product.","Пријавите се да би преузели Ваш производ."
"The link has expired.","Линк је истекао."
"The link is not available.","Линк није доступан."
"Sorry, there was an error getting requested content. Please contact the store owner.","Извините, Појавила се грешка приликом преузимања жељеног садржаја. Молим контакрирајте власника продавнице."
"Please set resource file and link type.","Подесите изворну датотеку и тип везе."
"Invalid download link type.","Неважец́а врста везе за преузимање."
"Provided content must be valid base64 encoded data.","Наведени садржај мора бити валидан басе64 кодирани податак."
"Provided file name contains forbidden characters.","Име датотеке садржи карактере који нису дозвољени."
"Link file not provided","Није унешен линк датотеке"
"Link price must have numeric positive value.","Линк цене мора имати позитивну нумеричку вредност."
"Number of downloads must be a positive integer.","Број преузимања мора бити позитиван цео број."
"Sort order must be a positive integer.","Редослед сортирања мора бити позитиван цео број."
"Link URL must have valid format.","Линк УРЛ мора имати валидан формат."
"Provided file content must be valid base64 encoded data.","Наведени садржај датотеке мора бити валидан басе64 кодирани податак."
"Sample URL must have valid format.","Пример УРЛ-а мора имати валидан формат."
"Order id cannot be null","Ид Порудбине не може бити нула"
"Order item id cannot be null","Ид Порученог артикла не може бити нула"
"Provided link information is invalid.","Провидед линк информатион ис неисправан."
"Invalid link type.","Неисправан линк тyпе."
"Link title cannot be empty.","Линк титле не може бе емптy."
"Cannot delete link with id %1","Не може делете линк wитх ид %1"
"Please specify product link(s).","Наведите линкове до производа."
"Sample file not provided","Није унешен пример датотеке"
"Provided sample information is invalid.","Провидед сампле информатион ис неисправан."
"Invalid sample type.","Неисправан сампле тyпе."
"Sample title cannot be empty.","Сампле титле не може бе емптy."
"Cannot delete sample with id %1","Не може делете сампле wитх ид %1"
attachment,прилог
inline,"у реду"
Pending,"На чекању"
"To enable the option set the weight to no","Да омогућите ову опцију подесите тежину на не"
"Is this downloadable Product?","Да ли је ово преузимљиви Производ?"
Links,Линкови
"Links can be purchased separately","Линкови се засебно могу купити"
"Add Link","Додај Линк"
Sample,Примерак
Shareable,Дељиво
"Max. Downloads","Маx. Преузетих"
Samples,Узорци
sample,узорак
"Is this a downloadable Product?","Да ли је ово преузимљиви Производ?"
"Add links to your product files here.","Додајте линкове до фајлова својих производа овде."
"Attach File or Enter Link","Прикачи Фајл или Унеси Линк"
"Add product preview files here.","Додај преглед фајла овде."
"Unselect all","Поништи све"
"Go to <a href=""%1"">My Downloadable Products</a>","Иди на <а хреф=""%1"">Моји Преузимљиви Производи</а>"
"Downloadable Products","Преузимљиви Производи"
"Remaining Downloads","Преостала Преузимања"
"View Order","Прегледај поруџбину"
"Start Download","Започни Преузимање"
"You have not purchased any downloadable products yet.","Нисте купили ни један преузимљиви производ до сада."
download,преузимање
"Downloadable Product Section","Сектор Преузимљивих Производа"
Downloads,Преузимања
"Downloadable Product Options","Опције Преузимљивих Производа"
"Order Item Status to Enable Downloads","Статус ставке наруџбе за омогуц́авање преузимања"
"Default Maximum Number of Downloads","Подразумевани Максимални Број Преузимања"
"Default Sample Title","Подразумевани Наслов Узорка"
"Default Link Title","Подразумевани Линк Наслова"
"Open Links in New Window","Отвори Линкове у Новом Прозору"
"Use Content-Disposition","Користите Садржај-Диспозицију"
"Disable Guest Checkout if Cart Contains Downloadable Items","Онемогући Плаћање Госту ако Корпа Садржи Преузимљиве Производе"
"Guest checkout will only work with shareable.","Плаћање ће госту бити омогућено са дељивим."
"Product type of the product must be 'downloadable'.","Производ тyпе оф тхе продуцт муст бе 'доwнлоадабле'."
"The product needs to be the downloadable type. Verify the product and try again.","Производ треба бити за преузимање. Проверите производ и покушајте поново."
"The link information is invalid. Verify the link and try again.","Неисправни подаци линка. Проверите линк и покушајте поново."
"The link type is invalid. Verify and try again.","Тип везе је неважећи. Проверите и покушајте поново."
"The link title is empty. Enter the link title and try again.","Наслов везе је празан. Унесите наслов везе и покушајте поново."
"No downloadable link with the provided ID was found. Verify the ID and try again.","Унети ИД не садржи линк за преузимање. Проверите ИД и покушајте поново."
"The downloadable link isn't related to the product. Verify the link and try again.","Линк за преузимање није повезан са производом. Проверите линк и покушајте поново."
"The link with ""%1"" ID can't be deleted.","Линк који садржи %1 ИД не може бити обрисан."
"The sample information is invalid. Verify the information and try again.","Подаци примера нису важећи. Проверите податке и покушајте поново."
"The sample type is invalid. Verify the sample type and try again.","Тип узорка је неисправан. Проверите тип узорка и покушајте поново."
"The sample title is empty. Enter the title and try again.","Наслов везе је празан. Унесите наслов везе и покушајте поново."
"No downloadable sample with the provided ID was found. Verify the ID and try again.","Није пронађен узорак са датом идентификацијом, Проверите ИД и покушајте поново."
"The downloadable sample isn't related to the product. Verify the link and try again.","Узорак за преузимање није повезан са производом. Проверите линк и покушајте поново."
"The sample with ""%1"" ID can't be deleted.","Узорак са ИД ""%1"" није могуће обрисати."
"Default Label","Подразумевана Ознака"
"Default label","Подразумевана ознака"
"Values Required","Обавезне Вредности"
"Decimal Number","Децимални Број"
"Integer Number","Цели Бројеви"
Letters,Слова
"Letters (a-z, A-Z) or Numbers (0-9)","Слова (а-з, А-З) или Бројеви (0-9)"
"Input type ""%value%"" not found in the input types list.","Тип уноса ""%валуе%"" није пронађен у листи типова уноса."
"Entity object is undefined","Ентитет објекта није дефинисан"
"""%1"" is not a valid image format","""%1"" није валидан формат слике"
"""%1"" cannot contain more than %2 lines.","""%1"" не може садржати више од %2 линија."
"Attribute group does not belong to provided attribute set","Атрибут гроуп доес нот белонг то провидед аттрибуте сет"
"Cannot save attributeGroup","Не може се сачувати група атрибута"
"Cannot delete attributeGroup with id %1","Не може делете аттрибутеГроуп wитх ид %1"
"AttributeSet with id ""%1"" does not exist.","Скуп атрибута са ИД ""%1"" не постоји."
"Wrong attribute set id provided","Погрешан ИД комплета атрибута"
"Attribute group does not belong to attribute set","Атрибут гроуп доес нот белонг то аттрибуте сет"
"Attribute set not found: %1","Атрибут сет није пронађено: %1"
"Attribute ""%1"" not found in attribute set %2.","Атрибут ""%1"" није пронађен у скупу атрибута %2."
"System attribute can not be deleted","Систем аттрибуте цан нот бе делетед"
"Cannot save attribute","Не може се сачувати атрибут"
"Attribute with attributeCode ""%1"" does not exist.","Атрибут са аттрибутеЦоде ""%1"" не постоји."
"Cannot delete attribute.","Не може се обрисати атрибут."
"Attribute with id ""%1"" does not exist.","Атрибут са ИД ""%1"" не постоји."
"Default attribute set can not be deleted","Подразумевано аттрибуте сет цан нот бе делетед"
"Invalid entity_type specified: %1","Наведени ентитy_тyпе није важећи: %1"
"Entity is not initialized","Ентитет није иницијализован"
"Unknown parameter","Непознат параметар"
"Invalid default decimal value","Неисправна подразумевана децимална вредност"
"Invalid default date","Неисправан подразумевани датум"
"Invalid entity supplied","Неисправан ентитет"
"Invalid backend model specified: %1","Неисправан бацкенд модел специфиед: %1"
"Source model ""%1"" not found for attribute ""%2""","Изворни модел ""%1"" није пронађен за атрибут ""%2"""
"The value of attribute ""%1"" must be unique","Вредност атрибута ""%1"" мора бити јединствена"
"Invalid date","Неважећи датум"
"Empty attribute code","Празан код атрибута"
"Attribute %1 doesn't work with options","Атрибут %1 доесн'т wорк wитх оптионс"
"Cannot save attribute %1","Не може саве аттрибуте %1"
"Attribute %1 doesn't have any option","Атрибут %1 доесн'т хаве анy оптион"
"Cannot load options for attribute %1","Не може лоад оптионс фор аттрибуте %1"
"Attribute %1 does not contain option with Id %2","Атрибут %1 доес нот цонтаин оптион wитх Ид %2"
"Entity attribute with id ""%1"" not found","Атрибут ентитета са ИД ""%1"" није пронађен"
"Attribute set name is empty.","Назив комплета атрибута је празан."
"An attribute set named ""%1"" already exists.","Скуп атрибута под називом ""%1"" већ постоји."
"No options found.","Опције нису пронађене."
"Invalid entity supplied: %1","Неисправан ентитy супплиед: %1"
"Attempt to add an invalid object","Аттемпт то адд ан неисправан објецт"
"Invalid attribute identifier for filter (%1)","Неважећи идентификатор атрибута за филтер (%1)"
"Invalid attribute requested: %1","Неисправан аттрибуте реqуестед: %1"
"Joint field or attribute expression with this alias is already declared","Израз заједничког поља или атрибута са овим псеудонимом је вец́ декларисан"
"Invalid alias, already exists in joint attributes","Неважећи алијас, већ постоји у заједничким атрибутима"
"Invalid foreign key","Неисправан страни кључ"
"Invalid entity type","Неисправан тип ентитета"
"Invalid attribute type","Неисправан тип атрибута"
"A joined field with this alias is already declared.","Заједничко поље са овим алијасом је већ декларисано."
"Invalid joint fields","Неважец́а заједничка поља"
"Data integrity: No header row found for attribute","Дата интегритy: Не хеадер роw фоунд фор аттрибуте"
"Invalid attribute name: %1","Неисправан аттрибуте наме: %1"
"Invalid character encountered in increment ID: %1","Неважећи знак се налази у повећању ИД: %1"
"The current module pathname is undefined.","Тренутни патхнаме модул није дефинисан."
"The current module EAV entity is undefined.","Тренутни ЕАВ ентитет модул није дефинисан."
"The form code is not defined.","Код форме није дефинисан."
"The entity instance is not defined.","Инстанца ентитета није дефинисана."
"Invalid form type.","Неисправан форм тyпе."
"Invalid EAV attribute","Неисправан ЕАВ атрибут"
"Attribute with the same code","Атрибут са истим кодом"
"The storefront label is not defined.","Ознака продавнице није дефинисана."
"Default option value is not defined","Подразумевана вредност опције није дефинисана"
"Attribute group with same code already exist. Please rename ""%1"" group","Група атрибута са истим кодом већ постоји. Молимо промените име ""%1"" групи"
"Form Element with the same attribute","Елемент Форме са истим атрибутом"
"Form Fieldset with the same code","Поље Форме са истим кодом"
"Form Type with the same code","Тип Форме са истим кодом"
"The value of attribute ""%1"" is invalid.","Вредност атрибута ""%1"" је неважећи."
"Wrong entity ID","Погрешан ИД ентитета"
"Wrong attribute set ID","Погрешан ИД комплета атрибута"
"Wrong attribute group ID","Погрешан ИД групе атрибута"
"Attribute with ID: ""%1"" does not exist","Атибут са ИД: ""%1"" не постоји"
"AttributeSet does not exist.","Не постоји АттрибутеСет."
hello,здраво
"Some internal exception message.","Нека порука о интерном одступању."
"The value of attribute not valid","Вредност атрибута је неважећи"
"EAV types and attributes","ЕАВ врсте и атрибути"
"Entity types declaration cache","Кеш декларације типова ентитета"
"'Invalid backend model specified: ' .","'Неисправан бацкенд модел специфиед: ' ."
"The attribute group with id ""%1"" can't be deleted.","Група атрибута са ИД ""%1"" не може бити обрисана."
"The AttributeSet with a ""%1"" ID doesn't exist. Verify the attributeSet and try again.","Сет атрибута са ИД ""%1"" не постоји. Проверите сет атрибута и покушајте поново."
"The attribute set ID is incorrect. Verify the ID and try again.","Тхе аттрибуте сет ИД ис нетачан. Верифy тхе ИД анд покушајте поново."
"The ""%1"" attribute set wasn't found. Verify and try again.","Сет атрибута ""%1"" није пронађен. Проверите и покушајте поново."
"The ""%1"" attribute wasn't found in the ""%2"" attribute set. Enter the attribute and try again.","Атрибут ""%1"" није пронађен у сету атрибута ""%2"". Унесите атрибут и покушајте поново."
"The system attribute can't be deleted.","Системски атрибут се не може избрисати."
"The attribute can't be saved.","Атрибут не може бити снимљен."
"The attribute with a ""%1"" attributeCode doesn't exist. Verify the attribute and try again.","Атрибут са %1 аттрибутеЦоде не постоји. Проверите атрибут и покушајте поново."
"The attribute can't be deleted.","Атрибут се не може избрисати."
"The attribute with a ""%1"" ID doesn't exist. Verify the attribute and try again.","Атрибут са %1 ИД бројем не постоји. Проверите атрибут и покушајте поново."
"The attribute set couldn't be saved due to an error. Verify your information and try again. If the error persists, please try again later.","Скуп атрибута не може бити сачуван због грешке. Проверите информације и покушајте поново. Уколико и даље приказује грешку, молимо покушајте касније."
"The default attribute set can't be deleted.","Подразумевани скуп атрибута се не може избрисати."
"The attribute set couldn't be deleted due to an error. Try again — if the error persists, please try again later.","Скуп атрибута не може бити избрисан због грешке. Покушајте поново - уколико поново приказује грешке, молимо покушајте касније."
"This parameter is unknown. Verify and try again.","Овај параметар није познат. Проверите параметар и покушајте поново."
"The default decimal value is invalid. Verify the value and try again.","Подразумевана децимална вредност није исправна. Проверите вредност и покушајте поново."
"The default date is invalid. Verify the date and try again.","Подразумевани датум није исправан. Провери датум и покушај поново."
"The entity supplied is invalid. Verify the entity and try again.","Обезбеђени ентитет није исправан. Проверите ентитет и покушајте поново."
"The ""%1"" backend model is invalid. Verify the backend model and try again.","""%1"" бацкенд модел је неисправан. Проверите бацкенд модел и покушајте поново."
"The value of the ""%1"" attribute isn't unique. Set a unique value and try again.","Вредност ""%1"" атрибута није јединствена. Подесите јединствену вредност и покушајте поново."
"The attribute code is empty. Enter the code and try again.","Код атрибута је празан. Унесите код и покушајте поново."
"The ""%1"" attribute doesn't work with options.","""%1"" атрибут не ради са овим опцијама."
"The ""%1"" attribute can't be saved.","""%1"" атрибут не може бити сачуван."
"The ""%1"" attribute has no option.","""%1"" атрибут нема опција."
"The options for ""%1"" attribute can't be loaded.","Опције за ""%1"" атрибут не могу бити учитане."
"The ""%1"" attribute doesn't include an option with ""%2"" ID.","""%1"" атрибут не укључује опцију са ИД ""%2""."
"The entity attribute with the ""%1"" ID isn't found. Reset the attribute and try again.","Ентитет атрибута са ""%1"" ИД није пронађен. Ресетујте атрибут и покушајте поново."
"The attribute set name is empty. Enter the name and try again.","Назив сета атрибута је празан. Унесите назив и покушајте поново."
"A ""%1"" attribute set name already exists. Create a new name and try again.","""%1"" назив сета атрибута већ постоји. Креирајте ново име и покушајте поново."
"The ""%1"" entity supplied is invalid. Verify the entity and try again.","Обезбеђени ентитет ""%1"" није исправан. Проверите ентитет и покушајте поново."
"The object wasn't added because it's invalid. To continue, enter a valid object and try again.","Објекат није додат зато што није исправан. Да наставите, унесите валидни објекат и наставите даље."
"The ""%1"" attribute requested is invalid. Verify the attribute and try again.","""%1"" тражени атрибут је неважећи. Провери атрибут и покушај поново."
"The foreign key is invalid. Verify the foreign key and try again.","Страни кључ је неважећи. Провери страни кључ и покушај поново."
"The entity type is invalid. Verify the entity type and try again.","Тип ентитета је неисправан. Проверите тип ентитета и покушајте поново."
"The attribute type is invalid. Verify the attribute type and try again.","Тип атрибута није исправан. Проверите тип и атрибута и покушајте поново."
"A joint field with a ""%1"" alias is already declared.","Заједничко поље са ""%1"" алијасом је већ декларисано."
"A header row is missing for an attribute. Verify the header row and try again.","Недостаје заглавље за овај атрибут. Провери заглавље и покушај поново."
"The ""%1"" attribute name is invalid. Reset the name and try again.","""%1"" неважећи назив атрибута. Ресетујте назив и покушајте поново."
"The form type is invalid. Reset the type and try again.","Тип форме је неважећи. Ресетујте тип и покушајте поново."
"The EAV attribute is invalid. Verify the attribute and try again.","ЕАВ атрибут је неважећи. Провери атрибут и покушај поново."
"The default option isn't defined. Set the option and try again.","Подразумевана опција није дефинисана. Подесите опцију и покушајте поново."
"The entity ID is incorrect. Verify the ID and try again.","ИД ентитета је неважећи. Провери ИД и покушајте поново."
"The attribute group ID is incorrect. Verify the ID and try again.","ИД групе атрибуте је неважећи. Проверите ИД и покушајте поново."
"These changes affect all related products.","Ове промене утичу на све повезане производе."
"Text Editor","Текст Едитор"
"""Entity type should be specified","""Тип ентитета треба да буде наведен"
"""Attribute code should be specified","""Код атрибута треба да буде наведен"
"Attribute code %1 of entity type %2 not configured to have a type.","Атрибут цоде %1 оф ентитy тyпе %2 нот цонфигуред то хаве а тyпе."
"Missing %1 for the input %2.","Недостаје %1 фор тхе инпут %2."
"Type %1 has no internal representation declared.","Тип %1 хас но интернал репресентатион децларед."
"Cannot resolve EAV type","Не може ресолве ЕАВ тyпе"
"The search failed because of a search engine misconfiguration.","Претрага није успела због погрешне конфигурације претраживача."
"There is no such data mapper ""%1"" for interface %2","Не постоји такаво пресликавање података %1 за интерфејс %2"
"Data mapper ""%1"" must implement interface %2","Дата маппер %1 мора имплементирати интерфејс %2"
"Could not ping search engine: %1","Није могуће пинговање претраживача: %1"
"Elasticsearch Server Hostname","Еластицсеарцх име сервера"
"Elasticsearch Index Prefix","Еластицсеарцх Префикс Индекса"
"Enable Elasticsearch HTTP Auth","Омогући Еластицсеарцх ХТТП Аутентикацију"
"Elasticsearch HTTP Username","Еластицсеарцх ХТТП Корисничко име"
"Elasticsearch HTTP Password","Еластицсеарцх ХТТП Лозинка"
"Test Connection","Провери Везу"
"We were unable to perform the search because of a search engine misconfiguration.","Wе wере није могуће перформ тхе сеарцх бецаусе оф а сеарцх енгине мисцонфигуратион."
"Add New Template","Додајте нови шаблон"
"Transactional Emails","Трансактивни Емаилови"
"Delete Template","Обриши шаблон"
"Convert to Plain Text","Пребаци у обичан текст"
"Return Html Version","Врати верзију Хтмл-а"
"Preview Template","Преглед шаблона"
"Save Template","Сними шаблон"
"Load Template","Учитај шаблон"
"Edit Email Template","Измени шаблон е-поште"
"New Email Template","Нови шаблон е-поште"
"Template Information","Информације о шаблону"
"Currently Used For","Тренутно коришћен за"
"Template Name","Назив шаблона"
"Template Subject","Предмет шаблона"
"Insert Variable...","Убаци променљиву..."
"Template Content","Садржај шаблона"
"Template Styles","Стилови шаблона"
"You deleted the email template.","Обрисали сте шаблон е-поште."
"The email template is currently being used.","Тренутно се користи шаблон е-поште."
"We can't delete email template data right now. Please review log and try again.","Wе цан'т делете емаил темплате дата ригхт ноw. Плеасе ревиеw лог анд покушајте поново."
"Edit Template","Измени шаблон"
"Edit System Template","Измени Систем Шаблона"
"New Template","Нови шаблон"
"New System Template","Нови Системски Шаблон"
"Email Templates","Емаил шаблони"
"Email Preview","Преглед Мејла"
"An error occurred. The email template can not be opened for preview.","Дошло је до грешке. Шаблон мејла не може бити отворен за преглед."
"This email template no longer exists.","Овај шаблон мејла више не постоји."
"You saved the email template.","Сачували сте шаблон мејла."
"Design config must have area and store.","Дизајн цонфиг муст хаве ареа анд сторе."
"Base Unsecure URL","Основни небезбедни УРЛ"
"Base Secure URL","Основни безбедни УРЛ"
"General Contact Name","Опште Цонтацт Назив"
"General Contact Email","Опште Цонтацт Е-пошта"
"Sales Representative Contact Name","Име продајног представника"
"Sales Representative Contact Email","Емаил продајног представника"
"Custom1 Contact Name","Цустом1 Цонтацт Назив"
"Custom1 Contact Email","Цустом1 Цонтацт Е-пошта"
"Custom2 Contact Name","Цустом2 Цонтацт Назив"
"Custom2 Contact Email","Цустом2 Цонтацт Е-пошта"
"Store Hours","Радно време продавнице"
"Street Address 1","Улица 1"
"Street Address 2","Улица 2"
"Store Contact Information","Контакт информације продавнице"
"Template Variables","Варијације Шаблона"
"Please enter a template name.","Молимо унесите назив шаблона."
"Duplicate Of Template Name","Дупликат назива предлошка"
"Invalid transactional email code: %1","Неважец́и код за мејл трансакције: %1"
"Requested invalid store ""%1""","Тражена неважећа продавница ""%1"""
"""file"" parameter must be specified","""филе"" параметар мора бити дефинисан"
"Contents of %s could not be loaded or is empty","Садржаји %с не могу бити учитани или су празни"
"""file"" parameter must be specified and must not be empty","""филе"" параметар мора бити дефинисан и не може бити празан"
"Design params must be set before calling this method","Прије позивања ове методе морају се поставити параметри дизајна"
"CSS inlining error:","ЦСС грешка у линку:"
"Error filtering template: %s","Грешка филтрирања предлошка: %с"
"We're sorry, an error has occurred while generating this content.","Жао нам је, дошло је до грешке током генерисања овог садржаја."
"Invalid sender data","Неважећи пошиљалац података"
"Load default template","Учитај подразумевани шаблон"
"Are you sure you want to strip tags?","Јесте ли сигурни да желите да скинете ознаке?"
"Are you sure you want to delete this template?","Јесте ли сигурни да желите да обришете овај предложак?"
"The template did not load. Please review the log for details.","Шаблон није учитан. Молимо проверите извештај за детаље."
"Thank you, %store_name","Хвала, %сторе_наме"
"No Templates Found","Шаблони нису пронађени"
"Template Type","Тип шаблона"
"Logo Image","Лого Слика"
"Logo Image Alt","Алт Лого Слике"
"Necessary only if an image has been uploaded above. Enter number of pixels, without appending ""px"".","Неопходно само ако је слика изнад учитана. Упишите број пиxела, без уписивања ""пx""."
"Logo Width","Ширина Лого"
"Necessary only if an image has been uploaded above. Enter image height size in pixels without appending ""px"".","Неопходно ако је слика ућитана изнад. Унесите висину слике у пиxелима без уписивања ""пx""."
"Logo Height","Висина Лого"
"Email template chosen based on theme fallback, when the ""Default"" option is selected.","Шалон е-поште је изабран на основу теме, када је изабрана опција „Задата вредност”."
"Header Template","Заглавље Шаблона"
"Footer Template","Подножје Шаблона"
Emails,Емаил
"Only necessary if image has been uploaded above. Enter number of pixels, without appending ""px"".","Потребно само ако је слика отпремљена изнад. Унесите број пиксела, без додавања ""пx""."
"The design config needs an area and a store. Verify that both are set and try again.","Конфигурација дизајна треба површину и продавницу. Проверите да ли су оба подешена и покушајте поново."
"To optimize logo for high-resolution displays, upload an image that is 3x normal size and then specify 1x dimensions in the width/height fields below.","Да оптимизујете лого за екране високе резолуције, учитајте слику која је 3 пута веће од нормалне величини и затим дефинишите 1x димензију за ширину и висину у пољу испод."
"Change Encryption Key","Промени Енкрипцијски Кључ"
"Encryption Key","Енкрипцијски Кључ"
"New Encryption Key","Нови Енкрипцијски Кључ"
"The encryption key is used to protect passwords and other sensitive data.","Енкрипцијски кључ се користи да би заштитио шифре и друге осетљиве податке."
"Auto-generate a Key","Аутоматски генерисан кључ"
"The generated key will be displayed after changing.","Генерисани кључ ће бити приказан након мењања."
"New Key","Нови Кључ"
"Deployment configuration file is not writable.","Датотека за конфигурацију размештања није уписива."
"Please enter an encryption key.","Молимо упишите енкрипцијски кључ."
"The encryption key has been changed.","Енкрипцијски кључ је промењен."
"This is your new encryption key: %1. Be sure to write it down and take good care of it!","Ово је ваш нови енкрипцијски кључ: %1. Обавезно га запишите и добто се побрините за то!"
"Manage Encryption Key","Управљај Енкрипцијским Кључем"
"This is your new encryption key: <span style=""font-family:monospace;"">%1</span>. Be sure to write it down and take good care of it!","Ово је ваш нови кључ за шифровање: <спан стyле=""фонт-фамилy:моноспаце;"">%1</спан>. Обавезно га запишите и добро га чувајте!"
"Private Sales","Приватна продаја"
"Address Verification","Адреса провере"
"Email Verification","Мејл Верификација"
"Mobile Verification","Мобилна Верификација"
"Phone Verification","Телефонска Верификација"
"Response Code","Код одговора"
"Fraud Message","Порука о Превари"
"Approve Message","Одобри Поруку"
"Connection Type","Тип Конекције"
"Sandbox Mode","Мод Сандбоx"
"Live API Key","Продукциони АПИ кључ"
"Live API Password","Продукциона АПИ лозинка"
"Sandbox API Key","Тестни АПИ кључ"
"Sandbox API Password","Тестна АПИ лозинка"
"Transaction has been declined, please, try again later.","Трансацтион је децлинед, плеасе, покушајте поново латер."
"The response type is incorrect. Verify the type and try again.","Врста одговора није тачна. Проверите тип и покушајте поново."
"Europe First Priority","Европа Први Приоритет"
"1 Day Freight","1 Дан Теретни Промет"
"2 Day Freight","2 Дан Теретни Промет"
"2 Day","2 Дана"
"2 Day AM","2 Дан АМ"
"3 Day Freight","3 Дан Теретни Промет"
"Express Saver","Експрес Штедиша"
Ground,Земља
"First Overnight","Прва Ноћ"
"Home Delivery","Кућна Достава"
"International First","Интернатионал Први"
Freight,Превоз
"National Freight","Национални Превоз"
"Regular Pickup","Стандардно преузимање"
"Request Courier","Захтев за курирском службом"
"Business Service Center","Центар за пословне услуге"
Station,Станица
"Your Packaging","Ваша Амбалажа"
"Not Required","Није Захтевано"
Adult,Одрасли
Direct,Директно
Indirect,Индиректно
"Invalid response from carrier","Неважец́и одговор од оператера"
"No available tracking items","Нема доступних ставки за прац́ење"
"Empty response","Празан одговор"
"Account ID","ИД Налога"
"Please make sure to use only digits here. No dashes are allowed.","Овде обавезно користите само цифре. Нису дозвољене цртице."
Key,Кључ
"Web-Services URL (Production)","УРЛ Wеб Сервиса (продукција)"
"Web-Services URL (Sandbox)","УРЛ Wеб Сервиса (Сандбоx)"
"Packages Request Type","Врста Захтева за Пакете"
Packaging,Паковање
Dropoff,Одбацити
"Maximum Package Weight (Please consult your shipping carrier for maximum supported shipping weight)","Максимална Тежина Пакета (Проверите са Вашим достављачем која је максимална тежина за испоруку)"
"Residential Delivery","Кућна Достава"
"The field is applicable if the Smart Post method is selected.","Поље је примењиво уколико је изабрана метода Смарт Пост."
"Gift Card Information","Информације о поклон картици"
Virtual,Виртуално
Physical,Физички
Combined,Комбиновано
"Add Amount","Додај износ"
"Gift Card Type","Врста поклон картице"
"Gift Card Sender","Пошиљалац поклон картице"
"Gift Card Recipient","Примаоц поклон картице"
"Gift Card Message","Порука за Поклон Картицу"
"Gift Card Lifetime","Поклон Картица валидност"
"Gift Card Is Redeemable","Поклон картица је откупљива"
"We cannot create this gift card.","Не можемо направити ову поклон картицу."
"Gift Card Accounts","Налог Поклон Картице"
"Duplicate amount found.","Дуплирани износ је пронађен."
"Something went wrong while preparing the gift card.","Дошло је до грешке приликом припремања поклон картице."
"Please specify a gift card amount.","Молимо наведите износ поклон картице."
"Please specify all the required information.","Молимо наведите све тражене информације."
"Gift Card max amount is %1","Максимални износ поклон картице је %1"
"Gift Card min amount is %1","Минимални износ Поклон Картице је %1"
"Please specify a recipient name.","Молимо наведите назив примаоца."
"Please specify a sender name.","Молимо наведите име пошиљаоца."
"Please specify a recipient email.","Молимо наведите примаоца мејла."
"Please specify a sender email.","Молимо наведите име пошиљаоца мејла."
"Some gift card accounts were not created properly. You can create gift card accounts manually <a href=""%1"">here</a>.","Неки рачуни поклон картица нису правилно направљени. Рачуне за поклон картице можете да креирате ручно <а хреф=""%1"">овде</а>."
"Treat Balance as Store Credit","Третирајте биланс као кредит за трговину"
"Lifetime (days)","Време трајања (дани)"
"Allow Message","Дозволи Поруку"
"Email Template","Емаил шаблони"
"All Websites [%1]","Сви Веб Сајтови [%1]"
"Choose an Amount...","Изаберите Износ..."
"Other Amount...","Други Износ..."
"Amount in %1","Износ у %1"
Maximum,Максимум
"Sender Email","Емаил пошаљиоца"
"Recipient Name","Име Примаоца"
"Recipient Email","Мејл Примаоца"
"Maximum length of the message is %1 characters.","Максимална дужина поруке је %1 карактера."
"Delete Amount","Обриши Износ"
"Maximum: %1","Максимум: %1"
"You've been sent a gift from %store_name","Послат вам је поклон из %сторе_наме"
"%sender has sent you a gift card for use at <a href=""%store_url"">%store_name</a> and it is now ready to be used for purchases.","%сендер вам је послао поклон картицу за коришћење у <а хреф=""%сторе_урл"">%сторе_наме</а> и сада је спремна за коришћење при куповини."
"Gift Card Codes:","Кодови Поклон Картице:"
"Gift Card Code:","Код Поклон Картице:"
"Each card has a balance of %balance that can be used at <a href=""%store_url"">%store_name</a>.","Свака картица има стање од %баланце које се може користити у <а хреф=""%сторе_урл"">%сторе_наме</а>."
"The card has a balance of %balance that can be used at <a href=""%store_url"">%store_name</a>.","Картица има стање од %баланце које се може користити у <а хреф=""%сторе_урл"">%сторе_наме</а>."
"Click on the code(s) above to redeem them into Store Credit.","Цлицк он тхе цоде(с) абове то редеем тхем инто Продавница Цредит."
"Gift Cards","Поклон картице"
"Gift Card Email Settings","Подешавање е-мејла Поклон Картице"
"Gift Card Notification Email Sender","Поклон картица Обавештење Е-пошта Сендер"
"Gift Card Notification Email Template","Поклон картица Обавештење Е-пошта Темплате"
"Gift Card General Settings","Општа подешавања поклон картица"
Redeemable,Откупљив
"If empty no expiration.","Ако је празно нема истека."
"Allow Gift Message","Дозволи Поклон Поруку"
"Gift Message Maximum Length","Порука за поклон Маxимум Ленгтх"
"Generate Gift Card Account when Order Item is","Генерате Поклон картица Налог wхен Поруџбина Итем ис"
"Amount should be specified or Open Amount should be allowed","Износ мора бити дефинисан или Отворени Износ мора бити дозвољен"
"Add Gift Card Account","Додај Поклон картица Налог"
"Save & Send Email","Сачувај & Пошаљи Е-пошта"
"Edit Gift Card Account: %1","Измени Поклон картица Налог: %1"
"New Gift Card Account","Ново Поклон картица Налог"
Information,Информације
"Gift Card Code","Код Поклон Картице"
"Send Gift Card","Пошаљи Поклон Картицу"
"Send Email from the Following Store View","Пошаљи Емаил из Следећег Прегледа Странице"
"-- First Please Select a Website --","-- За почетак одаберите Wеб сајт --"
"Gift Card Account","Налог Поклон Картице"
History,Историја
"This gift card account has been deleted.","Налог Поклон Картице је Избрисан."
"We couldn't find a gift card account to delete.","Не можемо да пронађемо налог поклон картице за брисање."
"Edit Gift Card Account","Уреди Налог Поклон Картице"
"New Account","Нови Кориснички Налог"
"New code pool was generated.","Генерисан је нови скуп кодова."
"We were unable to generate a new code pool.","Нисмо могли генерисати нови скуп кодова."
"Code Pool used: <b>%1%</b> (free <b>%2</b> of <b>%3</b> total). Generate new code pool <a href=""%4"">here</a>.","Искоришћен скуп кодова: <б>%1%</б> (слободно <б>%2</б> од <б>%3</б> укупно). Генеришите нови скуп кодова <а хреф=""%4"">овде</а>."
"Please select a gift card account(s)","Молимо одаберите налог поклон картице(а)"
"You deleted a total of %1 records.","Обрисали сте укупно %1 записа."
"You saved the gift card account.","Сачували сте налог поклон картице."
"An email was not sent because the gift card account is not active.","Мејл није послат зато што поклон картица није активна."
"You saved the gift card account, but an email was not sent.","Сачували сте налог поклон картице, али мејл није послат."
"We will refund the gift card amount to your customer’s store credit","Рефундираћемо износ поклон картице на ваш корисички кредит продавнице"
"Please enable Store Credit to refund the gift card amount to your customer","Молимо омогућите Кредит Продавнице да бисте рефундирали износ свом купцу"
"Please correct the gift card code.","Молимо исправите тхе гифт цард цоде."
"Gift Card ""%1"" was added.","Поклон картица ""%1"" је додата."
"We cannot apply this gift card.","Не можемо применити ову поклон картицу."
"Gift Card ""%1"" was removed.","Поклон картица ""%1"" је уклоњена."
"You can't remove this gift card.","Не можете ремове тхис гифт цард."
"You can't redeem a gift card now.","Не можете редеем а гифт цард ноw."
"Gift Card ""%1"" was redeemed.","Поклон Картица ""%1"" је откупљена."
"We cannot redeem this gift card.","Не можемо откупити ову поклон картицу."
"Could not save the gift card account.","Није могао саве тхе гифт цард аццоунт."
"Could not delete the gift card account.","Није могао делете тхе гифт цард аццоунт."
"The expiration date must be set in the future.","Датум истека мора бити у будућности."
"The balance cannot be less than zero.","Биланс не може бити мањи од нуле."
"This gift card account is already in the quote.","Овај налог поклон картице је већ наведен."
"Please correct the gift card account code: ""%1"".","Молимо исправите код у налогу поклон картице: ""%1""."
"Please correct the gift card account ID. Requested code: ""%1""","Молимо исправите ИД налог поклон картице. Тражени код: ""%1"""
"Please correct the gift card account website: %1.","Молимо исправите налог веб сајта за поклон картицу: %1."
"Gift card account %1 is not enabled.","Налог поклон картице %1 није омогућен."
"Gift card account %1 is expired.","Налог поклон картице %1 је истекао."
"Gift card account %1 has a zero balance.","Налог поклон картице %1 има биланс 0."
"Gift card account %1 balance is lower than the charged amount.","Налог поклон картице %1 биланс је мањи од наплаћеног износа."
Available,Доступно
Redeemed,Откупљено
Expired,Истекло
"Please enter a valid customer ID.","Молимо упишите валидан ИД купца."
"Gift Card Redeemed: %1. For customer #%2.","Откупљена Поклон Картица: %1. За купца #%2."
"Order #%1.","Поруџбина #%1."
"Recipient: %1.","Прималац: %1."
"Customer #%1.","Купац %1."
"Please assign a gift card account.","Молимо доделите налог поклон картици."
"Unknown history action.","Непозната историја акције."
"We were unable to create full code pool size. Please check settings and try again.","Нисмо успели да направимо пуну величину базе кода. Молимо проверите подешавања и покушајте поново."
"No codes left in the pool.","Нема кодова остваљених у бази."
"Cart %1 doesn't contain products","Корпа %1 доесн'т цонтаин продуцтс"
"Could not delete gift card from quote","Није могао делете гифт цард фром qуоте"
"Could not add gift card code","Није могао адд гифт цард цоде"
"Please correct the wrong or expired Gift Card Code.","Молимо исправите тхе wронг ор еxпиред Поклон картица Код."
Alphabetical,Азбучно
Numeric,Нумерички
"The maximum generated code length is 255. Please correct your settings.","Максимална дужина генерисаног кода је 255. Молимо коригујте подешавања."
"test message","текстуална порука"
Generate,Генериши
"Code Pool used: ","Код Поол усед:"
" (free ",(бесплатно
" of ",од
" total).",укупно).
"Are you sure you want to continue without saving your changes?","Јесте ли сигурни да желите да наставите без да сачувате своје измене?"
"Refund Gift Cards to Store Credit","Рефундирај Поклон Картицу у Кредит Продавнице"
"Add Gift Card","Додај Поклон Картицу"
"Gift Card (%1)","Поклон Картица (%1)"
"Enter gift card code","Унесите код поклон картице"
"Redeem Gift Card","Преузми Поклон Картицу"
"Check status and balance","Проверите статус и стање"
"Have a gift card? ","Имате поклон картицу?"
"Click here","Кликните овде"
" to redeem it.","да је преузмете."
"Enter the gift card code","Овде упишите код поклон картице"
"Check Gift Card status and balance","Проверите статус и стање Поклон Картице"
"Gift Card: ","Поклон Картица:"
"Current Balance: ","Тренутно стање:"
"Expires: ",Истиче:
"Please enter a valid gift card code.","Молимо унесите валидан код поклон картице."
"Add or remove gift cards","Додај или уклони поклон картице"
"Gift Card amount applied to order:","Износ са Поклон Картице примени на поруџбину:"
"You've been sent a gift card for use at %store_name and it is now ready to be used for purchases.","Послата вам је покон картица коју можете искористити у %сторе_наме и већ је спремна за коришћење."
"Gift Card Code: %code","Код Поклон Картице: %цоде"
"The card has a balance of %balance and can be used at ","Стање на картици је %баланце и може бити искоришћено у"
"Apply Gift Card","Примени Поклон Картицу"
"Gift Card:","Поклон Картица:"
"See Balance","Провери Стање"
"Gift Card amount applied to order: ","Износ са Поклон Картице примени на поруџбину:"
"Email Sent from Gift Card Account Management","Мејл је послат из Управе Налозима Поклон Картица"
"Gift Card Email Sender","Пошиљалац Мејла Поклон Картице"
"Gift Card Template","Шаблон Поклон Картице"
"Gift Card Account General Settings","Генерална Подешавања Налога Поклон Картице"
"Code Length","Дужина кода"
"Excluding prefix, suffix and separators.","Искључујући префикс, суфикс и сепараторе."
"Code Format","Код Формат"
"Code Prefix","Префикс кода"
"Code Suffix","Суфикс кода"
"Dash Every X Characters","Одвоји цртицом сваки X карактер"
"if empty no separation","ако је празно нема одвајања"
"New Pool Size","Нова База Величине"
"Low Code Pool Threshold","Лоw Код Поол Тхресхолд"
"IMPORTANT: Be sure to save your configuration before running generation process.","ВАЖНО: Уверите се да сте сачували конфигурацију пре покретања процеса генерисања."
"Are you sure you want to delete these gift card accounts?","Да ли сте сигурни да желите да обришете налоге поклон картице?"
"Invalid Request","Неисправан захтев"
"Too many attempts, please try again later.","Превише покушаја, молимо покушајте поново касније."
"Amount can be returned to Store Credit.","Износ се може вратити у кредит продавнице."
"Code Pool used: <b>%1%</b> (free <b>%2</b> of <b>%3</b> total). Generate new code pool <a href=""#"" data-post=""%4"">here</a>.","Коришћени Скуп кодова: <б>%1%</б> (фрее <б>%2</б> оф <б>%3</б> тотал). Генеришите нови скуп кодова <а хреф=""#"" дата-пост=""%4"">овде</а>."
"The ""%1"" Cart doesn't contain products.","""%1"" Картица не садржи производе."
"The gift card couldn't be deleted from the quote.","Поклон картица не може бити обрисана из навода."
"Requiring a composite gift card account.","Захтеван налог композитне поклон картице."
"The gift card code couldn't be added. Verify your information and try again.","Не можемо додати код поклон картице. Проверите податке и покушајте поново."
"The gift card code is either incorrect or expired. Verify and try again.","Код поклон картице је неисправан или је истекао. Проверите и покушајте поново."
"Gift Card %1 was removed.","Поклон картица %1 је уклоњена."
"Gift card not found","Поклон картица није пронађена"
"Gift card account is not redeemable.","Налог поклон картице није откупљив."
"Cannot find the customer to update balance","Не можемо пронаћи купца да ажурирамо биланс"
"Gift Message is not available","Порука за поклон ис нот аваилабле"
"Could not add gift message to shopping cart","Није могао адд гифт мессаге то схоппинг царт"
"Could not add gift message to order: ""%1""","Није могуће додати поклон поруку поруџбини: ""%1"""
"There is no order with provided id","Не постоји поруџбина са датим ИД-ом"
"Could not add gift message to order's item: ""%1""","Није могуће додати поклон поруку ставци поруџбине: ""%1"""
"Unknown entity type","Непознат тип ентитета"
"Test label","Тест ознака"
"Gift Options","Поклон Опције"
"Do you have any gift items in your order?","Да ли имате неки поклон производ у поруџбини?"
"Add Gift Options","Додај Поклон Опције"
"Gift Options for the Entire Order","Поклон Опције за Целу Поруџбину"
"Leave this box blank if you don't want to leave a gift message for the entire order.","Оставите ово поље празно ако не желите да оставите поклон поруку за целу поруџбину."
"Gift Options for Individual Items","Поклон Опције за Индивидуалне Ставке"
"<span>Item %1</span> of %2","<спан>Ставка %1</спан> оф %2"
"Add Gift Options for the Entire Order","Додај Поклон Опције за Целу Поруџбину"
"Add Gift Options for Individual Items","Додај Поклон Опције за Индивидуалне Производе"
"Gift Message (optional)","Поклон Порука (опционо)"
"Gift options","Поклон Опције"
"Allow Gift Messages on Order Level","Дозволи Поклон Поруке на Нивоу Поруџбине"
"Allow Gift Messages for Order Items","Дозволи Поклон Поруке за Ставке у Поруџбини"
"Add gift options","Додај гифт оптионс"
"Add gift options for Individual Items","Додај гифт оптионс фор Индивидуал Итемс"
"Gift messages can't be used for an empty cart. Add an item and try again.","Поклон поруке не могу бити коришћене у празној корпи. Додајте артикал и покушајте поново."
"Gift messages can't be used for virtual products.","Поклон поруке се не могу користити за виртуелне производе."
"The gift message isn't available.","Поклон порука није доступна."
"The gift message couldn't be added to Cart.","Поклон порука не може бити додата у Корпу."
"No item with the provided ID was found in the Cart. Verify the ID and try again.","Артикал са обезбеђеним ИД није пронађен у Корпи. Проверите ИД и покушајте поново."
"No product with the ""%1"" itemId exists in the Cart. Verify your information and try again.","Производ са ""%1"" итемИд не постоји у Корпи. Проверите информације и покушајте поново."
"No item with the provided ID was found in the Order. Verify the ID and try again.","Артикал са обезбеђеним ИД није пронађен у Поруџбини. Проверите ИД и покушајте поново."
"No item with the provided ID was found in the Order, or a gift message isn't allowed. Verify and try again.","Артикал са обезбеђеним ИД није пронађен у Поруџбини или поклон порука није дозвољена. Проверите и покушајте поново."
"The gift message couldn't be added to the ""%1"" order.","Поклон порука не може бити додата у ""%1"" поруџбину."
"Either no order exists with this ID or gift message isn't allowed.","Или не постоји поруџбина са овим ИД или поклон порука није дозвољена."
"No order exists with this ID. Verify your information and try again.","Не постоји поруџбина са овим ИД. Проверите информације и покушајте поново."
"Gift messages can't be used for an empty order. Create an order, add an item, and try again.","Поклон поруке се не могу користити за празне поруџбине. Креирајте поруџбину, додајте артикал и покушајте поново."
"The gift message couldn't be added to the ""%1"" order item.","Поклон порука не може бити додата у ""%1"" поруџбину артикла."
"Are you sure you want to delete this gift registry?","Да ли сте сигурни да желите да обришете регистар поклона?"
"Delete Registry","Избриши Регистар"
"Gift Registry Entity","Ентитет Поклон Регистра"
"Product ID","ИД Производа"
"Add to Gift Registry","Додај у Регистар Поклона"
"Are you sure you want to add these products?","Да ли сте сигурни да желите да додате ове производе?"
Requested,Затражено
Fulfilled,Испуњено
Note,Белешка
"Update Quantity","Ажурирај Количину"
"Remove Item","Уклони ставку"
"Sharing Information","Дељење Информација"
Emails,Е-пошта
"Send From","Пошаљи Од"
"Share Gift Registry","Подели Регистар Поклона"
"Gift Registry","Регистар Поклона"
Event,Догађај
Registrants,Регистратори
"Event Date","Датум Догађаја"
"Total Items","Укупно артикла"
Remaining,Преостало
Public,Јавно
"Gift Registry Types","Врста Регистра Поклона"
"Add Gift Registry Type","Додај Врсту Регистра Поклона"
"If you delete this gift registry type, you also delete customer registries that use this type. Do you want to continue?","Ако избришете овај тип регистра, такође бришете и регистре купаца који користе овај тип. Да ли желите да наставите?"
"Edit '%1' Gift Registry Type","Измени '%1' Тип Регистар Поклона"
"New Gift Registry Type","Нова Врста Регистра Поклона"
Short,Кратки
Long,Дуги
Full,Пуно
"Is Listed",Исписано
"Edit Gift Registry","Измени Регистар Поклона"
"Create Gift Registry","Креирај Регистар Поклона"
"Please select a region, state or province","Молимо одаберите место"
"View Gift Registry %1","Провери Регистар Поклона %1"
"Share '%1' Gift Registry","Подели '%1' Регистар Поклона"
"Gift Registry Search","Претрага Регистра Поклона"
"Select Search Type","Одабери Тип Претраге"
Registrant,Регистратор
"Registry owner","Власник Регистра"
"Please correct the  gift registry ID.","Молимо исправите тхе  гифт регистрy ИД."
"Please correct the gift registry entity.","Молимо исправите тхе гифт регистрy ентитy."
"Shopping cart items have been added to gift registry.","Ставке из Корпе су додате у овај регистар поклона."
"Virtual, Downloadable, and virtual Gift Card products cannot be added to gift registries.","Виртуелни, Преузимљиви и виртуелни производи из Поклон Картице не могу бити додати у регистар поклона."
"You deleted this gift registry entity.","Избрисали сте ентитет из регистра поклона."
"We couldn't delete this gift registry entity.","Не можемо обрисати ентите из регистра поклона."
"Edit '%1' Gift Registry","Измени '%1' Регистар Поклона"
"Something went wrong while editing the gift registry.","Дошло је до грешке приликом мењања регистра поклона."
"Please enter at least one email address.","Молимо унесите ат леаст оне емаил аддресс."
"%1 email(s) were sent.","%1 мејл(ова) послато."
"We couldn't send '%1 of %2 emails.","Нисмо могли да пошаљемо %1 од %2 мејлова."
"You updated this gift registry.","Ажурирали сте регистар поклона."
"You deleted the gift registry type.","Обрисали сте тип поклон регистра."
"We couldn't delete this gift registry type.","Нисмо могли обрисати тип поклон регистра."
"Edit Type","Измени Тип"
"New Type","Нови Тип"
"You saved the gift registry type.","Снимили сте тип поклон регистра."
"Please correct the gift registry ID.","Молимо исправите тхе гифт регистрy ИД."
"%1 item(s) have been added to the gift registry.","%1 производ(а) је додато у регистар поклона."
"We have nothing to add to this gift registry.","Немамо шта да додамо у овај регистар поклона."
"You can't add virtual products, digital products or gift cards to gift registries.","Не можете додати виртуалне производе, дигиталне производе или поклон картице у регистре поклона."
"You deleted this gift registry.","Избрисали сте овај регистар поклона."
"Something went wrong while deleting the gift registry.","Дошло је до грешке приликом брисања регистра поклона."
"Please correct the gift registry.","Молимо исправите тхе гифт регистрy."
"Incorrect Type","Нетачан Тип"
"Please correct the registrant data.","Молимо исправите тхе регистрант дата."
"Address is empty.","Адреса ис емптy."
"Please select an address.","Молимо изаберите ан аддресс."
"Please correct the address.","Молимо исправите тхе аддресс."
"Something went wrong while sending email(s).","Нешто није у реду wхиле сендинг емаил(с)."
"Something went wrong while sharing the gift registry.","Нешто није у реду wхиле схаринг тхе гифт регистрy."
"The wish list item has been added to this gift registry.","Тхе wисх лист итем је аддед то тхис гифт регистрy."
"Please enter correct search options.","Молимо унесите цоррецт сеарцх оптионс."
"Please enter at least 2 letters of the first name.","Молимо унесите ат леаст 2 леттерс оф тхе фирст наме."
"Please enter at least 2 letters of the last name.","Молимо унесите ат леаст 2 леттерс оф тхе ласт наме."
"Please enter a valid email address.","Молимо унесите исправну емаил адресу."
"Please enter a gift registry ID.","Молимо унесите а гифт регистрy ИД."
"Please enter the quantity of items to add to cart.","Молимо унесите тхе qуантитy оф итемс то адд то царт."
"Gift Registry Info","Гифт Регистрy Информација"
"Please enter the ""%1"".","Молимо унесите ""%1""."
"Please enter the correct ""%1"".","Молимо унесите исправан ""%1""."
"Product has required options.","Производ хас реqуиред оптионс."
"You cannot send emails to more than %1 recipients at once","Yоу не може сенд емаилс то море тхан %1 реципиентс ат онце"
"Please enter a valid invitee email address.","Молимо унесите а валид инвитее емаил аддресс."
"Please enter an invitee name.","Молимо унесите ан инвитее наме."
Private,Приватно
"Please enter the title.","Молимо унесите тхе титле."
"Please enter the message.","Молимо унесите тхе мессаге."
"Please enter correct the Privacy setting.","Молимо унесите цоррецт тхе Привацy сеттинг."
"We cannot specify the product.","Wе не може специфy тхе продуцт."
"Please correct the  gift registry item quantity.","Молимо исправите тхе  гифт регистрy итем qуантитy."
"Please correct the gift registry item ID.","Молимо исправите тхе гифт регистрy итем ИД."
"The quantity of ""%1"" product added to cart exceeds the quantity desired by the Gift Registry owner. The quantity added has been adjusted to meet remaining quantity %2.","Количина ""%1"" производа додата у корпу прелази количину коју жели власник Регистра Поклона. Додата количина мора бити прилагођена осталој количини %2."
"Existing quantity of ""%1"" product in the cart has been replaced with quantity %2 just requested.","Постојећа количина ""%1"" производа у корпи је замењена количином %2 која је тражена."
"This product(s) is out of stock.","Овог(их) производа нема на стању."
"Please correct the product for adding the item to the quote.","Молимо коригујте производ за додавање ставке наводу."
"Please correct the item option format.","Молимо коригујте формат опције ставке."
"An item option with code %1 already exists.","Опција ставке са кодом %1 већ постоји."
New,Ново
"Please enter a valid email address(for example, daniel@x.com).","Молимо унесите исправну мејл адресу(на пример, даниел@x.цом)."
"Ship to the recipient's address.","Достава на адресу примаоца."
"-- All --","-- Све --"
"Unknown gift registry identifier","Непознат идентификатор регистратора поклона"
"All Forms","Све Форме"
"Registrant Name Search","Претрага Назива Регистратора"
"Registrant Email Search","Претрага Мејла Регистратора"
"Gift Registry ID Search","Претрага ИД Регистра Поклона"
Owner,Власник
"Created on","Креирано на"
"Shipping Address","Адреса за испоруку"
"Attribute Group","Група Атрибута"
"Is Required","Је обавезно"
"Is Searcheable","Је Претраживо"
"We found an attribute with this static input type already in the gift registry type. Please select a different input type.","Пронашли смо атрибут са овим статичким типом уноса у типу регистра поклона. Молимо одаберите други тип уноса."
"Show Region","Прикажи Регион"
"Date Format","Формат датума"
"Select a shipping address from your address book or enter a new address.","Одаберите адресу за доставу из адресара или унесите нову адресу."
"Add All To Gift Registry","Додај Све у Регистар Поклона"
"Use the gift registry shipping address","Користите адресу за доставу регистра поклона"
"Added On","Додато На"
"Qty Fulfilled","Испуњена Кол"
"Update Gift Registry","Ажурирај Регистар Поклона"
"This gift registry has no items.","Овај регистра поклона нема ставки."
"Created On","Креиран Укључено"
Share,Подели
Sender,Пошиљалац
Invitee,Позивнице
"Maximum %1 email addresses.","Максимално %1 мејл адреса."
"Add Invitee","Додај Позивницу"
"Gift Registry Type","Врста Регистра Поклона"
"Please select a gift registry type.","Молимо одаберите тип регистра поклона."
"Registrant Information","Информације о Регистратору"
"Maximum %1 registrants.","Максимално %1 регистратора."
"Add Registrant","Додај Регистратора"
Type:,Тип:
"Privacy Settings","Подешавања Приватности"
"Gift Registry Items Updated","Ажурирање Ставки у Регистру Поклона"
"Requested Quantity","Захтевана количина"
"Fulfilled Quantity","Испуњена Количина"
"Total Fulfilled Quantity","Укупна Попуњена Количина"
"Remaining Quantity","Преостала Количина"
"Customize and Add to Gift Registry","Прилагоди и Додај Регистру Поклона"
"Required Fields","Обавезна поља"
"Search Options","Опције претраживања"
"For better search results, first choose a gift registry type. By default, we search all registry types.","За боље резултате претраге, прво одаберите тип регистра поклона. По фаброчким подешавањима, претражујемо све врсте регистара."
"Type Specific Options","Упишите Специфичне Опције"
"Registrant Email","Мејл Регистратора"
"Gift Registry ID","ИД Регистра Поклона"
"Search Results","Резултати претраге"
Location,Локација
"Please enter at least two letters of the name.","Молимо упишите барем 2 слова имена."
"Search By","Тражи По"
"Please enter at least two letters.","Унесите барем 2 слова."
"Unit Price","Цена по Јединици"
"Gift Registry created at %store_name","Регистар Поклона је креиран у %сторе_наме"
"You have successfully created the new gift registry ""%registry_name"".","Успешно сте креирали нови регистар поклона ""%регистрy_наме""."
"Your Gift Registry Message","Порука Вашег Регистра Поклона"
"Now you can add products to your gift registry.","Сада можете додати производе вашем регистру поклона."
"Simply browse to <a href=""%store_url"">%store_name</a> and add the products you want to your shopping cart or wish list.","Једноставно претражите <а хреф=""%сторе_урл"">%сторе_наме</а> и додајте производе које желите у вашу корпу или листу жеља."
"You can then add the products to your registry from your shopping cart or wish list page.","Затим можете додати производе у свој регистар из корпе или листе жеља."
"You can also share it with your friends and family by logging into your account and visiting the Gift Registry tab.","Такође их можете поделити пријатељима или породици тако што ћете се улоговати у налог или посетити таб Регистар Поклона."
"Or you can email the following link and gift registry ID to them:","Или можете послати мејлом следећи линк и ИД регистра поклона њима:"
"Registry Location:","Локација Регистра:"
"Registry ID:","ИД Регистра:"
"Gift Registry shared at %store_name","Регистар Поклона подељен у %сторе_наме"
"You can view and purchase items from this gift registry at <a href='%account_url'>%store_name</a>.","Можете погледати и купити ставке из овог регистра поклона у <а хреф='%аццоунт_урл'>%сторе_наме</а>."
"Gift Registry:","Регистар Поклона:"
"Created For:","Креирано За:"
"You can create your own gift registry on <a href='%account_url'>%store_name</a> and share it with friends and family.","Можете креирати свој регистар поклона на <а хреф='%аццоунт_урл'>%сторе_наме</а> и поделити га са пријатељима и породицом."
"Gift Registry updated at %store_name","Регистар Поклона је ажуриран у %сторе_наме"
"The following items have been purchased from your gift registry ""%registry_name"":","Следеће ставке су купљене из вашег регистра поклона ""%регистрy_наме"":"
"You can sign in to your account to view more details about this gift registry.","Можете се пријавити у свој налог да погледате више детаља о овом регистру поклона."
"Ship to Recipient Address","Пошаљи на Адресу Примаоца"
"Ship Here","Достави Овде"
"Recipient Address","Адреса Примаоца"
"Use gift registry shipping address","Користите адресу за доставу као код поклона"
"The only place to change the number of gift registry items is on the Gift Registry Info page or directly in your cart.","Једино место за промену броја ставки у регистру поклона је на Инфо страници у Регистру Поклона или директно у корпи."
"Gift Registry Details","Детаљи Регистра Поклона"
"Event Data","Подаци о Догађају"
"Event Information","Информације о Догађају"
"Event Country","Држава Догађаја"
"My event special","Мој посебан догађај"
"My special attribute","Мој посебан атрибут"
"Gift Registry Section","Секција Регистра Поклона"
"General Options","Опште Опције"
"Enable Gift Registry","Омогући Регистар Поклона"
"Maximum Registrants","Максимално Регистратора"
"Owner Notification","Обавештења Власника"
"Email Sender","Пошиљаоц Мејла"
"Gift Registry Sharing","Дељење Регистра Поклона"
"Maximum Sent Emails Threshold","Праг Максималних Послатих Мејлова"
"Gift Registry Update","Ажурирање Регистра Поклона"
"Event Region Id","Ид Региона Догађаја"
"Event Region Text","Теxт Региона Догађаја"
"Event Location","Локација Догађаја"
"Gift Registry Quick Search Form","Форма за Брзу Претрагу Регистра Поклона"
"Quick Search Form Types","Брза Претрага Типова Форме"
"Default Template","Подразумевани Шаблон"
Listed,Излистан
"You can view and purchase items from this gift registry at <a href=""%account_url"">%store_name</a>.","Можете прегледати и купити ставке из овог регистра поклона на <а хреф=""%аццоунт_урл"">%сторе_наме</а>."
"You can create your own gift registry on <a href=""%account_url"">%store_name</a> and share it with friends and family.","Можете креирати сопствени регистар поклона на <а хреф=""%аццоунт_урл"">%сторе_наме</а> и поделити га са пријатељима и породицом."
"The gift registry ID is incorrect. Verify the ID and try again.","ИД регистра поклона није исправан. Провери ИД и покушај поново."
"The gift registry entity is incorrect. Verify the entity and try again.","Ентитет регистра поклона је неважећи. Провери ентитет и покушај поново."
"At least one email address is needed. Enter an email address and try again.","Најмање је једна мејл адреса потребна. Упишите мејл адресу и покушајте поново."
"The type is incorrect. Verify and try again.","Тип је неважећи. Проверите и покушајте поново."
"The registrant data is incorrect. Verify and try again.","Тхе регистрант дата ис нетачан. Проверите и покушајте поново."
"The address can't be empty. Enter and try again.","Тхе аддресс цан'т бе емптy. Унесите и покушајте поново."
"An address needs to be selected. Select and try again.","Ан аддресс неедс то бе селецтед. Изабери анд покушајте поново."
"The address is incorrect. Verify and try again.","Тхе аддресс ис нетачан. Проверите и покушајте поново."
"The gift registry item quantity is incorrect. Verify the item quantity and try again.","Тхе гифт регистрy итем qуантитy ис нетачан. Верифy тхе итем qуантитy анд покушајте поново."
"The gift registry item ID is incorrect. Verify the gift registry item ID and try again.","Тхе гифт регистрy итем ИД ис нетачан. Верифy тхе гифт регистрy итем ИД анд покушајте поново."
"Gift Wrapping","Паковање Поклона"
"Add Gift Wrapping","Додај Паковање Поклона"
"Are you sure you want to delete this gift wrapping?","Да ли сте сигурни да желите да избришете паковање поклона?"
"Edit Gift Wrapping ""%1""","Измени Паковање Поклона ""%1"""
"New Gift Wrapping","Ново Паковање Поклона"
"Gift Wrapping Information","Информације о Паковању Поклона"
"Gift Wrapping Design","Дизајн Паковања Поклона"
"Something went wrong while updating the wrapping(s) status.","Нешто није у реду wхиле упдатинг тхе wраппинг(с) статус."
"Excluding Tax","Еxцлудинг Порез"
"Including Tax","Инцлудинг Порез"
"Including and Excluding Tax","Инцлудинг анд Еxцлудинг Порез"
"The image extension ""%1"" not allowed.","Екстензија слике ""%1"" није дозвољена."
"Gift Wrapping with specified ID ""%1"" not found.","Поклон паковање са наведеним ИД ""%1"" није пронађено."
"Please enter valid currency code: %1","Молимо унесите валид цурренцy цоде: %1"
"Unable to remove gift wrapping %1","Није могуће ремове гифт wраппинг %1"
"Price Excl. Tax","Цена Еxцл. Порез"
"Price Incl. Tax","Цена Инцл. Порез"
"Send Gift Receipt","Пошаљи Гифт Рецеипт"
"Add Printed Card","Додај Принтед Цард"
"Gift Wrapping for the Entire Order","Паковање поклона фор тхе Ентире Поруџбина"
"No image","Не имаге"
"Allow Gift Wrapping on Order Level","Дозволи Паковање поклона он Поруџбина Левел"
"Allow Gift Wrapping for Order Items","Дозволи Паковање поклона фор Поруџбина Итемс"
"Allow Gift Receipt","Дозволи Примање Поклона"
"Allow Printed Card","Дозволи Штампане Картице"
"Default Price for Printed Card","Подразумевана Цена за Штампане Картице"
"Tax Class for Gift Options","Порези за Поклон Картице"
"Display Gift Wrapping Prices","Прикажи Цене Паковања Поклона"
"Display Printed Card Prices","Прикажи Цене Штампаних Картица"
"Are you sure you want to delete the selected gift wrappings?","Да ли сте сигурни да желите да избришете одабрано паковање поклона?"
"Gift Wrap Design","Дизајн Паковања Поклона"
"Custom Price","Прилагођена цена"
"Gift wrapping with the %1 ID wasn't found. Verify the ID and try again.","Гифт wраппинг wитх тхе %1 ИД wасн'т фоунд. Верифy тхе ИД анд покушајте поново."
"A valid currency code wasn't entered. Enter a valid %1 currency code and try again.","А валид цурренцy цоде wасн'т ентеред. Ентер а валид %1 цурренцy цоде анд покушајте поново."
"The ""%1"" gift wrapping couldn't be removed.","Поклон паковање ""%1"" није могло бити уклоњено."
Constant,Константа
"Conversion Color value is not valid ""%1"". Please set hexadecimal 6-digit value.","Конверзија вредности Боје није валидна ""%1"". Молимо подесите хексадецималну 6-цифрену вредност."
"Conversion Id value is not valid ""%1"". Conversion Id should be an integer.","Вредност Ид Конверзије није валидна ""%1"". Ид Конверзије треба да буде цели број."
"Conversion ID","ИД Конверзије"
"Conversion Language","Језик Конверзије"
"Conversion Format","Формат Конверзије"
"Conversion Color","Боја Конверзије"
"Conversion Label","Ознака Конверзије"
"Conversion Value Type","Тип Вредности Конверзије"
"Conversion Value","Вредност Конверзије"
"Send Order Currency","Пошаљи Поруџбина Цурренцy"
"Product View Optimization","Оптимизација Прегледа Производа"
"Page View Optimization","Оптимизација Прегледа Странице"
"Data key is missing: %1","Дата кеy ис недостаје: %1"
"Google Analytics Content Experiments Code","Гоогле Аналyтицс Садржај Еxпериментс Код"
"Experiment Code","Еxперимент Код"
"Enable Content Experiments","Омогући Садржај Еxпериментс"
"Category View Optimization","Категорија Преглед Оптимизатион"
"Google Analytics Enhanced Ecommerce Settings","Гоогле Аналyтицс Енханцед Ецоммерце Подешавања"
"Send to Google","Пошаљи то Гоогле"
"Account type","Налог тyпе"
"List property for the catalog page","Листа пропертy фор тхе цаталог паге"
"List property for the cross-sell block","Листа пропертy фор тхе цросс-селл блоцк"
"List property for the up-sell block","Листа пропертy фор тхе уп-селл блоцк"
"List property for the related products block","Листа пропертy фор тхе релатед продуцтс блоцк"
"List property for the search results page","Листа пропертy фор тхе сеарцх ресултс паге"
"Request content type must be application/json","Захтев цонтент тyпе муст бе апплицатион/јсон"
"Store code %1 does not exist","Продавница цоде %1 не постоји"
"Entity code %1 does not exist.","Ентитy цоде %1 не постоји."
"Grouped Products","Груписани производи"
"Please specify the quantity of product(s).","Изаберите количину производа."
"Cannot process the item.","Не може процесс тхе итем."
"Add Products to Group","Додавај производе у групу"
"There are no grouped products.","Нема груписаних производа."
"Default Qty","Подразумевано Кол"
"Starting at","Почев од"
"Grouped Product Image","Гроупед Производ Слика"
"Export Settings","Извези Подешавања"
"Entity Type","Ентитy Тип"
"Export File Format","Извези Датотека Формат"
"Fixed Price: From","Фиxед Цена: Фром"
"Unknown attribute filter type","Непознат аттрибуте филтер тyпе"
"Import Settings","Увези Подешавања"
"Import Behavior","Увези Бехавиор"
"Stop on Error","Стоп он Грешка"
"Please specify number of errors to halt import process","Молимо наведите нумбер оф еррорс то халт импорт процесс"
"File to Import","Датотека то Увези"
"Select File to Import","Изабери Датотека то Увези"
"Images File Directory","Имагес Датотека Дирецторy"
"For Type ""Local Server"" use relative path to Magento installation,
                                e.g. var/export, var/import, var/export/some/dir","За тип ""Локални сервер"" користите релативну путању до Магенто инсталације,
                                нпр. вар/еxпорт, вар/импорт, вар/еxпорт/соме/дир"
"Download Sample File","Преузми Сампле Датотека"
"Please correct the data sent value.","Молимо исправите тхе дата сент валуе."
Import/Export,Увези/Извези
"Import History","Увези Хисторy"
"Import history","Увези хисторy"
"Maximum error count has been reached or system error is occurred!","Маxимум еррор цоунт је реацхед ор сyстем еррор ис оццурред!"
"Import successfully done","Увези успешно доне"
"Sorry, but the data is invalid or the file is not uploaded.","Соррy, бут тхе дата ис неисправан ор тхе филе ис нот уплоадед."
"The file was not uploaded.","Тхе филе није уплоадед."
"Checked rows: %1, checked entities: %2, invalid rows: %3, total errors: %4","Цхецкед роwс: %1, цхецкед ентитиес: %2, неисправан роwс: %3, тотал еррорс: %4"
"Please fix errors and re-upload file or simply press ""Import"" button to skip rows with errors","Молимо исправите грешке и поново отпремите датотеку или једноставно притисните дугме ""Увоз"" да прескочите редове са грешкама"
"File is valid! To start import process press ""Import"" button","Датотека је исправна! За почетак увоза притисните дугме ""Увоз"""
"Show more","Прикажи море"
"Following Error(s) has been occurred during importing process:","Фоллоwинг Грешка(с) је оццурред дуринг импортинг процесс:"
"Only the first 100 errors are shown. ","Онлy тхе фирст 100 еррорс аре схоwн."
"Download full report","Преузми фулл репорт"
"Created: %1, Updated: %2, Deleted: %3","Креиран: %1, Ажуриран: %2, Обрисан: %3"
"Please enter a correct entity model.","Молимо унесите а цоррецт ентитy модел."
"Please enter a correct entity.","Молимо унесите а цоррецт ентитy."
"Please correct the file format.","Молимо исправите тхе филе формат."
"Please provide filter data.","Молимо обезбедите филтер дата."
"Entity is unknown","Ентитy ис непознат"
"Please correct the value for ""%1"" column.","Молимо исправите вредност за колону ""%1""."
"Please specify the writer.","Молимо наведите тхе wритер."
"Begin import of ""%1"" with ""%2"" behavior","Започни увоз ""%1"" са ""%2"" понашањем"
"Import data validation is complete.","Увези дата валидатион ис цомплете."
"The behavior token for %1 is invalid.","Тхе бехавиор токен фор %1 ис неисправан."
"Please enter a correct entity model","Молимо унесите а цоррецт ентитy модел"
"Adapter must be an instance of \Magento\ImportExport\Model\Import\AbstractSource","Адаптер муст бе ан инстанце оф \Магенто\ИмпортЕxпорт\Модел\Увези\АбстрацтСоурце"
"Please specify a source.","Молимо наведите а соурце."
"ImportExport: Import Data validation - Validation strategy not found","ИмпортЕxпорт: Увези Дата валидатион - Валидатион стратегy није пронађено"
"Cannot get autoincrement value","Не може гет аутоинцремент валуе"
"Error in data structure: %1 values are mixed","Грешка ин дата струцтуре: %1 валуес аре миxед"
Add/Update,Додај/Ажурирај
Replace,Замени
"Note: Product IDs will be regenerated.","Напомена: Производ ИДс wилл бе регенератед."
"Add/Update Complex Data","Додај/Ажурирај Цомплеx Дата"
"Delete Entities","Обриши Ентитиес"
"Custom Action","Цустом Акција"
"Start Date&Time","Почетак Датум&Време"
"Imported File","Импортед Датотека"
"Error File","Грешка Датотека"
"Execution Time","Еxецутион Време"
"Only first 100 errors are displayed here. ","Онлy фирст 100 еррорс аре дисплаyед хере."
"'Error in CSV: ' .","'Грешка ин ЦСВ: ' ."
"File must be saved in UTF-8 encoding for proper import","Датотека муст бе савед ин УТФ-8 енцодинг фор пропер импорт"
"Incorrect entity name.","Нетачан ентитy наме."
"-- Not Selected --","-- Није изабрано --"
"Please provide export file name","Молимо обезбедите еxпорт филе наме"
"Error during export process occurred","Грешка дуринг еxпорт процесс оццурред"
"Error during export process occurred. Please check logs for detail","Грешка дуринг еxпорт процесс оццурред. Плеасе цхецк логс фор детаил"
"New product data is added to the existing product data for the existing entries in the database. All fields except sku can be updated.","Ново продуцт дата ис аддед то тхе еxистинг продуцт дата фор тхе еxистинг ентриес ин тхе датабасе. Све фиелдс еxцепт ску цан бе упдатед."
"Any entities in the import data that already exist in the database are deleted from the database.","Било који ентитиес ин тхе импорт дата тхат алреадy еxист ин тхе датабасе аре делетед фром тхе датабасе."
"Are you sure you wan't to delete a file?","Да ли сте сигурни yоу wан'т то делете а филе?"
"File name","Датотека наме"
"Update by Schedule","Ажурирај бy Распоред"
"Update on Save","Ажурирај он Сачувај"
Processing,"Обрађује се"
"Index Management","Управљање индексима"
"Please select indexers.","Молимо изаберите индеxерс."
"%1 indexer(s) are in ""Update by Schedule"" mode.","%1 индексер(а) је у режиму ""Ажурирање по распореду""."
"%1 indexer(s) are in ""Update on Save"" mode.","%1 индексер(а) је у режиму ""Ажурирање при чувању""."
"One or more <a href=""%1"">indexers are invalid</a>. Make sure your <a href=""%2"" target=""_blank"">Magento cron job</a> is running.","Један или више <а хреф=""%1"">индексера су неважећи</а>. Проверите да ли ваш <а хреф=""%2"" таргет=""_бланк"">Магенто црон посао</а> ради."
"State for the same indexer","Држава фор тхе саме индеxер"
"State for the same view","Држава фор тхе саме виеw"
"Field '%1' not found","Фиелд '%1' није пронађено"
"Payment method is not defined for instance purchase.","Плаћање метход ис нот дефинед фор инстанце пурцхасе."
"Shipping address is not defined for instance purchase.","Достава аддресс ис нот дефинед фор инстанце пурцхасе."
"Shipping method is not defined for instance purchase.","Достава метход ис нот дефинед фор инстанце пурцхасе."
"Instant Purchase","Тренутна куповина"
"Are you sure you want to place order and pay?","Да ли сте сигурни желите да плаце ордер анд паy?"
"Shipping Method","Начин доставе"
"Payment method with vault and instant purchase support should be enabled.","Плаћање метход wитх ваулт анд инстант пурцхасе суппорт схоулд бе енаблед."
"A payment method isn't defined for instance purchase. Verify and try again.","А паyмент метход исн'т дефинед фор инстанце пурцхасе. Проверите и покушајте поново."
Integrations,Интеграције
"Add New Integration","Додај Ново Интеграција"
"Save & Activate","Сачувај & Ацтивате"
"New Integration","Ново Интеграција"
"Edit Integration '%1'","Измени Интеграција '%1'"
"Integration Info","Интеграција Информација"
"Integration Details","Интеграција Детаљи"
"Integration Tokens for Extensions","Интеграција Токенс фор Екстензије"
Activate,Активирај
Reauthorize,"Поново ауторизуј"
"Integration not secure","Интеграција нот сецуре"
"The integration '%1' has been deleted.","Тхе интегратион '%1' је делетед."
"Integration ID is not specified or is invalid.","Интеграција ИД ис нот специфиед ор ис неисправан."
"View ""%1"" Integration","Преглед ""%1"" интеграције"
"Edit ""%1"" Integration","Измена ""%1"" интеграције"
"Warning! Integrations not using HTTPS are insecure and potentially expose private or personally identifiable information","Упозорење! Интеграције нот усинг ХТТПС аре инсецуре анд потентиаллy еxпосе привате ор персоналлy идентифиабле информатион"
"Cannot edit integrations created via config file.","Не може едит интегратионс цреатед виа цонфиг филе."
"The integration '%1' has been saved.","Тхе интегратион '%1' је савед."
"The integration was not saved.","Тхе интегратион није савед."
"The integration '%1' has been re-authorized.","Тхе интегратион '%1' је ре-аутхоризед."
"The integration '%1' has been activated.","Тхе интегратион '%1' је ацтиватед."
"Integration '%1' has been sent for re-authorization.","Интеграција '%1' је сент фор ре-аутхоризатион."
"Integration '%1' has been sent for activation.","Интеграција '%1' је сент фор ацтиватион."
"A consumer with ID %1 does not exist","А цонсумер wитх ИД %1 не постоји"
"The tokens could not be revoked.","Тхе токенс није могао бе ревокед."
"Sorry, something went wrong granting permissions. You can find out more in the exceptions log.","Соррy, нешто није у реду грантинг пермиссионс. Yоу цан финд оут море ин тхе еxцептионс лог."
"Something went wrong while deleting roles and permissions. You can find out more in the exceptions log.","Нешто није у реду wхиле делетинг ролес анд пермиссионс. Yоу цан финд оут море ин тхе еxцептионс лог."
"Integration with name '%1' exists.","Интеграција wитх наме '%1' еxистс."
"Integration with ID '%1' does not exist.","Интеграција wитх ИД '%1' не постоји."
"One or more <a href=""%1"">integrations</a> have been reset because of a change to their xml configs.","Једна или више <а хреф=""%1"">интеграција</а> је ресетовано због промене у њиховим xмл конфигурацијама."
"Invalid Callback URL","Неисправан Цаллбацк УРЛ"
"Invalid Rejected Callback URL","Неисправан Одбијен Цаллбацк УРЛ"
"Incorrect timestamp value in the oauth_timestamp parameter","Нетачан тиместамп валуе ин тхе оаутх_тиместамп параметер"
"An error occurred validating the nonce","Дошло је до грешке валидатинг тхе нонце"
"Cannot convert to access token due to token is not request type","Не може цонверт то аццесс токен дуе то токен ис нот реqуест тyпе"
"Cannot create request token because consumer token is not a verifier token","Не може цреате реqуест токен бецаусе цонсумер токен ис нот а верифиер токен"
"Request token is not associated with the specified consumer","Захтев токен ис нот ассоциатед wитх тхе специфиед цонсумер"
"Cannot get access token because consumer token is not a request token","Не може гет аццесс токен бецаусе цонсумер токен ис нот а реqуест токен"
"Access token has been revoked","Аццесс токен је ревокед"
"A consumer having the specified key does not exist","А цонсумер хавинг тхе специфиед кеy не постоји"
"Verifier is invalid","Верифиер ис неисправан"
"A consumer with the ID %1 does not exist","А цонсумер wитх тхе ИД %1 не постоји"
"Specified token does not exist","Специфиед токен не постоји"
"A token with consumer ID %1 does not exist","А токен wитх цонсумер ИД %1 не постоји"
"Unexpected error. Unable to create oAuth consumer account.","Унеxпецтед еррор. Није могуће цреате оАутх цонсумер аццоунт."
"Unexpected error. Unable to load oAuth consumer account.","Унеxпецтед еррор. Није могуће лоад оАутх цонсумер аццоунт."
"Unable to post data to consumer due to an unexpected error","Није могуће пост дата то цонсумер дуе то ан унеxпецтед еррор"
"Consumer with ID '%1' does not exist.","Цонсумер wитх ИД '%1' не постоји."
"Invalid token to except","Неисправан токен то еxцепт"
"Integration with ID '%1' doesn't exist.","Интеграција wитх ИД '%1' не постоји."
"A token with consumer ID 0 does not exist","А токен wитх цонсумер ИД 0 не постоји"
"No permissions requested","Нисте тражили дозволе"
"Are you sure ?","Да ли сте сигурни ?"
"Are you sure you want to delete this integration? You can't undo this action.","Да ли сте сигурни желите да делете тхис интегратион? Не можете ундо тхис ацтион."
"Available APIs","Доступни АПИ-ја"
"Resource Access","Приступ ресурсу"
Resources,Ресурси
"Sorry, something went wrong. Please try again later.","Извините, дошло је до грешке. Покушајте касније."
"System Extensions","Екстензије ситема"
"System Integrations","Интеграције Система"
Extensions,Екстензије
"Customer Token Lifetime (hours)","Купац Токен Лифетиме (хоурс)"
"Cleanup Settings","Цлеануп Подешавања"
"Consumer Settings","Цонсумер Подешавања"
"Maximum Login Failures to Lock Out Account","Маxимум Пријава Фаилурес то Закључај Оут Налог"
"Lockout Time (seconds)","Лоцкоут Време (сецондс)"
"Integrations Configuration","Интеграције Конфигурација"
"Integration configuration file","Интеграција цонфигуратион филе"
"Integrations API Configuration","Интеграција АПИ конфигурације"
"Integrations API configuration file","Интеграције АПИ цонфигуратион филе"
"Integration configuration file.","Интеграција цонфигуратион филе."
"Integrations API configuration file.","Интеграција АПИ датотеку за конфигурацију."
"No Integrations Found","Не Интеграције Фоунд"
"A consumer with ""%1"" ID doesn't exist. Verify the ID and try again.","Потрошач са ""%1"" ИД не постоји. Проверите ИД и покушајте поново."
"An error occurred during the attempt to grant permissions. For details, see the exceptions log.","Дошло је до грешке дуринг тхе аттемпт то грант пермиссионс. Фор детаилс, сее тхе еxцептионс лог."
"The integration with name ""%1"" exists.","Интеграција са називом ""%1"" постоји."
"The integration with ID ""%1"" doesn't exist.","Интеграција са ИД ""%1"" не постоји."
"The token length is invalid. Check the length and try again.","Тхе токен ленгтх ис неисправан. Цхецк тхе ленгтх анд покушајте поново."
"The oAuth consumer account couldn't be created due to an unexpected error. Please try again later.","Тхе оАутх цонсумер аццоунт цоулдн'т бе цреатед дуе то ан унеxпецтед еррор. Покушајте поново латер."
"The oAuth consumer account couldn't be loaded due to an unexpected error. Please try again later.","Тхе оАутх цонсумер аццоунт цоулдн'т бе лоадед дуе то ан унеxпецтед еррор. Покушајте поново латер."
"The attempt to post data to consumer failed due to an unexpected error. Please try again later.","Тхе аттемпт то пост дата то цонсумер фаилед дуе то ан унеxпецтед еррор. Покушајте поново латер."
"A consumer with ID ""%1"" doesn't exist. Verify the ID and try again.","Потрошач са ИД ""%1"" не постоји. Проверите ИД и покушајте поново."
"Your account is temporarily disabled. Please try again later.","Yоур аццоунт ис темпорарилy дисаблед. Покушајте поново латер."
"The password entered for the current user is invalid. Verify the password and try again.","Тхе пассwорд ентеред фор тхе цуррент усер ис неисправан. Верифy тхе пассwорд анд покушајте поново."
Invitations,Позивнице
"Add Invitations","Додај Позивнице"
"New Invitations","Ново Позивнице"
"Invitations Information","Позивнице Информације"
"Enter Each Email on New Line","Ентер Еацх Е-пошта он Ново Лине"
"Invitee Group","Инвитее Група"
"View Invitation for %1 (ID: %2)","Преглед Позивница фор %1 (ИД: %2)"
"Discard Invitation","Дисцард Позивница"
"Are you sure you want to discard this invitation?","Да ли сте сигурни желите да дисцард тхис инвитатион?"
"Save Invitation","Сачувај Позивница"
"Send Invitation","Пошаљи Позивница"
"Default from System Configuration","Подразумевано фром Систем Конфигурација"
"Order Conversion Rate","Поруџбина Цонверсион Рате"
"Please select invitations.","Молимо изаберите инвитатионс."
"Something went wrong while sending invitations.","Нешто није у реду wхиле сендинг инвитатионс."
"No invitations have been resent.","Не инвитатионс су ресент."
"Something went wrong while sending %1 invitations.","Нешто није у реду wхиле сендинг %1 инвитатионс."
"Please specify at least one email address.","Молимо наведите ат леаст оне емаил аддресс."
"Something went wrong while sending %1 of %2 invitations.","Нешто није у реду wхиле сендинг %1 оф %2 инвитатионс."
"%1 invitation(s) were not sent, because customer accounts already exist for these email addresses.","%1 инвитатион(с) нису сент, бецаусе цустомер аццоунтс алреадy еxист фор тхесе емаил аддрессес."
"The invitation has been saved.","Тхе инвитатион је савед."
"Invitation Report by Customers","Позивница Репорт бy Купци"
"Invited Customers Report","Инвитед Купци Репорт"
"General Report","Опште Репорт"
"Invitations Report","Позивнице Репорт"
"Invitation Report by Order Conversion Rate","Позивница Репорт бy Поруџбина Цонверсион Рате"
"Please enter a correct confirmation key.","Молимо унесите а цоррецт цонфирматион кеy."
"My Invitations","Мy Позивнице"
"Something went wrong while sending an email to %1.","Нешто није у реду wхиле сендинг ан емаил то %1."
"Send Invitations","Пошаљи Позивнице"
"Max Invitations Allowed to be Sent at One Time","Маx Позивнице Аллоwед то бе Сент ат Оне Време"
"Please correct the value for ""%1"" parameter, otherwise we'll use the saved value instead.","Молимо исправите вредност за параметар ""%1"", иначе ћемо уместо тога користити сачувану вредност."
"Default Customer Group from System Configuration","Подразумевано Купац Група фром Систем Конфигурација"
"By Invitation Only","Бy Позивница Онлy"
"Available to All","Аваилабле то Све"
"Please correct the invitation code.","Молимо исправите тхе инвитатион цоде."
"You can't update this message.","Не можете упдате тхис мессаге."
"You can't send an invitation with status ""%1"".","Не можете послати позивницу са статусом ""%1""."
"Please enter a valid invitation email.","Молимо унесите а валид инвитатион емаил."
"This invitation is addressed to a current customer: ""%1"".","Ова позивница је упућена постојећем купцу: ""%1""."
"Please correct the invitation email.","Молимо исправите тхе инвитатион емаил."
"Invitation for same email address","Позивница фор саме емаил аддресс"
Accepted,Прихваћен
"Invitation Information","Позивница Информације"
"Send At","Пошаљи Ат"
"Invitation Message","Позивница Мессаге"
"Invitation URL","Позивница УРЛ"
"Invitee Information","Инвитее Информације"
"Customer ID","Купац ИД"
"Inviter Information","Инвитер Информације"
"Back to Invitations","Назад то Позивнице"
"Enter Email","Ентер Е-пошта"
"You cannot send more invitations","Yоу не може сенд море инвитатионс"
"%inviter_name invites you to join Private Sales Site","%инвитер_наме инвитес yоу то јоин Привате Продаја Сите"
"Invite to join Private Sales Site","Инвите то јоин Привате Продаја Сите"
"Invited Customers","Инвитед Купци"
"Invitation Section","Позивница Сецтион"
"Customer Invitation Email Sender","Купац Позивница Е-пошта Сендер"
"Customer Invitation Email Template","Купац Позивница Е-пошта Темплате"
"Enable Invitations Functionality","Омогући Позивнице Фунцтионалитy"
"Enable Invitations on Storefront","Омогући Позивнице он Сторефронт"
"Referred Customer Group","Реферред Купац Група"
"New Accounts Registration","Ново Аццоунтс Регистратион"
"Allow Customers to Add Custom Message to Invitation Email","Дозволи Купци то Додај Цустом Мессаге то Позивница Е-пошта"
"Customer Invitations","Купац Позивнице"
"Send Selected","Пошаљи Селецтед"
"Valid Website","Валид Веб сајт"
"Invitations Sent","Позивнице Сент"
"Invitations Accepted","Позивнице Прихваћен"
"Accepted and Purchased","Прихваћен анд Пурцхасед"
Invitation,Позивница
"The invitation code is incorrect. Verify the code and try again.","Тхе инвитатион цоде ис нетачан. Верифy тхе цоде анд покушајте поново."
"A customer ID group is missing. Enter a group and try again.","А цустомер ИД гроуп ис недостаје. Ентер а гроуп анд покушајте поново."
"The incorrect store is specified. Verify the store and try again.","Тхе нетачан сторе ис специфиед. Верифy тхе сторе анд покушајте поново."
"The store credit entered was invalid. Store credit must be less than the order amount. Verify and try again.","Тхе сторе цредит ентеред wас неисправан. Продавница цредит муст бе лесс тхан тхе ордер амоунт. Проверите и покушајте поново."
"An ID wasn't found for this invitation. Verify the invitation and try again.","Ан ИД wасн'т фоунд фор тхис инвитатион. Верифy тхе инвитатион анд покушајте поново."
"The invitation with the ""%1"" status can't be sent.","Позивница са статусом ""%1"" не може бити послата."
"A valid invitation email is missing. Enter and try again.","А валид инвитатион емаил ис недостаје. Унесите и покушајте поново."
"This invitation is addressed to current customer ""%1"".","Ова позивница је упућена постојећем купцу ""%1""."
"Use in Layered Navigation","Користи у слојевитој навигацији"
"Can be used only with catalog input type Dropdown, Multiple Select and Price","Цан бе усед онлy wитх цаталог инпут тyпе Дропдоwн, Мултипле Изабери анд Цена"
"Can be used only with catalog input type Dropdown, Multiple Select and Price.","Цан бе усед онлy wитх цаталог инпут тyпе Дропдоwн, Мултипле Изабери анд Цена."
"Use in Search Results Layered Navigation","Усе ин Претрага Ресултс Лаyеред Навигатион"
"Now Shopping by","Сада купити преко"
"Layered Navigation","Слојевита навигација"
"Display Product Count","Прикажи број производа"
"Price Navigation Step Calculation","Калкулација корака навигације цене"
"Default Price Navigation Step","Подразумевано Цена Навигатион Степ"
"Maximum Number of Price Intervals","Макс. број интервала цена"
"Display Price Interval as One Price","Дисплаy Цена Интервал ас Оне Цена"
"Interval Division Limit","Ограничење поделе интервала"
"Please specify the number of products, that will not be divided into subintervals.","Молимо наведите тхе нумбер оф продуцтс, тхат wилл нот бе дивидед инто субинтервалс."
"Can be used only with catalog input type Yes/No, Dropdown, Multiple Select and Price","Цан бе усед онлy wитх цаталог инпут тyпе Да/Не, Дропдоwн, Мултипле Изабери анд Цена"
"Can be used only with catalog input type Yes/No, Dropdown, Multiple Select and Price.
                    <br>Price is not compatible with <b>'Filterable (no results)'</b> option - 
                     it will make no affect on Price filter.","Може се користити само са типом уноса каталога Да/Не, Падајући, Вишеструки избор и Цена.
                    <бр>Цена није компатибилна са опцијом <б>'Филтерабилно (без резултата)'</б> - 
                     неће имати утицаја на филтер цене."
"Can be used only with catalog input type Yes/No, Dropdown, Multiple Select and Price.","Цан бе усед онлy wитх цаталог инпут тyпе Да/Не, Дропдоwн, Мултипле Изабери анд Цена."
"Can be used only with catalog input type Yes/No (Boolean), Dropdown, Multiple Select and Price.","Цан бе усед онлy wитх цаталог инпут тyпе Да/Не (Боолеан), Дропдоwн, Мултипле Изабери анд Цена."
"Admin Actions Log Archive","Админ Акције Лог Архива"
"Log Entry Details","Лог Ентрy Детаљи"
"Value Before Change","Вредност Бефоре Цханге"
"Value After Change","Вредност Афтер Цханге"
"No changes","Не цхангес"
"All Users","Све Усерс"
"Admin Actions Log","Админ Акције Лог"
"Admin Actions Archive","Админ Акције Архива"
"Tax Rates Import","Порез Ратес Увези"
"Attributes Updated","Аттрибутес Ажуриран"
"Cache types: %1 ","Кеш тyпес: %1"
"Tax Rates Export","Порез Ратес Извези"
"Unknown callback function: %1::%2","Непознат цаллбацк фунцтион: %1::%2"
Success,Успешно
Failure,Грешка
"This user is locked","Овај корисник је закључан"
"Admin User Data","Администрација корисничких података"
"Aggregated Information","Аггрегатед Информације"
"Admin User ID","Админ кориснички ИД"
"Admin User Name","Админ Усер Назив"
IP-Address,ИП-Адреса
"X-Forwarded For","X -прослеђене за"
"Error Message","Грешка Мессаге"
"Related Changes","Сродне промене"
Logging,Пријављивање
Archive,Архива
"Admin Actions Log Archiving","Админ Акције Лог Арцхивинг"
"Admin Actions Logging","Админ Акције Логгинг"
"Enabled Actions","Омогућен Акције"
"Mass Delete","Масс Обриши"
"Mass Update","Масс Ажурирај"
Move,Премести
Reorder,"Поново Наручи"
Print,Испишите
"Update Payment","Уређивање плаћања"
"Update State","Ажурирај Држава"
Send,Пошаљи
Create,Креирај
"Catalog Products","Каталог са Листом Производа"
"Catalog Categories","Каталог Категорије"
"URL Rewrites","Преправке УРЛ-а"
"Catalog Ratings","Каталог Оцене"
"Catalog Reviews","Каталог Рецензије"
"Catalog Attributes","Каталог Аттрибутес"
"Catalog Product Templates","Каталог Производ Темплатес"
"Admin Sign In","Админ Пријави се"
"System Configuration","Систем Конфигурација"
"Cart Price Rules","Корпа Цена Рулес"
"Admin My Account","Админ Мy Налог"
"Newsletter Queue","Ред за чекање писма новости"
"Newsletter Templates","Шаблон писма новости"
"Newsletter Subscribers","Новински претплатници"
"Sales Orders","Продаја Ордерс"
"Sales Order Status","Продаја Поруџбина Статус"
"Sales Invoices","Продаја Фактуре"
"Sales Shipments","Продаја Пошиљке"
"Sales Credit Memos","Продаја Кредитна одобрења"
"Checkout Terms and Conditions","Услови Плаћања и Коришћења Сајта"
"Admin Permission Roles","Админ Дозвола Ролес"
"Admin Permission Users","Админ Дозвола Усерс"
"Manage Store Views","Манаге Продавница Виеwс"
"Manage Design","Манаге Дизајн"
"Custom Variables","Прилагођене варијабле"
"System Backups","Систем Бацкупс"
"Customer Tax Classes","Купац Порез Цлассес"
"Catalog Product Tax Classes","Каталог Производ Порез Цлассес"
"Tax Rules","Порез Рулес"
"Tax Rates","Порез Ратес"
"XML Sitemap","XМЛ мапа сајта"
"PayPal Settlement Reports","ПаyПал Сеттлемент Извештаји"
"Archive File","Архива Датотека"
"Action Group","Акција Група"
"IP Address","ИП Адреса"
"Full Action Name","Фулл Акција Назив"
"Full Details","Фулл Детаљи"
"Extensions and Themes are an essential component of the Magento Ecosystem. Please visit the Magento Marketplace to see the latest innovations that developers have created to enhance your Magento Store.","Екстензије анд Теме аре ан ессентиал цомпонент оф тхе Магенто Ецосyстем. Плеасе висит тхе Магенто Маркетплаце то сее тхе латест инноватионс тхат девелоперс хаве цреатед то енханце yоур Магенто Продавница."
"Read More","Прочитај више"
"Partner Page","Партнер Страница"
"No partners were found","Не партнерс wере фоунд"
"Find Partners & Extensions","Финд Партнерс & Екстензије"
"File %1 does not exist","Датотека %1 не постоји"
"File %1 is not readable","Датотека %1 ис нот реадабле"
"File System","Датотека Систем"
"database ""%1""","база података ""%1"""
"Parent directory does not exist: %1","Парент дирецторy не постоји: %1"
"File system","Датотека сyстем"
"Unable to save file ""%1"" at ""%2""","Није могуће сачувати датотеку ""%1"" на ""%2"""
"Path ""%value%"" is protected and cannot be used.","Путања ""%валуе%"" је заштићена и не може се користити."
"Path ""%value%"" is not available and cannot be used.","Путања ""%валуе%"" није доступна и не може се користити."
"Path ""%value%"" may not include parent directory traversal (""../"", "".."").","Путања ""%валуе%"" не сме укључивати пролазак кроз родитељски директоријум (""../"", "".."")."
"File with an extension ""%value%"" is protected and cannot be uploaded","Датотека са екстензијом ""%валуе%"" је заштићена и не може се отпремити"
"Unable to create directory: %1","Није могуће цреате дирецторy: %1"
"Unable to save file: %1","Није могуће саве филе: %1"
"Storage Configuration for Media","Стораге Конфигурација фор Медиа"
"Select Media Database","Изабери Медиа Датабасе"
"Environment Update Time","Енвиронмент Ажурирај Време"
"The ""%1"" file doesn't exist. Verify the file and try again.","Датотека ""%1"" не постоји. Проверите датотеку и покушајте поново."
"Cannot resize image ""%1"" - original image not found","Не може се променити величина слике ""%1"" - оригинална слика није пронађена"
"Cannot resize images - product images not found","Не може ресизе имагес - продуцт имагес није пронађено"
"On Gesture","На гест"
"In Cart","У корпи"
"Before Order Confirmation","Бефоре Поруџбина Цонфирматион"
"Order total will be displayed before you submit the order","Поруџбина тотал wилл бе дисплаyед бефоре yоу субмит тхе ордер"
"Actual Price","Стварна цена"
"Minimum Advertised Price","Минимална оглашена цена"
"Enable MAP","Омогући МАП"
"Display Actual Price","Прикажи стварну цену"
"Default Popup Text Message","Подразумевано Попуп Теxт Мессаге"
"Default ""What's This"" Text Message","Подразумевана текстуална порука ""Шта је ово"""
"<strong style=""color:red"">Warning!</strong> Enabling MAP by default will hide all product prices on Storefront.","<стронг стyле=""цолор:ред"">Упозорење!</стронг> Омогућавање МАП подразумевано ће сакрити све цене производа на излогу."
Wishlist,"Листа жеља"
"Customer's Wish List Report","Купац'с Wисх Листа Репорт"
"1 item in wish list","1 ставка у листи жеља"
"%1 items in wish list","%1 ставки са листе жеља"
"Wish List Search","Претрага листе жеља"
"Customer Wish List Report","Купац Wисх Листа Репорт"
"Wish list ""%1"" was saved.","Листа жеља ""%1"" је сачувана."
"""%1"" was copied to %2.","""%1"" је копиран у %2."
"We can't find the item.","Не можемо пронаћи артикал."
"""%1"" is already present in %2.","""%1"" је већ присутан у %2."
"We can't copy ""%1"".","Не можемо копирати ""%1""."
"We can't copy the wish list item.","Не можемо копирати ставку листе жеља."
"You can't delete the default wish list.","Не можете обрисати подразумевану листу жеља."
"Wish List ""%1"" has been deleted.","Листа жеља ""%1"" је обрисана."
"""%1"" was moved to %2.","""%1"" је премештен у %2."
"We cannot move ""%1"".","Не можемо преместити ""%1""."
"We can't move the wish list item.","Не можемо преместити ставку листе жеља."
"%1 items cannot be moved: %2.","%1 итемс не може бе мовед: %2."
"%1 for ""%2""","%1 за ""%2"""
"We can't add the item to shopping cart.","Не можемо додати артикал у корпу."
"Product(s) %1 have required options. Each product can only be added individually.","Производ(и) %1 захтева опције. Сваки производ се може додати само појединачно."
"%1 product(s) have been added to shopping cart: %2.","%1 продуцт(с) су аддед то схоппинг царт: %2."
"Please reenter your search options.","Поново унесите опције претраге."
"We could not perform the search.","Нисмо могли извршити претрагу."
"Owner Name","Оwнер Назив"
"Owner Email","Оwнер Е-пошта"
"%1's Wish List","%1'с Wисх Листа"
"%1's Wish List (%2)","%1'с Wисх Листа (%2)"
"Provide the wish list name.","Наведите назив листе жеља."
"Wish list ""%1"" already exists.","Листа жеља ""%1"" већ постоји."
"Test Phrase","Тест фраза"
"Unknown Magento error","Непозната Магенто грешка"
InvalidArgumentException,НеисправанАргументЕxцептион
"All Wish Lists","Све Wисх Листс"
"Add To Order","Додај у наруџбу"
"Configure and Add to Order","Цонфигуре анд Додај то Поруџбина"
"No items","Нема артикала"
"Delete Wish List","Обриши Wисх Листа"
"Wish List Items","Ставке листе жеља"
"Add to:","Додај то:"
"Create New Wish List","Креирање нове листе жеља"
"Copy to Wish List","Копирај у листу жеља"
"Wish List Name","Назив листе жеља"
"Create Wish List","Креирај Wисх Листа"
"Edit Wish List","Измени Wисх Листа"
"Public Wish List","Јавна листа жеља"
"Private Wish List","Приватна листа жеља"
"Move Selected to Wish List","Преместите изабране артикле у листу жеља"
"Copy Selected to Wish List","Копирај изабране артикле у листу жеља"
"We can't create the Wish List right now.","Wе цан'т цреате тхе Wисх Листа ригхт ноw."
"Please select items to move.","Молимо изаберите итемс то мове."
"Please select items to copy.","Молимо изаберите итемс то цопy."
"Are you sure you want to delete your wish list? This action can't be undone.","Да ли сте сигурни желите да делете yоур wисх лист? Тхис ацтион цан'т бе ундоне."
"Enable Multiple Wish Lists","Омогући вишеструке листе жеља"
"My Wish Lists Link","Линк мојих листа жеља"
"Display Wish Lists Summary","Дисплаy Wисх Листс Сажетак"
"Wish List Search Description","Опис претраге листе жеља"
"Wish List Search Template","Шаблон претраге листе жеља"
"Wish List Quantity","Количина листе жеља"
"Store Quantity","Количина у продавници"
"Product Info","Производ Информација"
"Could not create a wish list.","Није могао цреате а wисх лист."
"The default wish list can't be deleted.","Подразумевана листа жеља не може бити обрисана."
"Edit wish list","Измени wисх лист"
"Ship to Multiple Addresses","Достави на више адреса"
"Billing Information - %1","Биллинг Информације - %1"
"Review Order - %1","Рецензија Поруџбина - %1"
"Total for this address","Укупно за ову адресу"
"Edit Billing Address","Измени Биллинг Адреса"
"Edit Shipping Address","Измени Достава Адреса"
"Create Billing Address","Креирај Биллинг Адреса"
"Create Shipping Address","Креирај Достава Адреса"
"We cannot open the overview page.","Не можемо отворити страницу прегледа."
"Order place error","Грешка при постављању поруџбине"
"Maximum qty allowed for Shipping to multiple addresses is %1","Маxимум qтy аллоwед фор Достава то мултипле аддрессес ис %1"
"Please select shipping methods for all addresses.","Молимо изаберите схиппинг метходс фор алл аддрессес."
"A payment method is not defined.","Начин плаћања није дефинисан."
"Item not found or already ordered","Артикал није пронађен или је већ поручен"
"Please specify a payment method.","Наведите начин плаћања."
"Please specify shipping methods for all addresses.","Молимо наведите схиппинг метходс фор алл аддрессес."
"Some addresses cannot be used due to country-specific configurations.","Соме аддрессес не може бе усед дуе то цоунтрy-специфиц цонфигуратионс."
"Quote address for failed order not found.","Наведена адреса за неуспелу поруџбину није пронађена."
"Exception for failed order not found.","Изузетак за неуспелу поруџбину није пронађена."
"Select Addresses","Изабери адресе"
"Shipping Information","Информације о достави"
"Billing Information","Информације о наплати"
"Order Success","Успешна поруџбина"
"Order Results","Редослед резултата"
"Default Billing","Подразумевана наплата"
"Default Shipping","Подразумевана достава"
"Select Address","Изабери адресу"
"Back to Billing Information","Назад то Биллинг Информације"
"Please select a shipping address for applicable items.","Молимо изаберите а схиппинг аддресс фор апплицабле итемс."
"Send To","Пошаљи на"
"A shipping selection is not applicable.","Избор доставе није применљив."
"Go to Shipping Information","Го то Достава Информације"
"Update Qty &amp; Addresses","Ажурирај кол. и адресе"
"Enter a New Address","Унесите нову адресу"
"Back to Shopping Cart","Назад то Корпа"
"Go to Review Your Order","Го то Рецензија Yоур Поруџбина"
"Back to Shipping Information","Назад то Достава Информације"
"Other items in your order","Остали артикли у вашој поруџбини"
"Edit Items","Измени Итемс"
"Shipping is not applicable.","Достава није применљива."
"Please see",Погледајте
"details below","детаље исод"
"Shipping To","Достава за"
"Order Review","Преглед поруџбине"
"Grand Total:","Укупан износ:"
"Submitting order information...","Слање информација о поруџбини..."
"Not all items were included.","Нису укључени сви артикли."
"For details, see","За детаље, види"
"Failed to Order","Неуспешна поруџбина"
"section below","изабери испод"
"For successfully ordered items, you'll receive a confirmation email including order numbers, tracking information, and more details.","За успешну порудђбину артикла, примићете маил за потврсу укључујући број поруџбине, информације за праћење, и више детаља."
"Successfully Ordered","Успешна Поруџбина"
"No shipping required.","Транспорт није потребан."
"To purchase these items: Return to the","Да бисте купили ове артике: Вратите се на"
"Review page in Checkout","Прегледај стрраницу у Цхецкоут"
"resolve any errors, and place a new order.","реши све грешке, и постави поруџбину."
"Address %1 <span>of %2</span>","Адреса %1 <спан>оф %2</спан>"
"Continue to Billing Information","Настави то Биллинг Информације"
"Back to Select Addresses","Назад то Изабери Аддрессес"
"For successfully order items, you'll receive a confirmation email including order numbers, tracking information and more details.","За успешну поруџбину артикла, примићете маил за потврсу укључујући број поруџбине, информације за праћење, и више детаља."
"Successfully ordered","Успешна Поруџбина"
"Multishipping Settings Section","Мултисхиппинг Подешавања Сецтион"
"Multishipping Settings","Подешавања вишеструке доставе"
"Allow Shipping to Multiple Addresses","Дозволи Достава то Мултипле Аддрессес"
"Maximum Qty Allowed for Shipping to Multiple Addresses","Маxимум Кол Аллоwед фор Достава то Мултипле Аддрессес"
"Review Order","Прегледај поруџбину"
"We could only complete part of your order.","Само део ваше поруџбине је извршен."
"We were unable to complete your order.","Нисмо успели да извршимо вашу поруџбину."
"Select Shipping Method","Изабери начин доставе"
"Your order numbers are: ","Ваши бројеви поруџбина су:"
"Your order number is: ","Ваш број поруџбине је:"
"We are unable to process your request. Please, try again later.","Wе аре није могуће процесс yоур реqуест. Плеасе, покушајте поново латер."
"Ship to:","Достави за:"
Error:,Грешка:
"The maximum quantity can't be more than %1 when shipping to multiple addresses. Change the quantity and try again.","Тхе маxимум qуантитy цан'т бе море тхан %1 wхен схиппинг то мултипле аддрессес. Цханге тхе qуантитy анд покушајте поново."
"Set shipping methods for all addresses. Verify the shipping methods and try again.","Сет схиппинг метходс фор алл аддрессес. Верифy тхе схиппинг метходс анд покушајте поново."
"A payment method isn't defined. Verify and try again.","А паyмент метход исн'т дефинед. Проверите и покушајте поново."
"This payment method can't be used for shipping to multiple addresses. Change the payment method and try again.","Тхис паyмент метход цан'т бе усед фор схиппинг то мултипле аддрессес. Цханге тхе паyмент метход анд покушајте поново."
"The payment method isn't selected. Enter the payment method and try again.","Тхе паyмент метход исн'т селецтед. Ентер тхе паyмент метход анд покушајте поново."
"All the times are in minutes. Use ""0"" if you want to skip automatic clearance.","Сва времена су у минутима. Користите ""0"" ако желите да прескочите аутоматско чишћење."
"New Messages Lifetime","Ново Мессагес Лифетиме"
"MySQL Message Queue Cleanup - all the times are in minutes. Use ""0"" if you want to skip automatic clearance","МyСQЛ чишћење реда порука - сва времена су у минутима. Користите ""0"" ако желите да прескочите аутоматско чишћење"
"Catalog Total Price (Excl. Tax)","Каталог Укупно Цена (Еxцл. Порез)"
"Catalog Total Price (Incl. Tax)","Каталог Укупно Цена (Инцл. Порез)"
"Catalog Total Price","Каталог Укупно Цена"
"Negotiated Discount","Неготиатед Попуст"
"Save as Draft","Сачувај ас Драфт"
"This action cannot be performed because you have products requiring attention. You must resolve these issues before you can continue.","Тхис ацтион не може бе перформед бецаусе yоу хаве продуцтс реqуиринг аттентион. Yоу муст ресолве тхесе иссуес бефоре yоу цан цонтинуе."
"Cannot Perform the Requested Action","Не може Перформ тхе Реqуестед Акција"
"Subtotal (Incl. Tax)","Међузбир (Инцл. Порез)"
"Subtotal (Excl. Tax)","Међузбир (Еxцл. Порез)"
"Add to Quote by SKU","Додај то Понуда бy СКУ"
"Add to Quote","Додај у понуду"
"Total Cost","Укупно Цена коштања"
"Negotiated Price","Неготиатед Цена"
"Shipping & Handling","Достава и руковање"
"Quote Subtotal (Incl. Tax)","Понуда Међузбир (Инцл. Порез)"
"Percentage Discount","Перцентаге Попуст"
"Amount Discount","Амоунт Попуст"
"Proposed Price","Пропосед Цена"
"Quote Subtotal","Понуда Међузбир"
"My Quotes","Мy Понуде"
"Percentage Discount - %1%","Перцентаге Попуст - %1%"
"Amount Discount - %1","Амоунт Попуст - %1"
"Proposed Price - %1","Пропосед Цена - %1"
Qty:,Кол:
"Qty: ",Кол:
" - deleted from catalog","- делетед фром цаталог"
"Renderer list for block ""%1"" is not defined","Листа рендерера за блок ""%1"" није дефинисана"
"Your quote has expired and the product prices have been updated as per the latest prices in your catalog. You can either re-submit the quote to seller for further negotiation or go to checkout.","Yоур qуоте хас еxпиред анд тхе продуцт прицес су упдатед ас пер тхе латест прицес ин yоур цаталог. Yоу цан еитхер ре-субмит тхе qуоте то селлер фор фуртхер неготиатион ор го то цхецкоут."
"You are not an owner of this quote. You cannot edit it or take any actions on it.","Yоу аре нот ан оwнер оф тхис qуоте. Yоу не може едит ит ор таке анy ацтионс он ит."
"Estimated Tax","Естиматед Порез"
"Quote Subtotal (Excl. Tax)","Понуда Међузбир (Еxцл. Порез)"
"Quote Grand Total (Incl. Tax)","Понуда Гранд Укупно (Инцл. Порез)"
"Grand Total to Be Charged","Гранд Укупно то Бе Цхаргед"
"Requested quote was not found","Реqуестед qуоте wас није пронађено"
Quotes,Понуде
"Something went wrong during quote declining","Нешто није у реду дуринг qуоте децлининг"
"Attachment not found.","Аттацхмент није пронађено."
"Quote #%1","Понуда #%1"
"The changes have been saved.","Тхе цхангес су савед."
"The quote has been sent to the buyer.","Тхе qуоте је сент то тхе буyер."
"Requested quote was not found.","Реqуестед qуоте wас није пронађено."
"An error occurred on the server. %1","Дошло је до грешке он тхе сервер. %1"
"An error occurred while quote creation.","Дошло је до грешке wхиле qуоте цреатион."
"An error occurred while creating quote.","Дошло је до грешке wхиле цреатинг qуоте."
"Quote with ID %1 was successfully created.","Понуда wитх ИД %1 wас успешно цреатед."
"The quote could not be created. Please try again later.","Тхе qуоте није могао бе цреатед. Покушајте поново латер."
Quote,Понуда
"Cannot obtain the requested data. You must fix the errors listed below first.","Не може обтаин тхе реqуестед дата. Yоу муст фиx тхе еррорс листед белоw фирст."
"Requested attachment is not found. Row ID: %fieldName = %fieldValue","Реqуестед аттацхмент ис није пронађено. Роw ИД: %фиелдНаме = %фиелдВалуе"
"Requested quote is not found. Row ID: %fieldName = %fieldValue","Реqуестед qуоте ис није пронађено. Роw ИД: %фиелдНаме = %фиелдВалуе"
"Cannot delete comment with id %1","Не може делете цоммент wитх ид %1"
" - deleted","- делетед"
"Product with ID #%1 is deleted","Производ wитх ИД #%1 ис делетед"
"Could not save history log","Није могао саве хисторy лог"
"Cannot delete history log with id %1","Не може делете хисторy лог wитх ид %1"
"Cannot send a B2B quote.","Не може сенд а Б2Б qуоте."
"Cannot create a B2B quote.","Не може цреате а Б2Б qуоте."
"Changes to the negotiated quote were not saved. Please try again.","Цхангес то тхе неготиатед qуоте нису савед. Покушајте поново."
"Cannot delete negotiable quote","Не може делете неготиабле qуоте"
"Shipping method cannot be set for a virtual quote.","Достава метход не може бе сет фор а виртуал qуоте."
"Cannot add the shipping method. You must add a shipping address into the quote first.","Не може адд тхе схиппинг метход. Yоу муст адд а схиппинг аддресс инто тхе qуоте фирст."
"Requested shipping method is not found. Row ID: ShippingMethodID = %ShippingMethodID.","Реqуестед схиппинг метход ис није пронађено. Роw ИД: СхиппингМетходИД = %СхиппингМетходИД."
"Product with SKU %1 not found","Производ wитх СКУ %1 није пронађено"
"Negotiated quote not found.","Неготиатед qуоте није пронађено."
"Catalog Price: ","Каталог Цена:"
"Quote Discount","Понуда Попуст"
"Discount amount: ","Попуст амоунт:"
"Cart Price: ","Корпа Цена:"
"Unable to update shipping address","Није могуће упдате схиппинг аддресс"
"Cannot save removed quote item notification","Не може саве ремовед qуоте итем нотифицатион"
"Cannot save comment:\n%1","Не може саве цоммент:\н%1"
"Cart rule deleted.","Корпа руле делетед."
"Products %1","Производи %1"
Declined,Одбијен
"Catalog prices have changed, and you may want to review the offer. Details about the changes are available in the History Log.","Каталог прицес хаве цхангед, анд yоу маy wант то ревиеw тхе оффер. Детаљи абоут тхе цхангес аре аваилабле ин тхе Хисторy Лог."
"The discount for this quote has been removed because the buyer has reached the maximum number of attempts to request a discount. You may want to review the offer amount.","Тхе дисцоунт фор тхис qуоте је ремовед бецаусе тхе буyер хас реацхед тхе маxимум нумбер оф аттемптс то реqуест а дисцоунт. Yоу маy wант то ревиеw тхе оффер амоунт."
"The discount for this quote has been removed because the cart rule has been deleted. You may want to review the offer amount.","Тхе дисцоунт фор тхис qуоте је ремовед бецаусе тхе царт руле је делетед. Yоу маy wант то ревиеw тхе оффер амоунт."
"Quote taxes have been recalculated because the buyer added or changed the shipping address. You may want to review the offer amount.","Понуда таxес су рецалцулатед бецаусе тхе буyер аддед ор цхангед тхе схиппинг аддресс. Yоу маy wант то ревиеw тхе оффер амоунт."
"has been deleted from the catalog, so the items quoted list has been updated.","је делетед фром тхе цаталог, со тхе итемс qуотед лист је упдатед."
"have been deleted from the catalog, so the items quoted list has been updated.","су делетед фром тхе цаталог, со тхе итемс qуотед лист је упдатед."
"has been deleted from the quote. You may want to review the offer amount.","је делетед фром тхе qуоте. Yоу маy wант то ревиеw тхе оффер амоунт."
"has been deleted from the catalog. The items quoted list has been updated.","је делетед фром тхе цаталог. Тхе итемс qуотед лист је упдатед."
"have been deleted from the quote. You may want to review the offer amount.","су делетед фром тхе qуоте. Yоу маy wант то ревиеw тхе оффер амоунт."
"have been deleted from the catalog. The items quoted list has been updated.","су делетед фром тхе цаталог. Тхе итемс qуотед лист је упдатед."
"Catalog prices have changed. You may want to re-submit this quote. Details about the changes are available in the History Log.","Каталог прицес хаве цхангед. Yоу маy wант то ре-субмит тхис qуоте. Детаљи абоут тхе цхангес аре аваилабле ин тхе Хисторy Лог."
"The discount for this quote has been removed because you have already used your discount on previous orders. Please re-submit the quote to the Seller for further negotiation.","Тхе дисцоунт фор тхис qуоте је ремовед бецаусе yоу хаве алреадy усед yоур дисцоунт он превиоус ордерс. Плеасе ре-субмит тхе qуоте то тхе Селлер фор фуртхер неготиатион."
"The discount is no longer valid for this quote, and the prices have been updated. Please re-submit the quote to the Seller for further negotiation.","Тхе дисцоунт ис но лонгер валид фор тхис qуоте, анд тхе прицес су упдатед. Плеасе ре-субмит тхе qуоте то тхе Селлер фор фуртхер неготиатион."
"Quote taxes have been recalculated because you have added or changed the shipping address. The negotiated price is no longer valid. Please re-submit the quote to Seller.","Понуда таxес су рецалцулатед бецаусе yоу хаве аддед ор цхангед тхе схиппинг аддресс. Тхе неготиатед прице ис но лонгер валид. Плеасе ре-субмит тхе qуоте то Селлер."
"The quote %quoteId is currently locked, and you cannot place an order from it at the moment.","Тхе qуоте %qуотеИд ис цуррентлy лоцкед, анд yоу не може плаце ан ордер фром ит ат тхе момент."
"The quote %quoteId is currently locked and cannot be closed.","Тхе qуоте %qуотеИд ис цуррентлy лоцкед анд не може бе цлосед."
"Invalid attribute %fieldName: Cannot create a B2B Quote for an individual user. The user must be a company member. Row ID: %fieldName = %fieldValue","Неисправан аттрибуте %фиелдНаме: Не може цреате а Б2Б Понуда фор ан индивидуал усер. Тхе усер муст бе а цомпанy мембер. Роw ИД: %фиелдНаме = %фиелдВалуе"
"Invalid attribute %fieldName: Quoting is not allowed for this company. Row ID: %fieldName = %fieldValue","Неисправан аттрибуте %фиелдНаме: Qуотинг ис нот аллоwед фор тхис цомпанy. Роw ИД: %фиелдНаме = %фиелдВалуе"
"The quote %quoteId is currently locked and cannot be declined.","Тхе qуоте %qуотеИд ис цуррентлy лоцкед анд не може бе децлинед."
"The quote %quoteId is currently locked and cannot be updated. Please check the quote status.","Тхе qуоте %qуотеИд ис цуррентлy лоцкед анд не може бе упдатед. Плеасе цхецк тхе qуоте статус."
"Cannot update the expiration date. You must specify today's date or a future date.","Не може упдате тхе еxпиратион дате. Yоу муст специфy тодаy'с дате ор а футуре дате."
"Cannot create the B2B quote. You cannot attach more than ten files per one request.","Не може цреате тхе Б2Б qуоте. Yоу не може аттацх море тхан тен филес пер оне реqуест."
"%fileType is not an allowed file type. Please select a different file.","%филеТyпе ис нот ан аллоwед филе тyпе. Молимо изаберите а дифферент филе."
"Cannot attach the file %filename. The maximum allowed file size is %size Mb.","Не може аттацх тхе филе %филенаме. Тхе маxимум аллоwед филе сизе ис %сизе Мб."
"Invalid attribute value. Row ID: %fieldName = %fieldValue","Неисправан аттрибуте валуе. Роw ИД: %фиелдНаме = %фиелдВалуе"
"Invalid attribute value. The price must be NULL, 0 or a positive number. Row ID: %fieldName = %fieldValue","Неисправан аттрибуте валуе. Тхе прице муст бе НУЛЛ, 0 ор а поситиве нумбер. Роw ИД: %фиелдНаме = %фиелдВалуе"
"You cannot update the quote status.","Yоу не може упдате тхе qуоте статус."
"Invalid attribute %fieldName: A B2B quote for this quoteID already exists. Row ID: %fieldName = %fieldValue","Неисправан аттрибуте %фиелдНаме: А Б2Б qуоте фор тхис qуотеИД алреадy еxистс. Роw ИД: %фиелдНаме = %фиелдВалуе"
"Cannot create a B2B quote. You must provide one or more quote items.","Не може цреате а Б2Б qуоте. Yоу муст провиде оне ор море qуоте итемс."
"'Cannot create the B2B quote.' .","'Не може цреате тхе Б2Б qуоте.' ."
"Cannot create the B2B quote. The minimum order for a quote request is %currency%amount","Не може цреате тхе Б2Б qуоте. Тхе минимум ордер фор а qуоте реqуест ис %цурренцy%амоунт"
"The quote %quoteId is currently locked and cannot be submitted to the customer. Please check the quote status.","Тхе qуоте %qуотеИд ис цуррентлy лоцкед анд не може бе субмиттед то тхе цустомер. Плеасе цхецк тхе qуоте статус."
"Cannot delete all items from a B2B quote. The quote must contain at least one item.","Не може делете алл итемс фром а Б2Б qуоте. Тхе qуоте муст цонтаин ат леаст оне итем."
"Cannot set the shipping price. You must select a shipping method first.","Не може сет тхе схиппинг прице. Yоу муст селецт а схиппинг метход фирст."
"Product with SKU %1 not found in catalog","Производ wитх СКУ %1 није пронађено ин цаталог"
"Street: street1, Postcode: 12345","Стреет: стреет1, Поштански број: 12345"
"Order Placed From Quote","Поруџбина Плацед Фром Понуда"
"Request Declined. Reason: ","Захтев Одбијен. Реасон:"
"Created By","Креиран Бy"
"Company Admin Email","Компанија Админ Е-пошта"
"Catalog Price","Каталог Цена"
"Add your comment","Додај yоур цоммент"
"Quote & Account Information","Понуда & Налог Информације"
"Quote # %1","Понуда # %1"
"Edit Company","Измени Компанија"
"Sales Rep","Продаја Реп"
"Add Product By SKU","Додај Производ Бy СКУ"
"Name & SKU","Назив & СКУ"
"Cart Price","Корпа Цена"
"Recalculate Quote","Рецалцулате Понуда"
"Update Prices","Ажурирај Прицес"
"Delete Action","Обриши Акција"
"Quote Totals","Понуда Тоталс"
"Shipping Methods & Price","Достава Метходс & Цена"
"Proposed Shipping Price","Пропосед Достава Цена"
"Click to change shipping method","Кликните да бисте променили начин испоруке"
"The negotiated price cannot be higher than the catalog total price.","Тхе неготиатед прице не може бе хигхер тхан тхе цаталог тотал прице."
"Negotiated Price cannot be less than 0","Неготиатед Цена не може бе лесс тхан 0"
"Products Not Added to the Quote","Производи Нот Аддед то тхе Понуда"
"Add Products to Quote","Додај Производи то Понуда"
(Updated),(Ажуриран)
"Shipping address","Достава аддресс"
"Shipping method","Достава метход"
" - removed","- ремовед"
"Request a Quote","Захтев а Понуда"
"Quote name","Понуда наме"
"Send Request","Пошаљи Захтев"
"Order Placed From Quote:","Поруџбина Плацед Фром Понуда:"
"Cannot Open the Quote","Не може Отвори тхе Понуда"
"This quote cannot be viewed at the current website. Would you like to navigate to the website where you created this quote?","Тхис qуоте не може бе виеwед ат тхе цуррент wебсите. Wоулд yоу лике то навигате то тхе wебсите wхере yоу цреатед тхис qуоте?"
"Show My Orders","Прикажи Моје поруџбине"
"Show All Orders","Прикажи Све Ордерс"
Merge,Споји
"Quote Comments","Понуда Цомментс"
Created:,Креиран:
Expires:,Истиче:
"Sales Rep.:","Продаја Реп.:"
"Select Existing Address","Изабери Еxистинг Адреса"
"No shipping information available","Не схиппинг информатион аваилабле"
"Select a shipping address from your address book.","Изабери а схиппинг аддресс фром yоур аддресс боок."
"Send for Review","Пошаљи фор Рецензија"
"Close quote","Затвори qуоте"
"Quote Items","Понуда Итемс"
"No shipping information available.","Не схиппинг информатион аваилабле."
"The quote has been sent to the merchant.","Тхе qуоте је сент то тхе мерцхант."
"Please specify the reason","Молимо наведите тхе реасон"
"New quote ","Ново qуоте"
" submitted by buyer","субмиттед бy буyер"
"Your quote ","Yоур qуоте"
" has been declined by the seller.","је децлинед бy тхе селлер."
" expires on ","еxпирес он"
" after which time you can’t order the items in the quote. After the expiration,
    you’ll have to negotiate the price with the seller again."," након чега нећете моћи да наручите ставке у понуди. Након истека,
    мораћете поново да преговарате о цени са продавцем."
"The quote ","Тхе qуоте"
" after which time it will be reset to its default expiration period. To extend the
    lifetime of the quote, update its expiration date."," након чега ће бити ресетован на подразумевани период истека. Да бисте продужили
    рок трајања понуде, ажурирајте датум истека."
"Expiration date for the Quote %quoteName has been reset so you can keep working on the quote.
    You can set a new expiration date if you wish.","Датум истека за понуду %qуотеНаме је ресетован тако да можете наставити да радите на понуди.
    Можете поставити нови датум истека ако желите."
"Quote ",Понуда
" updated by buyer","упдатед бy буyер"
"The seller responded to your quote ","Тхе селлер респондед то yоур qуоте"
"The Quote expires after ","Тхе Понуда еxпирес афтер"
"Item in Quote","Итем ин Понуда"
"Items in Quote","Итемс ин Понуда"
"Cancel coupon","Откажи цоупон"
"Update Catalog Prices","Ажурирај Каталог Прицес"
"Please enter a number greater than 0 in this field","Молимо унесите а нумбер греатер тхан 0 ин тхис фиелд"
"Please enter a non-decimal number please","Молимо унесите а нон-децимал нумбер плеасе"
"Maximum length of the message is ","Маxимум ленгтх оф тхе мессаге ис"
"Decline Quote?","Децлине Понуда?"
"If you click [Confirm], all custom pricing from the selected quotes will be removed. The buyers will be able to place orders using their standard catalog prices.","Иф yоу цлицк [Потврди], алл цустом прицинг фром тхе селецтед qуотес wилл бе ремовед. Тхе буyерс wилл бе абле то плаце ордерс усинг тхеир стандард цаталог прицес."
"Decline Quotes?","Децлине Понуде?"
"Cannot Decline the Selected Quotes","Не може Децлине тхе Селецтед Понуде"
"Only the quotes that are currently in status 'Open' can be declined","Онлy тхе qуотес тхат аре цуррентлy ин статус 'Отвори' цан бе децлинед"
"Your file could not be uploaded. Please try again.","Yоур филе није могао бе уплоадед. Покушајте поново."
"You cannot attach more than ten files per comment.","Yоу не може аттацх море тхан тен филес пер цоммент."
"Cannot Upload File","Не може Отпреми Датотека"
"Quote request rules","Понуда реqуест рулес"
"Coupon codes and gift cards are not allowed on quotes. Choose whether you'd like to keep the coupon code/gift card without requesting a quote, or request a quote without the coupon code/gift card.","Купон цодес анд гифт цардс аре нот аллоwед он qуотес. Изабери wхетхер yоу'д лике то кееп тхе цоупон цоде/гифт цард wитхоут реqуестинг а qуоте, ор реqуест а qуоте wитхоут тхе цоупон цоде/гифт цард."
"Select Cancel to stay on the current page.","Изабери Откажи то стаy он тхе цуррент паге."
"Are you sure you want to delete this quote?","Да ли сте сигурни желите да делете тхис qуоте?"
"Go to Checkout?","Го то Наплата?"
"Enable B2B Quote","Омогући Б2Б Понуда"
"Default Expiration Period","Подразумевано Еxпиратион Период"
"File formats for upload","Датотека форматс фор уплоад"
"File size in MB. Note that this setting can be overridden by the server settings.","Датотека сизе ин МБ. Напомена тхат тхис сеттинг цан бе оверридден бy тхе сервер сеттингс."
"Updated Quote Template (to Buyer)","Ажуриран Понуда Темплате (то Буyер)"
"Declined Quote Template (to Buyer)","Одбијен Понуда Темплате (то Буyер)"
"New Quote Template (to Seller)","Ново Понуда Темплате (то Селлер)"
"Updated Quote Template (to Seller)","Ажуриран Понуда Темплате (то Селлер)"
"Quote Expiration (in 48 hrs)","Понуда Еxпиратион (ин 48 хрс)"
"Quote Expiration (in 24 hrs)","Понуда Еxпиратион (ин 24 хрс)"
"Expiration Date Reset","Еxпиратион Датум Ресетуј"
"Send Quote Email Copy To","Пошаљи Понуда Е-пошта Копирај То"
"Send Quote Email Copy Method","Пошаљи Понуда Е-пошта Копирај Метход"
"Request, Edit, Delete","Захтев, Измени, Обриши"
"Checkout with quote","Наплата wитх qуоте"
"View quotes of subordinate users","Преглед qуотес оф субординате усерс"
"Allow Quotes","Дозволи Понуде"
"Created Date","Креиран Датум"
"Last Updated","Последњи Ажуриран"
"Quote Total (Base)","Понуда Укупно (Басе)"
"Quote Total (Negotiated)","Понуда Укупно (Неготиатед)"
"Quote Name","Понуда Назив"
"Quote Total","Понуда Укупно"
"No such public catalog entity","Не суцх публиц цаталог ентитy"
"Shared Catalog (or Customer Group)","Схаред Каталог (ор Купац Група)"
"No New Relic Application ID configured, cannot continue with Cron Event reporting","Не Ново Релиц Апплицатион ИД цонфигуред, не може цонтинуе wитх Црон Евент репортинг"
"The New Relic integration requires the newrelic-php5 agent, which is not installed. More 
                        information on installing the agent is available <a target=""_blank"" href=""%1"">here</a>.","Неw Релиц интеграција захтева неwрелиц-пхп5 агент, који није инсталиран. Више 
                        информација о инсталацији агента доступно је <а таргет=""_бланк"" хреф=""%1"">овде</а>."
"New Relic Reporting Section","Ново Релиц Репортинг Сецтион"
"New Relic Reporting","Ново Релиц Репортинг"
"Enable New Relic Integration","Омогући Ново Релиц Интеграција"
"New Relic API URL","Ново Релиц АПИ УРЛ"
"New Relic Account ID","Ново Релиц Налог ИД"
"""Need a New Relic account? <a href=""http://www.newrelic.com/magento"" target=""_blank"">Click here to get one","""Потребан вам је Неw Релиц налог? <а хреф=""хттп://www.неwрелиц.цом/магенто"" таргет=""_бланк"">Кликните овде да добијете"
"New Relic Application ID","Ново Релиц Апплицатион ИД"
"This can commonly be found at the end of the URL when viewing the APM after ""/applications/""","Ово се обично налази на крају УРЛ-а када гледате АПМ након ""/апплицатионс/"""
"New Relic API Key","Ново Релиц АПИ Кеy"
"This is located by navigating to Events -> Deployments from the New Relic APM website","Тхис ис лоцатед бy навигатинг то Евентс -> Деплоyментс фром тхе Ново Релиц АПМ wебсите"
"Generated under Insights in Manage data -> API Keys -> Insert Keys","Генератед ундер Инсигхтс ин Манаге дата -> АПИ Кеyс -> Убаци Кеyс"
"New Relic Application Name","Ново Релиц Апплицатион Назив"
"This is located by navigating to Settings from the New Relic APM website","Тхис ис лоцатед бy навигатинг то Подешавања фром тхе Ново Релиц АПМ wебсите"
"Enable Cron","Омогући Црон"
"Send Adminhtml and Frontend as Separate Apps","Пошаљи Админхтмл анд Фронтенд ас Сепарате Аппс"
"In addition to the main app (which includes all PHP execution), separate apps for adminhtml and frontend will be created. Requires New Relic Application Name to be set.","Ин аддитион то тхе маин апп (wхицх инцлудес алл ПХП еxецутион), сепарате аппс фор админхтмл анд фронтенд wилл бе цреатед. Реqуирес Ново Релиц Апплицатион Назив то бе сет."
"Delete Selected Problems","Обриши одабране проблеме"
"Unsubscribe Selected","Откажи претплату за одабране"
"Save Newsletter","Сачувај писмо новости"
"Save and Resume","Сачувај и настави"
"View Newsletter","Прегледај писмо новости"
"Edit Newsletter","Измени писмо новости"
"Queue Information","Информације о реду за чекање"
"Queue Date Start","Датум покретања реда за чекање"
"Subscribers From","Претплатници од"
"Newsletter Styles","Стил писма новости"
Start,Покрени
Pause,Паузирај
"Do you really want to cancel the queue?","Да ли желите да откажете ред за чекање?"
Resume,Настави
"Return HTML Version","Врати верзију Хтмл-а"
"Save As","Сачувај као"
"Edit Newsletter Template","Измени шаблон писма новости"
"New Newsletter Template","Нови шаблон писма новости"
"Queue Newsletter","Ред за чекање писма новости"
"We unsubscribed the people you identified.","Идентификованим особама биће отказана претплата."
"The problems you identified have been deleted.","Проблем које је идентификован биће обрисан."
"Newsletter Problems Report","Извештај проблема писма новости"
"Newsletter Problem Reports","Извештај проблема писма новости"
"Edit Queue","Измени ред за чекање"
"Please correct the newsletter template and try again.","Исправите шаблон писма новости и покушајте поново."
"You saved the newsletter queue.","Сачували сте ред за чекање писма новости."
Subscribers,Претплатници
"Please select one or more subscribers.","Молим одаберите једног или више претпланика."
"Total of %1 record(s) were deleted.","Укупно %1 запис(а) је обрисано."
"The newsletter template has been deleted.","Шаблон новости је обрисан."
"Create Newsletter Template","Направи нови шаблон писма новости"
"The newsletter template has been saved.","Шаблон новости је сачуван."
"Something went wrong while saving this template.","Нешто није у реду wхиле савинг тхис темплате."
"Something went wrong while saving your subscription.","Нешто није у реду wхиле савинг yоур субсцриптион."
"Your subscription has been confirmed.","Ваша претплата је потврђена."
"This is an invalid subscription confirmation code.","Тхис ис ан неисправан субсцриптион цонфирматион цоде."
"This is an invalid subscription ID.","Тхис ис ан неисправан субсцриптион ИД."
"Sorry, but the administrator denied subscription for guests. Please <a href=""%1"">register</a>.","Жао нам је, али администратор је одбио претплату за госте. Молимо <а хреф=""%1"">региструјте се</а>."
"The confirmation request has been sent.","Захтев за потврду је послат."
"Something went wrong with the subscription.","Нешто није у реду wитх тхе субсцриптион."
"You unsubscribed.","Ођавили сте се."
"Something went wrong while unsubscribing you.","Нешто није у реду wхиле унсубсцрибинг yоу."
Cancelled,Отказано
"There are no subscribers selected.","Нема изабраних претплатника."
"You selected an invalid queue.","Изабрали сте неисправан ред."
"We cannot mark as received subscriber.","Wе не може марк ас рецеивед субсцрибер."
"Follow this link to unsubscribe <!-- This tag is for unsubscribe link  --><a href=""{{var subscriber.getUnsubscriptionLink()}}"">{{var subscriber.getUnsubscriptionLink()}}</a>","Пратите овај линк да се ођавите <!-- Тхис таг ис фор унсубсцрибе линк  --><а хреф=""{{вар субсцрибер.гетУнсубсцриптионЛинк()}}"">{{вар субсцрибер.гетУнсубсцриптионЛинк()}}</а>"
"Choose Store View:","Изабери Продавница Преглед:"
"Newsletter Message Preview","Билтен Мессаге Преглед"
"Add to Queue","Додај то Qуеуе"
"Are you sure that you want to strip all tags?","Да ли сте сигурни тхат желите да стрип алл тагс?"
"Please enter a new template name.","Унесите нови назив шаблона."
" Copy",Копирај
"Sign Up for Our Newsletter:","Сигн Уп фор Оур Билтен:"
"Enter your email address","Унесите вашу емаил адресу"
Subscribe,"Претплати се"
"Newsletter subscription confirmation","Билтен субсцриптион цонфирматион"
"Newsletter subscription success","Успешна претплата на билтен"
"You have been successfully subscribed to our newsletter.","Yоу су успешно субсцрибед то оур неwслеттер."
"Newsletter unsubscription success","Билтен унсубсцриптион суццесс"
"You have been unsubscribed from the newsletter.","Yоу су унсубсцрибед фром тхе неwслеттер."
"Newsletter Template","Шаблон билтена"
"Newsletter Section","Билтен Сецтион"
"Subscription Options","Опције претплате"
"Allow Guest Subscription","Дозволи Гуест Претплата"
"Need to Confirm","Потребно потврдити"
"Confirmation Email Sender","Цонфирматион Е-пошта Сендер"
"Confirmation Email Template","Цонфирматион Е-пошта Темплате"
"Success Email Sender","Пошиљалац емаила успеха"
"Success Email Template","Шаблон емаила успеха"
"Unsubscription Email Sender","Пошиљалац емаила ођаве"
"Unsubscription Email Template","Шаблон емаила ођаве"
"We found no problems.","Нисмо пронашли проблеме."
Subscriber,Претплатник
"Queue Start Date","Датум почетка реда"
"Error Code","Код грешке"
"Error Text","Текст грешке"
"Queue Start","Почетак реда"
"Queue End","Крај реда"
Processed,Обрађено
Unsubscribe,"Ођави се"
"Customer First Name","Име купца"
"Customer Last Name","Презиме купца"
"Not Activated","Није активирано"
Subscribed,Претплаћен
Unsubscribed,Ођављен
Unconfirmed,Непотврђено
"Newsletter Subscriptions","Претплате на билтен"
"A confirmation request has been sent.","Захтев за потврду је послат."
"Send Check to:","Пошаљи Цхецк то:"
"Purchase Order Number","Пурцхасе Поруџбина Нумбер"
"Send Check to","Пошаљи Цхецк то"
"Check / Money Order","Цхецк / Монеy Поруџбина"
"Purchase Order","Пурцхасе Поруџбина"
"Bank Transfer Payment","Банк Трансфер Плаћање"
"Cash On Delivery Payment","Цасх Укључено Деливерy Плаћање"
"Zero Subtotal Checkout","Зеро Међузбир Наплата"
"Automatically Invoice All Items","Аутоматицаллy Фактура Све Итемс"
"Purchase order number is a required field.","Пурцхасе ордер нумбер ис а обавезно поље."
"Shipping Price","Достава Цена"
"Export CSV","Извези ЦСВ"
"Store Pickup","Продавница Пицкуп"
"Price vs. Destination","Цена вс. Дестинатион"
"Order Subtotal (and above)","Поруџбина Међузбир (анд абове)"
"Please correct Table Rate code type: %1.","Молимо исправите Табле Рате цоде тyпе: %1."
"Please correct Table Rate code for type %1: %2.","Молимо исправите Табле Рате цоде фор тyпе %1: %2."
"Per Order","По поруџбини"
"Unable to import data","Није могуће импорт дата"
"Something went wrong while importing table rates.","Нешто није у реду wхиле импортинг табле ратес."
"Requested column ""%1"" cannot be resolved","Тражена колона ""%1"" не може бити разрешена"
"Column ""%1"" not found","Колона ""%1"" није пронађена"
"Please correct Table Rates format in the Row #%1.","Молимо исправите Табле Ратес формат ин тхе Роw #%1."
"Please correct Country ""%1"" in the Row #%2.","Молимо исправите земљу ""%1"" у реду #%2."
"Please correct Region/State ""%1"" in the Row #%2.","Молимо исправите регион/државу ""%1"" у реду #%2."
"Please correct %1 ""%2"" in the Row #%3.","Молимо исправите %1 ""%2"" у реду #%3."
"Please correct Shipping Price ""%1"" in the Row #%2.","Молимо исправите цену испоруке ""%1"" у реду #%2."
"Please correct Table Rates File Format.","Молимо исправите Табле Ратес Датотека Формат."
"Method Name","Метход Назив"
"Include Virtual Products in Price Calculation","Укључи Виртуал Производи ин Цена Цалцулатион"
"Free Shipping","Фрее Достава"
"Minimum Order Amount","Минимум Поруџбина Амоунт"
"Duplicate Row #%1 (Country ""%2"", Region/State ""%3"", Zip ""%4"" and Value ""%5"")","Дуплирани ред #%1 (Земља ""%2"", Регион/Држава ""%3"", Зип ""%4"" и Вредност ""%5"")"
"The Table Rates File Format is incorrect in row number ""%1"". Verify the format and try again.","Формат датотеке табела стопа је нетачан у реду број ""%1"". Проверите формат и покушајте поново."
"The ""%1"" country in row number ""%2"" is incorrect. Verify the country and try again.","Земља ""%1"" у реду број ""%2"" је нетачна. Проверите земљу и покушајте поново."
"The ""%1"" region or state in row number ""%2"" is incorrect. Verify the region or state and try again.","Регион или држава ""%1"" у реду број ""%2"" је нетачан. Проверите регион или државу и покушајте поново."
"The ""%1"" shipping price in row number ""%2"" is incorrect. Verify the shipping price and try again.","Цена испоруке ""%1"" у реду број ""%2"" је нетачна. Проверите цену испоруке и покушајте поново."
"The Table Rates File Format is incorrect. Verify the format and try again.","Тхе Табле Ратес Датотека Формат ис нетачан. Верифy тхе формат анд покушајте поново."
"The ""%1"" code type for Table Rate is incorrect. Verify the type and try again.","Тип кода ""%1"" за табелу стопа је нетачан. Проверите тип и покушајте поново."
"The ""%1: %2"" code type for Table Rate is incorrect. Verify the type and try again.","Тип кода ""%1: %2"" за табелу стопа је нетачан. Проверите тип и покушајте поново."
"Export VCL for Varnish %1","Извези ВЦЛ фор Варнисх %1"
"Ttl value ""%1"" is not valid. Please use only numbers equal or greater than zero.","ТТЛ вредност ""%1"" није важећа. Користите само бројеве веће или једнаке нули."
"Built-in Cache","Буилт-ин Кеш"
"Varnish Cache (Recommended)","Варнисх Кеш (Рецоммендед)"
"Full Page Cache","Фулл Страница Кеш"
"Varnish Configuration","Варнисх Конфигурација"
"IPs access list separated with ',' that can purge Varnish configuration for config file generation.
                            If field is empty default value localhost will be saved.","Листа приступа ИП адреса одвојених са ',' које могу очистити Варнисх конфигурацију за генерисање конфигурационе датотеке.
                            Ако је поље празно, подразумевана вредност лоцалхост ће бити сачувана."
"Page Cache","Страница Кеш"
"Export VCL for Varnish ","Извези ВЦЛ фор Варнисх"
"Access List value ""%1"" is not valid. Please use only IP addresses and host names.","Вредност Аццесс Лист ""%1"" није важећа. Користите само ИП адресе и имена хостова."
"Export Configuration","Извези Конфигурација"
"We cannot retrieve the payment method model object.","Wе не може ретриеве тхе паyмент метход модел објецт."
"We cannot retrieve the payment info model object.","Wе не може ретриеве тхе паyмент инфо модел објецт."
"Switch/Solo/Maestro Start Date","Сwитцх/Соло/Маестро Почетак Датум"
"We cannot retrieve the transparent payment method model object.","Wе не може ретриеве тхе транспарент паyмент метход модел објецт."
"Command %1 does not exist.","Цомманд %1 не постоји."
"Validator for field %1 does not exist.","Валидатор фор фиелд %1 не постоји."
"All Allowed Countries","Све Аллоwед Цоунтриес"
"We cannot retrieve the payment method code.","Wе не може ретриеве тхе паyмент метход цоде."
"We cannot retrieve the payment information object instance.","Wе не може ретриеве тхе паyмент информатион објецт инстанце."
"You can't use the payment type you selected to make payments to the billing country.","Не можете усе тхе паyмент тyпе yоу селецтед то маке паyментс то тхе биллинг цоунтрy."
"Invalid Credit Card Number","Неисправан Цредит Цард Нумбер"
"Please enter a valid credit card verification number.","Молимо унесите важећи број за верификацију кредитне картице."
"Please enter a valid credit card expiration date.","Молимо унесите а валид цредит цард еxпиратион дате."
"%1 class doesn't implement \Magento\Payment\Model\MethodInterface","%1 цласс доесн'т имплемент \Магенто\Плаћање\Модел\МетходИнтерфаце"
"Payment method","Начин плаћања"
" is not available. You still can process offline actions.","ис нот аваилабле. Yоу стилл цан процесс оффлине ацтионс."
"Forgot an Item?","Заборавили сте ставку?"
"Please enter a valid credit card type number.","Молимо унесите а валид цредит цард тyпе нумбер."
"Please enter a valid credit card number.","Молимо унесите важећи број кредитне картице."
"Incorrect credit card expiration month.","Нетачан цредит цард еxпиратион монтх."
"Incorrect credit card expiration year.","Нетачан цредит цард еxпиратион yеар."
"Payment Methods Section","Плаћање Метходс Сецтион"
"Payment Services","Плаћање Сервицес"
"Please provide payment for the order.","Молимо обезбедите паyмент фор тхе ордер."
"The ""%1"" command executor isn't defined. Verify the executor and try again.","Извршилац команде ""%1"" није дефинисан. Проверите извршиоца и покушајте поново."
"The ""%1"" command doesn't exist. Verify the command and try again.","Команда ""%1"" не постоји. Проверите команду и покушајте поново."
"The gateway response format was incorrect. Verify the format and try again.","Тхе гатеwаy респонсе формат wас нетачан. Верифy тхе формат анд покушајте поново."
"The validator for the ""%1"" field doesn't exist.","Валидатор за поље ""%1"" не постоји."
"Billing Agreement View","Биллинг Агреемент Преглед"
"Are you sure you want to authorize full order amount?","Да ли сте сигурни да желите да одаобрите количину поруџбине?"
"View Transaction Details","Преглед Трансацтион Детаљи"
"Reference Information","Референце Информације"
"Transaction Information","Трансацтион Информације"
"PayPal Fee Information","ПаyПал Фее Информације"
"We are connecting to the PayPal SFTP server to retrieve new reports. Are you sure you want to continue?","Wе аре цоннецтинг то тхе ПаyПал СФТП сервер то ретриеве неw репортс. Да ли сте сигурни желите да цонтинуе?"
Help,Помоћ
"View Demo","Преглед Демо"
"Billing Information","Биллинг Информације"
"Invalid block type","Неисправан блоцк тyпе"
"Please specify the correct billing agreement ID and try again.","Молимо наведите тхе цоррецт биллинг агреемент ИД анд покушајте поново."
"Payment authorization has been successfully created.","Одобравање плаћања поруџбине је успешно креирано."
"Unable to make payment authorization.","Неуспешно креирано одобрење поруџбине."
"View Transaction","Преглед Трансацтион"
"We fetched %1 report rows from ""%2@%3.""","Преузели смо %1 редова извештаја из ""%2@%3."""
"We can't fetch reports from ""%1@%2.""","Не можемо преузети извештаје из ""%1@%2."""
"The billing agreement ""%1"" has been canceled.","Уговор о наплати ""%1"" је отказан."
"The billing agreement ""%1"" has been created.","Уговор о наплати ""%1"" је креиран."
"We can't initialize Express Checkout.","Wе цан'т инитиализе Еxпресс Наплата."
"PayPal Express Checkout Token does not exist.","ПаyПал Еxпресс Наплата Токен не постоји."
"A wrong PayPal Express Checkout Token is specified.","А wронг ПаyПал Еxпресс Наплата Токен ис специфиед."
"Express Checkout and Order have been canceled.","Еxпресс Наплата анд Поруџбина су цанцелед."
"Express Checkout has been canceled.","Еxпресс Наплата је цанцелед."
"Unable to cancel Express Checkout","Није могуће цанцел Еxпресс Наплата"
"We can't process Express Checkout approval.","Wе цан'т процесс Еxпресс Наплата аппровал."
"We can't initialize Express Checkout review.","Wе цан'т инитиализе Еxпресс Наплата ревиеw."
"We can't start Express Checkout.","Wе цан'т старт Еxпресс Наплата."
"Error processing payment, please try again later.","Грешка процессинг паyмент, покушајте поново латер."
"Authorization is not allowed.","Одобрење није успело."
"Payment Gateway is unreachable at the moment. Please use another payment option.","Плаћање Гатеwаy ис унреацхабле ат тхе момент. Плеасе усе анотхер паyмент оптион."
"PayPal response hasn't required fields.","ПаyПал респонсе хасн'т обавезно пољес."
"Something went wrong while processing your order.","Нешто није у реду wхиле процессинг yоур ордер."
"I'm sorry - but we were not able to process your payment. Please try another payment method or contact us so we can assist you.","И'м соррy - бут wе нису абле то процесс yоур паyмент. Плеасе трy анотхер паyмент метход ор цонтацт ус со wе цан ассист yоу."
"A match of the Shipping Address City, State, and Postal Code failed.","А матцх оф тхе Достава Адреса Град, Држава, анд Постал Код фаилед."
"Unable to save Billing Agreement:","Није могуће саве Биллинг Агреемент:"
"The PayPal certificate does not exist.","Тхе ПаyПал цертифицате не постоји."
"Acceptance Mark Image","Аццептанце Марк Слика"
"For Virtual Quotes Only","Фор Виртуал Понуде Онлy"
"Ask Customer","Аск Купац"
"IPN (Instant Payment Notification) Only","ИПН (Инстант Плаћање Обавештење) Онлy"
"Cannot get secure form URL from PayPal","Не може гет сецуре форм УРЛ фром ПаyПал"
"Last Transaction ID","Последњи Трансацтион ИД"
"Sorry, but something went wrong. Please contact PayPal customer service.","Соррy, бут нешто није у реду. Плеасе цонтацт ПаyПал цустомер сервице."
"A case that has been resolved and close requires a reimbursement.","А цасе тхат је ресолвед анд цлосе реqуирес а реимбурсемент."
"Unknown reason. Please contact PayPal customer service.","Непознат реасон. Плеасе цонтацт ПаyПал цустомер сервице."
"Payer Email","Паyер Е-пошта"
"Payer Address ID","Паyер Адреса ИД"
"Payer Address Status","Паyер Адреса Статус"
"Last Correlation ID","Последњи Цоррелатион ИД"
"Address Verification System Response","Адреса Верифицатион Систем Одговор"
"Buyer's Tax ID","Буyер'с Порез ИД"
"Buyer's Tax ID Type","Буyер'с Порез ИД Тип"
"Matched Address only (no ZIP)","Матцхед Адреса онлy (но ЗИП)"
"Matched Address only (no ZIP) International","Матцхед Адреса онлy (но ЗИП) Интернатионал"
"No Details matched","Не Детаљи матцхед"
"No Details matched. International","Не Детаљи матцхед. Интернатионал"
"Exact Match. Address and Postal Code. International","Еxацт Матцх. Адреса анд Постал Код. Интернатионал"
"Exact Match. Address and Postal Code. UK-specific","Еxацт Матцх. Адреса анд Постал Код. УК-специфиц"
"N/A. Not allowed for MOTO (Internet/Phone) transactions","Н/А. Нот аллоwед фор МОТО (Интернет/Телефон) трансацтионс"
"Matched five-digit ZIP only (no Address)","Матцхед фиве-дигит ЗИП онлy (но Адреса)"
"Matched Postal Code only (no Address)","Матцхед Постал Код онлy (но Адреса)"
"Matched whole nine-digit ZIP (no Address)","Матцхед wхоле нине-дигит ЗИП (но Адреса)"
"Yes. Matched Address and five-digit ZIP","Да. Матцхед Адреса анд фиве-дигит ЗИП"
"All the address information matched","Све тхе аддресс информатион матцхед"
"None of the address information matched","Ниједан оф тхе аддресс информатион матцхед"
"N/A. Address not checked, or acquirer had no response. Service not available","Н/А. Адреса нот цхецкед, ор ацqуирер хад но респонсе. Сервице нот аваилабле"
"No match","Не матцх"
"N/A. No response","Н/А. Не респонсе"
"Note: %1","Напомена: %1"
"IPN ""%1"". Case type ""%2"". Case ID ""%3"" %4","ИПН ""%1"". Тип случаја ""%2"". ИД случаја ""%3"" %4"
"IPN ""%1"". A dispute has been resolved and closed. %2 Transaction amount %3.","ИПН ""%1"". Спор је решен и затворен. %2 Износ трансакције %3."
"We cannot cancel this order.","Wе не може цанцел тхис ордер."
"IPN ""%1"". %2 Transaction amount %3. Transaction ID: ""%4""","ИПН ""%1"". %2 Износ трансакције %3. ИД трансакције: ""%4"""
"Unable to fetch transaction details.","Није могуће фетцх трансацтион детаилс."
"Invalid method %1::%2","Неисправан метход %1::%2"
"Transaction has been declined","Трансацтион је децлинед"
"Error processing payment. Please try again later.","Грешка процессинг паyмент. Покушајте поново латер."
"We cannot send the new order email.","Wе не може сенд тхе неw ордер емаил."
"Payment error. %value was not found.","Плаћање еррор. %валуе wас није пронађено."
"You cannot void a verification transaction.","Yоу не може воид а верифицатион трансацтион."
"We cannot create a target file for reading reports.","Wе не може цреате а таргет филе фор реадинг репортс."
"Report Date","Репорт Датум"
"Merchant Account","Мерцхант Налог"
"Invoice ID","Фактура ИД"
"PayPal Reference ID Type","ПаyПал Референце ИД Тип"
"Event Code","Евент Код"
"Finish Date","Финисх Датум"
"Preapproved Payment ID","Преаппровед Плаћање ИД"
"Subscription ID","Претплата ИД"
"ACH Funding for Funds Recovery from Account Balance","АЦХ Фундинг фор Фундс Рецоверy фром Налог Баланце"
"Account-to-Account Payment, initiated by PayPal","Налог-то-Налог Плаћање, инитиатед бy ПаyПал"
"Auction Payment other than through eBay","Ауцтион Плаћање отхер тхан тхроугх еБаy"
"Balance Manager Account Bonus","Баланце Манагер Налог Бонус"
"Buyer Credit Payment","Буyер Цредит Плаћање"
"Coupon Redemption","Купон Редемптион"
"Debit Card Cash Back","Дебит Цард Цасх Назад"
"Direct Payment API","Дирецт Плаћање АПИ"
"Express Checkout APIs","Еxпресс Наплата АПИс"
"Fee: Mass Pay Request","Фее: Масс Паy Захтев"
"Fee: Web Site Payments Pro Account Monthly","Фее: Wеб Сите Паyментс Про Налог Монтхлy"
"General (Authorization)","Опште (Аутхоризатион)"
"General (Dividend)","Опште (Дивиденд)"
"General (Funds Transfer from PayPal Account to Another)","Опште (Фундс Трансфер фром ПаyПал Налог то Анотхер)"
"General (Purchase with a credit card)","Опште (Пурцхасе wитх а цредит цард)"
"General Adjustment without businessrelated event","Опште Ађустмент wитхоут бусинессрелатед евент"
"General Currency Conversion","Опште Цурренцy Цонверсион"
"General Funding of PayPal Account ","Опште Фундинг оф ПаyПал Налог"
"General Redemption","Опште Редемптион"
"General Withdrawal from PayPal Account","Опште Wитхдраwал фром ПаyПал Налог"
"General. Product no longer supported","Опште. Производ но лонгер суппортед"
"General: Use of PayPal account for purchasing as well as receiving payments","Опште: Усе оф ПаyПал аццоунт фор пурцхасинг ас wелл ас рецеивинг паyментс"
"General: Withdrawal from PayPal Account","Опште: Wитхдраwал фром ПаyПал Налог"
"General: Withdrawal to Non-Bank Entity","Опште: Wитхдраwал то Нон-Банк Ентитy"
"General: adjustment of a type not belonging to the other T12xx categories","Опште: ађустмент оф а тyпе нот белонгинг то тхе отхер Т12xx цатегориес"
"General: bonus of a type not belonging to the other T08xx categories","Опште: бонус оф а тyпе нот белонгинг то тхе отхер Т08xx цатегориес"
"General: event not yet categorized","Опште: евент нот yет цатегоризед"
"General: non-payment fee of a type not belonging to the other T01xx categories","Опште: нон-паyмент фее оф а тyпе нот белонгинг то тхе отхер Т01xx цатегориес"
"General: received payment of a type not belonging to the other T00xx categories","Опште: рецеивед паyмент оф а тyпе нот белонгинг то тхе отхер Т00xx цатегориес"
"General: reversal of a type not belonging to the other T11xx categories","Опште: реверсал оф а тyпе нот белонгинг то тхе отхер Т11xx цатегориес"
"General: temporary hold of a type not belonging to the other T15xx categories","Опште: темпорарy холд оф а тyпе нот белонгинг то тхе отхер Т15xx цатегориес"
"Gift Certificate Payment: purchase of Gift Certificate","Гифт Цертифицате Плаћање: пурцхасе оф Гифт Цертифицате"
"Mass Pay Payment","Масс Паy Плаћање"
"Mobile Payment (made via a mobile phone)","Мобиле Плаћање (маде виа а мобиле пхоне)"
"Open Authorization","Отвори Аутхоризатион"
"Payment Refund initiated by merchant","Плаћање Повраћај инитиатед бy мерцхант"
"Postage Payment to either USPS or UPS","Постаге Плаћање то еитхер УСПС ор УПС"
"Preapproved Payment (BillUser API, either sent or received","Преаппровед Плаћање (БиллУсер АПИ, еитхер сент ор рецеивед"
"Reversal of General Account Hold","Реверсал оф Опште Налог Холд"
"Subscription Payment, either payment sent or payment received","Претплата Плаћање, еитхер паyмент сент ор паyмент рецеивед"
"Virtual Terminal Payment","Виртуал Терминал Плаћање"
"eBay Auction Payment","еБаy Ауцтион Плаћање"
"No Logo","Не Лого"
"Yes (PayPal recommends this option)","Да (ПаyПал рецоммендс тхис оптион)"
"Created billing agreement #%1.","Креиран биллинг агреемент #%1."
"An invoice cannot be created when none of authorization transactions available.","Фактура не може бити креирана без ниједне одобравајуће трансакције."
"Pending PayPal","На чекању ПаyПал"
"PayPal Canceled Reversal","ПаyПал Отказан Реверсал"
"Updated At","Ажуриран Ат"
"Not sure what PayPal payment method to use? Click ","Нот суре wхат ПаyПал паyмент метход то усе? Цлицк"
" to learn more.","то леарн море."
"Important: ",Импортант:
"Once you log into your PayPal Advanced account, navigate to the Service Settings - Hosted Checkout Pages - Set Up menu and set the options described below","Онце yоу лог инто yоур ПаyПал Адванцед аццоунт, навигате то тхе Сервице Подешавања - Хостед Наплата Странице - Сет Уп мену анд сет тхе оптионс десцрибед белоw"
"Once you log into your PayPal Payflow Link account, navigate to the Service Settings - Hosted Checkout Pages - Set Up menu and set the options described below","Онце yоу лог инто yоур ПаyПал Паyфлоw Линк аццоунт, навигате то тхе Сервице Подешавања - Хостед Наплата Странице - Сет Уп мену анд сет тхе оптионс десцрибед белоw"
"Billing Agreement # ","Биллинг Агреемент #"
"Agreement Information","Агреемент Информације"
Updated:,Ажуриран:
"Payment Method:","Начин Плаћања:"
"Ship To","Достава На"
"Back to Billing Agreements","Назад то Биллинг Агреементс"
"New Billing Agreement","Ново Биллинг Агреемент"
Create...,Креирај...
"Your billing agreement # is: ","Yоур биллинг агреемент # ис:"
"Please select a shipping method...","Молимо изаберите а схиппинг метход..."
"Update Shipping Method","Ажурирај Достава Метход"
"Edit Payment Information","Измени Плаћање Информације"
"Items in Your Shopping Cart","Итемс ин Yоур Корпа"
"Edit Shopping Cart","Измени Корпа"
"Checkout with PayPal","Наплата wитх ПаyПал"
"-- Please Select Billing Agreement--","-- Плеасе Изабери Биллинг Агреемент--"
"Continue to PayPal","Настави то ПаyПал"
"Save credit card information for future use.","Сачувај цредит цард информатион фор футуре усе."
"Sorry, something went wrong.","Извините, дошло је до грешке."
"Place Order Using Billing Agreements","Плаце Поруџбина Усинг Биллинг Агреементс"
"Payment Amount Authorization","Одобрење за количину плаћања"
"Merchant Country","Мерцхант Земља"
"If not specified, Default Country from General Config will be used","Иф нот специфиед, Подразумевано Земља фром Опште Цонфиг wилл бе усед"
"Other PayPal Payment Solutions:","Отхер ПаyПал Плаћање Солутионс:"
"Other Payment Methods:","Отхер Плаћање Метходс:"
"PayPal Express Checkout","ПаyПал Еxпресс Наплата"
"Add another payment method to your existing solution or as a stand-alone option.","Додај анотхер паyмент метход то yоур еxистинг солутион ор ас а станд-алоне оптион."
"PayPal All-in-One Payment Solutions&nbsp;<i>Accept and process credit cards and PayPal payments.</i>","ПаyПал Све-ин-Оне Плаћање Солутионс&нбсп;<и>Аццепт анд процесс цредит цардс анд ПаyПал паyментс.</и>"
"Choose a secure bundled payment solution for your business.","Изабери а сецуре бундлед паyмент солутион фор yоур бусинесс."
"Payments Pro and Express Checkout","Паyментс Про анд Еxпресс Наплата"
"Basic Settings - PayPal Payments Pro","Басиц Подешавања - ПаyПал Паyментс Про"
"PayPal Payment Gateways&nbsp;<i>Process payments using your own internet merchant account.</i>","ПаyПал Плаћање Гатеwаyс&нбсп;<и>Процесс паyментс усинг yоур оwн интернет мерцхант аццоунт.</и>"
"PayPal All-in-One Payment Solutions&nbsp;&nbsp;<i>Accept and process credit cards and PayPal payments.</i>","ПаyПал Све-ин-Оне Плаћање Солутионс&нбсп;&нбсп;<и>Аццепт анд процесс цредит цардс анд ПаyПал паyментс.</и>"
"Website Payments Pro","Веб сајт Паyментс Про"
"Express Checkout","Еxпресс Наплата"
"Add PayPal as an additional payment method to your checkout page.","Додај ПаyПал ас ан аддитионал паyмент метход то yоур цхецкоут паге."
"Required PayPal Settings","Обавезно ПаyПал Подешавања"
"Email Associated with PayPal Merchant Account (Optional)","Е-пошта Ассоциатед wитх ПаyПал Мерцхант Налог (Опционо)"
"<a href=""http://www.magentocommerce.com/paypal"">Start accepting payments via PayPal!</a>","<а хреф=""хттп://www.магентоцоммерце.цом/паyпал"">Почните да примате уплате путем ПаyПал-а!</а>"
"API Password","АПИ Лозинка"
"Enable In-Context Checkout Experience","Омогући Ин-Цонтеxт Наплата Еxпериенце"
"See PayPal Feature Support details and list of supported regions
                    <a href=""https://developer.paypal.com/docs/classic/express-checkout/in-context/"" target=""_blank"">here</a>.","Погледајте детаље подршке ПаyПал функција и листу подржаних региона
                    <а хреф=""хттпс://девелопер.паyпал.цом/доцс/цлассиц/еxпресс-цхецкоут/ин-цонтеxт/"" таргет=""_бланк"">овде</а>."
"Enable PayPal Credit","Омогући ПаyПал Цредит"
"PayPal Express Checkout lets you give customers access to financing through PayPal Credit&#174; - at no additional cost to you.
                        You get paid up front, even though customers have more time to pay. A pre-integrated payment button lets customers pay quickly with PayPal Credit&#174;.
                        <a href=""https:/www.paypal.com/webapps/mpp/promotional-financing"" target=""_blank"">Learn More</a>","ПаyПал Еxпресс Цхецкоут вам омогућава да купцима дате приступ финансирању путем ПаyПал Цредит&#174; - без додатних трошкова за вас.
                        Ви добијате уплату унапред, иако купци имају више времена да плате. Пре-интегрисано дугме за плаћање омогућава купцима да брзо плате са ПаyПал Цредит&#174;.
                        <а хреф=""хттпс:/www.паyпал.цом/wебаппс/мпп/промотионал-финанцинг"" таргет=""_бланк"">Сазнајте више</а>"
"Sort Order PayPal Credit","Сортирај Поруџбина ПаyПал Цредит"
"<a href=""https:/financing.paypal.com/ppfinportal/content/whyUseFinancing"" target=""_blank"">Why Advertise Financing?</a><br/>
                        <strong>Give your sales a boost when you advertise financing.</strong><br/>PayPal helps turn browsers into buyers with financing
                        from PayPal Credit&#174;. Your customers have more time to pay, while you get paid up front – at no additional cost to you.
                        Use PayPal’s free banner ads that let you advertise PayPal Credit&#174; financing as a payment option when your customers check out with PayPal.
                        The PayPal Advertising Program has been shown to generate additional purchases as well as increase consumer's average purchase sizes by 15%
                        or more. <a href=""https:/financing.paypal.com/ppfinportal/content/forrester"" target=""_blank"">See Details</a>.","<а хреф=""хттпс:/финанцинг.паyпал.цом/ппфинпортал/цонтент/wхyУсеФинанцинг"" таргет=""_бланк"">Зашто оглашавати финансирање?</а><бр/>
                        <стронг>Повећајте продају када оглашавате финансирање.</стронг><бр/>ПаyПал помаже да претворите посетиоце у купце са финансирањем
                        из ПаyПал Цредит&#174;. Ваши купци имају више времена да плате, док ви добијате уплату унапред – без додатних трошкова.
                        Користите ПаyПал бесплатне банер огласе који вам омогућавају да оглашавате ПаyПал Цредит&#174; финансирање као опцију плаћања када ваши купци плаћају са ПаyПал-ом.
                        Доказано је да ПаyПал програм оглашавања генерише додатне куповине и повећава просечну величину куповине за 15%
                        или више. <а хреф=""хттпс:/финанцинг.паyпал.цом/ппфинпортал/цонтент/форрестер"" таргет=""_бланк"">Погледајте детаље</а>."
"Required to display a banner","Обавезно то дисплаy а баннер"
"Home Page","Хоме Страница"
"Catalog Category Page","Каталог Категорија Страница"
"Catalog Product Page","Каталог Производ Страница"
"Checkout Cart Page","Наплата Корпа Страница"
"Basic Settings - PayPal Express Checkout","Басиц Подешавања - ПаyПал Еxпресс Наплата"
"Display on Product Details Page","Дисплаy он Производ Детаљи Страница"
"Order Valid Period (days)","Поруџбина Валид Период (даyс)"
"Specifies what the Order Valid Period is on the merchant’s PayPal account. It must mirror the setting in PayPal.","Специфиес wхат тхе Поруџбина Валид Период ис он тхе мерцхант’с ПаyПал аццоунт. Ит муст миррор тхе сеттинг ин ПаyПал."
"Payment Applicable From","Плаћање Апплицабле Фром"
"Countries Payment Applicable From","Цоунтриес Плаћање Апплицабле Фром"
"Enable SSL verification","Омогући ССЛ верифицатион"
"Transfer Cart Line Items","Трансфер Корпа Лине Итемс"
"Transfer Shipping Options","Трансфер Достава Оптионс"
"Enable PayPal Guest Checkout","Омогући ПаyПал Гуест Наплата"
"Skip Order Review Step","Скип Поруџбина Рецензија Степ"
"PayPal Billing Agreement Settings","ПаyПал Биллинг Агреемент Подешавања"
"Allow in Billing Agreement Wizard","Дозволи ин Биллинг Агреемент Wизард"
"Settlement Report Settings","Сеттлемент Репорт Подешавања"
"Custom Endpoint Hostname or IP-Address","Цустом Ендпоинт Хостнаме ор ИП-Адреса"
"By default it is ""reports.paypal.com"".","Подразумевано је ""репортс.паyпал.цом""."
"Use colon to specify port. For example: ""test.example.com:5224"".","Користите двотачку за навођење порта. На пример: ""тест.еxампле.цом:5224""."
"Enable Automatic Fetching","Омогући Аутоматиц Фетцхинг"
"Time of Day","Време оф Даy"
"Frontend Experience Settings","Фронтенд Еxпериенце Подешавања"
"PayPal Product Logo","ПаyПал Производ Лого"
"PayPal Merchant Pages Style","ПаyПал Мерцхант Странице Стyле"
"Page Style","Страница Стyле"
"Allowable values: ""paypal"", ""primary"" (default), your_custom_value (a custom payment page style from your merchant account profile).","Дозвољене вредности: ""паyпал"", ""примарy"" (подразумевано), ваша_цустом_вредност (цустом стил странице за плаћање из профила вашег трговачког налога)."
"Header Image URL","Хеадер Слика УРЛ"
"The image at the top left of the checkout page. Max size is 750x90-pixel. <strong style=""color:red"">https</strong> is highly encouraged.","Слика у горњем левом углу странице за наплату. Максимална величина је 750x90 пиксела. <стронг стyле=""цолор:ред"">хттпс</стронг> се снажно препоручује."
"Page Background Color","Страница Бацкгроунд Цолор"
"Accept payments with a PCI-compliant checkout that keeps customers on your site. (<u>Includes Express Checkout</u>)","Аццепт паyментс wитх а ПЦИ-цомплиант цхецкоут тхат кеепс цустомерс он yоур сите. (<у>Инцлудес Еxпресс Наплата</у>)"
"Payments Advanced and Express Checkout","Паyментс Адванцед анд Еxпресс Наплата"
"PayPal recommends you set up an additional User on your account at manager.paypal.com, instead of entering your admin username and password here. This will enhance your security and prevent service interruptions if you later change your password. If you do not want to set up an additional User, you can re-enter your Merchant Login here.","ПаyПал рецоммендс yоу сет уп ан аддитионал Усер он yоур аццоунт ат манагер.паyпал.цом, инстеад оф ентеринг yоур админ усернаме анд пассwорд хере. Тхис wилл енханце yоур сецуритy анд превент сервице интерруптионс иф yоу латер цханге yоур пассwорд. Иф yоу до нот wант то сет уп ан аддитионал Усер, yоу цан ре-ентер yоур Мерцхант Пријава хере."
"<a href=""https://financing.paypal.com/ppfinportal/content/whyUseFinancing"" target=""_blank"">Why Advertise Financing?</a><br/>
                                            <strong>Give your sales a boost when you advertise financing.</strong><br/>PayPal helps turn browsers into buyers with financing
                                            from PayPal Credit&#174;. Your customers have more time to pay, while you get paid up front – at no additional cost to you.
                                            Use PayPal’s free banner ads that let you advertise PayPal Credit&#174; financing as a payment option when your customers check out with PayPal.
                                            The PayPal Advertising Program has been shown to generate additional purchases as well as increase consumer's average purchase sizes by 15%
                                            or more. <a href=""https://financing.paypal.com/ppfinportal/content/forrester"" target=""_blank"">See Details</a>.","<а хреф=""хттпс://финанцинг.паyпал.цом/ппфинпортал/цонтент/wхyУсеФинанцинг"" таргет=""_бланк"">Зашто оглашавати финансирање?</а><бр/>
                                            <стронг>Повећајте продају када оглашавате финансирање.</стронг><бр/>ПаyПал помаже да претворите посетиоце у купце са финансирањем
                                            из ПаyПал Цредит&#174;. Ваши купци имају више времена да плате, док ви добијате уплату унапред – без додатних трошкова.
                                            Користите ПаyПал бесплатне банер огласе који вам омогућавају да оглашавате ПаyПал Цредит&#174; финансирање као опцију плаћања када ваши купци плаћају са ПаyПал-ом.
                                            Доказано је да ПаyПал програм оглашавања генерише додатне куповине и повећава просечну величину куповине за 15%
                                            или више. <а хреф=""хттпс://финанцинг.паyпал.цом/ппфинпортал/цонтент/форрестер"" таргет=""_бланк"">Погледајте детаље</а>."
"Basic Settings - PayPal Payments Advanced","Басиц Подешавања - ПаyПал Паyментс Адванцед"
"It is recommended to set this value to ""Debit or Credit Card"" per store views.","Препоручује се да поставите ову вредност на ""Дебитна или кредитна картица"" по приказима продавнице."
"Send Email Confirmation","Пошаљи Е-пошта Цонфирматион"
"URL method for Cancel URL and Return URL","УРЛ метход фор Откажи УРЛ анд Повраћај УРЛ"
"Connect your merchant account with a PCI-compliant gateway that lets customers pay without leaving your site. (<u>Includes Express Checkout</u>)","Цоннецт yоур мерцхант аццоунт wитх а ПЦИ-цомплиант гатеwаy тхат летс цустомерс паy wитхоут леавинг yоур сите. (<у>Инцлудес Еxпресс Наплата</у>)"
"Payflow Link and Express Checkout","Паyфлоw Линк анд Еxпресс Наплата"
"If you do not have multiple users set up on your account, please re-enter your Vendor/Merchant Login here.","Иф yоу до нот хаве мултипле усерс сет уп он yоур аццоунт, плеасе ре-ентер yоур Вендор/Мерцхант Пријава хере."
"Enable Payflow Link","Омогући Паyфлоw Линк"
"Enable Express Checkout","Омогући Еxпресс Наплата"
"Basic Settings - PayPal Payflow Link","Басиц Подешавања - ПаyПал Паyфлоw Линк"
"Website Payments Pro Hosted Solution","Веб сајт Паyментс Про Хостед Солутион"
"Accept payments with a PCI compliant checkout that keeps customers on your site. (<u>Includes Express Checkout</u>)","Аццепт паyментс wитх а ПЦИ цомплиант цхецкоут тхат кеепс цустомерс он yоур сите. (<у>Инцлудес Еxпресс Наплата</у>)"
"<a href=""https:/financing.paypal.com/ppfinportal/content/whyUseFinancing"" target=""_blank"">Why Advertise Financing?</a><br/>
                            <strong>Give your sales a boost when you advertise financing.</strong><br/>PayPal helps turn browsers into buyers with financing
                            from PayPal Credit&#174;. Your customers have more time to pay, while you get paid up front – at no additional cost to you.
                            Use PayPal’s free banner ads that let you advertise PayPal Credit&#174; financing as a payment option when your customers check out with PayPal.
                            The PayPal Advertising Program has been shown to generate additional purchases as well as increase consumer's average purchase sizes by 15%
                            or more. <a href=""https:/financing.paypal.com/ppfinportal/content/forrester"" target=""_blank"">See Details</a>.","<а хреф=""хттпс:/финанцинг.паyпал.цом/ппфинпортал/цонтент/wхyУсеФинанцинг"" таргет=""_бланк"">Зашто оглашавати финансирање?</а><бр/>
                            <стронг>Повећајте продају када оглашавате финансирање.</стронг><бр/>ПаyПал помаже да претворите посетиоце у купце са финансирањем
                            из ПаyПал Цредит&#174;. Ваши купци имају више времена да плате, док ви добијате уплату унапред – без додатних трошкова.
                            Користите ПаyПал бесплатне банер огласе који вам омогућавају да оглашавате ПаyПал Цредит&#174; финансирање као опцију плаћања када ваши купци плаћају са ПаyПал-ом.
                            Доказано је да ПаyПал програм оглашавања генерише додатне куповине и повећава просечну величину куповине за 15%
                            или више. <а хреф=""хттпс:/финанцинг.паyпал.цом/ппфинпортал/цонтент/форрестер"" таргет=""_бланк"">Погледајте детаље</а>."
"Basic Settings - PayPal Payments Pro Hosted Solution","Басиц Подешавања - ПаyПал Паyментс Про Хостед Солутион"
"Display Express Checkout in the Payment Information step","Дисплаy Еxпресс Наплата ин тхе Плаћање Информације степ"
"Website Payments Pro Hosted Solution and Express Checkout","Веб сајт Паyментс Про Хостед Солутион анд Еxпресс Наплата"
"Basic Settings - PayPal Website Payments Pro Hosted Solution","Басиц Подешавања - ПаyПал Веб сајт Паyментс Про Хостед Солутион"
"Connect your merchant account with a fully customizable gateway that lets customers pay without leaving your site. (<u>Includes Express Checkout</u>)","Цоннецт yоур мерцхант аццоунт wитх а фуллy цустомизабле гатеwаy тхат летс цустомерс паy wитхоут леавинг yоур сите. (<у>Инцлудес Еxпресс Наплата</у>)"
"Basic Settings - PayPal Payflow Pro","Басиц Подешавања - ПаyПал Паyфлоw Про"
"Credit Card Settings","Цредит Цард Подешавања"
"Supporting of American Express cards require additional agreement. Learn more at <a href=""http://www.paypal.com/amexupdate"">http://www.paypal.com/amexupdate</a>.","Подршка за Америцан Еxпресс картице захтева додатни уговор. Сазнајте више на <а хреф=""хттп://www.паyпал.цом/амеxупдате"">хттп://www.паyпал.цом/амеxупдате</а>."
"CVV and AVS Settings","ЦВВ анд АВС Подешавања"
"Reject Transaction if:","Одбиј Трансацтион иф:"
"AVS Zip Does Not Match","АВС Поштански број Доес Нот Матцх"
"Card Security Code Does Not Match","Цард Сецуритy Код Доес Нот Матцх"
"Payflow Pro and Express Checkout","Паyфлоw Про анд Еxпресс Наплата"
"<a href=""https:/financing.paypal.com/ppfinportal/content/whyUseFinancing"" target=""_blank"">Why Advertise Financing?</a><br/>
                                <strong>Give your sales a boost when you advertise financing.</strong><br/>PayPal helps turn browsers into buyers with financing
                                from PayPal Credit&#174;. Your customers have more time to pay, while you get paid up front – at no additional cost to you.
                                Use PayPal’s free banner ads that let you advertise PayPal Credit&#174; financing as a payment option when your customers check out with PayPal.
                                The PayPal Advertising Program has been shown to generate additional purchases as well as increase consumer's average purchase sizes by 15%
                                or more. <a href=""https:/financing.paypal.com/ppfinportal/content/forrester"" target=""_blank"">See Details</a>.","<а хреф=""хттпс:/финанцинг.паyпал.цом/ппфинпортал/цонтент/wхyУсеФинанцинг"" таргет=""_бланк"">Зашто оглашавати финансирање?</а><бр/>
                                <стронг>Повећајте продају када оглашавате финансирање.</стронг><бр/>ПаyПал помаже да претворите посетиоце у купце са финансирањем
                                из ПаyПал Цредит&#174;. Ваши купци имају више времена да плате, док ви добијате уплату унапред – без додатних трошкова.
                                Користите ПаyПал бесплатне банер огласе који вам омогућавају да оглашавате ПаyПал Цредит&#174; финансирање као опцију плаћања када ваши купци плаћају са ПаyПал-ом.
                                Доказано је да ПаyПал програм оглашавања генерише додатне куповине и повећава просечну величину куповине за 15%
                                или више. <а хреф=""хттпс:/финанцинг.паyпал.цом/ппфинпортал/цонтент/форрестер"" таргет=""_бланк"">Погледајте детаље</а>."
"Matched whole nine-didgit ZIP (no Address)","Матцхед wхоле нине-дидгит ЗИП (но Адреса)"
"Yes. Matched Address and five-didgit ZIP","Да. Матцхед Адреса анд фиве-дидгит ЗИП"
"Invalid method %1::%2(%3)","Неисправан метход %1::%2(%3)"
"PayPal Payment Gateways","ПаyПал Плаћање Гатеwаyс"
"PayPal Payment Solutions","ПаyПал Плаћање Солутионс"
"Email Associated with PayPal Merchant Account","Е-пошта Ассоциатед wитх ПаyПал Мерцхант Налог"
"It is recommended to set this value to ""Magento_Paypal"" per store views.","Препоручује се да поставите ову вредност на ""Магенто_Паyпал"" по приказима продавнице."
"Payments Advanced (Includes Express Checkout)","Паyментс Адванцед (Инцлудес Еxпресс Наплата)"
"Payflow Link (Includes Express Checkout)","Паyфлоw Линк (Инцлудес Еxпресс Наплата)"
"Payflow Pro (Includes Express Checkout)","Паyфлоw Про (Инцлудес Еxпресс Наплата)"
"Basic Settings - PayPal Website Payments Standard","Басиц Подешавања - ПаyПал Веб сајт Паyментс Стандард"
"Website Payments Standard","Веб сајт Паyментс Стандард"
"The payment couldn't be processed at this time. Please try again later.","Тхе паyмент цоулдн'т бе процессед ат тхис тиме. Покушајте поново латер."
"The verification transaction can't be voided. ","Тхе верифицатион трансацтион цан'т бе воидед."
"PayPal Express Checkout lets you give customers access to financing through PayPal Credit&#174; - at no additional cost to you.
                        You get paid up front, even though customers have more time to pay. A pre-integrated payment button lets customers pay quickly with PayPal Credit&#174;.
                        <a href=""https://www.paypal.com/webapps/mpp/promotional-financing"" target=""_blank"">Learn More</a>","ПаyПал Еxпресс Цхецкоут вам омогућава да купцима дате приступ финансирању путем ПаyПал Цредит&#174; - без додатних трошкова за вас.
                        Ви добијате уплату унапред, иако купци имају више времена да плате. Пре-интегрисано дугме за плаћање омогућава купцима да брзо плате са ПаyПал Цредит&#174;.
                        <а хреф=""хттпс://www.паyпал.цом/wебаппс/мпп/промотионал-финанцинг"" таргет=""_бланк"">Сазнајте више</а>"
"<a href=""https://financing.paypal.com/ppfinportal/content/whyUseFinancing"" target=""_blank"">Why Advertise Financing?</a><br/>
                        <strong>Give your sales a boost when you advertise financing.</strong><br/>PayPal helps turn browsers into buyers with financing
                        from PayPal Credit&#174;. Your customers have more time to pay, while you get paid up front – at no additional cost to you.
                        Use PayPal’s free banner ads that let you advertise PayPal Credit&#174; financing as a payment option when your customers check out with PayPal.
                        The PayPal Advertising Program has been shown to generate additional purchases as well as increase consumer's average purchase sizes by 15%
                        or more. <a href=""https://financing.paypal.com/ppfinportal/content/forrester"" target=""_blank"">See Details</a>.","<а хреф=""хттпс://финанцинг.паyпал.цом/ппфинпортал/цонтент/wхyУсеФинанцинг"" таргет=""_бланк"">Зашто оглашавати финансирање?</а><бр/>
                        <стронг>Повећајте продају када оглашавате финансирање.</стронг><бр/>ПаyПал помаже да претворите посетиоце у купце са финансирањем
                        из ПаyПал Цредит&#174;. Ваши купци имају више времена да плате, док ви добијате уплату унапред – без додатних трошкова.
                        Користите ПаyПал бесплатне банер огласе који вам омогућавају да оглашавате ПаyПал Цредит&#174; финансирање као опцију плаћања када ваши купци плаћају са ПаyПал-ом.
                        Доказано је да ПаyПал програм оглашавања генерише додатне куповине и повећава просечну величину куповине за 15%
                        или више. <а хреф=""хттпс://финанцинг.паyпал.цом/ппфинпортал/цонтент/форрестер"" таргет=""_бланк"">Погледајте детаље</а>."
"<a href=""https://financing.paypal.com/ppfinportal/content/whyUseFinancing"" target=""_blank"">Why Advertise Financing?</a><br/>
                            <strong>Give your sales a boost when you advertise financing.</strong><br/>PayPal helps turn browsers into buyers with financing
                            from PayPal Credit&#174;. Your customers have more time to pay, while you get paid up front – at no additional cost to you.
                            Use PayPal’s free banner ads that let you advertise PayPal Credit&#174; financing as a payment option when your customers check out with PayPal.
                            The PayPal Advertising Program has been shown to generate additional purchases as well as increase consumer's average purchase sizes by 15%
                            or more. <a href=""https://financing.paypal.com/ppfinportal/content/forrester"" target=""_blank"">See Details</a>.","<а хреф=""хттпс://финанцинг.паyпал.цом/ппфинпортал/цонтент/wхyУсеФинанцинг"" таргет=""_бланк"">Зашто оглашавати финансирање?</а><бр/>
                            <стронг>Повећајте продају када оглашавате финансирање.</стронг><бр/>ПаyПал помаже да претворите посетиоце у купце са финансирањем
                            из ПаyПал Цредит&#174;. Ваши купци имају више времена да плате, док ви добијате уплату унапред – без додатних трошкова.
                            Користите ПаyПал бесплатне банер огласе који вам омогућавају да оглашавате ПаyПал Цредит&#174; финансирање као опцију плаћања када ваши купци плаћају са ПаyПал-ом.
                            Доказано је да ПаyПал програм оглашавања генерише додатне куповине и повећава просечну величину куповине за 15%
                            или више. <а хреф=""хттпс://финанцинг.паyпал.цом/ппфинпортал/цонтент/форрестер"" таргет=""_бланк"">Погледајте детаље</а>."
"<a href=""https://financing.paypal.com/ppfinportal/content/whyUseFinancing"" target=""_blank"">Why Advertise Financing?</a><br/>
                                <strong>Give your sales a boost when you advertise financing.</strong><br/>PayPal helps turn browsers into buyers with financing
                                from PayPal Credit&#174;. Your customers have more time to pay, while you get paid up front – at no additional cost to you.
                                Use PayPal’s free banner ads that let you advertise PayPal Credit&#174; financing as a payment option when your customers check out with PayPal.
                                The PayPal Advertising Program has been shown to generate additional purchases as well as increase consumer's average purchase sizes by 15%
                                or more. <a href=""https://financing.paypal.com/ppfinportal/content/forrester"" target=""_blank"">See Details</a>.","<а хреф=""хттпс://финанцинг.паyпал.цом/ппфинпортал/цонтент/wхyУсеФинанцинг"" таргет=""_бланк"">Зашто оглашавати финансирање?</а><бр/>
                                <стронг>Повећајте продају када оглашавате финансирање.</стронг><бр/>ПаyПал помаже да претворите посетиоце у купце са финансирањем
                                из ПаyПал Цредит&#174;. Ваши купци имају више времена да плате, док ви добијате уплату унапред – без додатних трошкова.
                                Користите ПаyПал бесплатне банер огласе који вам омогућавају да оглашавате ПаyПал Цредит&#174; финансирање као опцију плаћања када ваши купци плаћају са ПаyПал-ом.
                                Доказано је да ПаyПал програм оглашавања генерише додатне куповине и повећава просечну величину куповине за 15%
                                или више. <а хреф=""хттпс://финанцинг.паyпал.цом/ппфинпортал/цонтент/форрестер"" таргет=""_бланк"">Погледајте детаље</а>."
"Buy Now","Купи одмах"
"PayPal Guest Checkout Credit Card Icons","ПаyПал Гуест Наплата Цредит Цард Ицонс"
"Checkout Page","Наплата Страница"
"Select Responsive to ensure the PayPal button renders correctly on mobile devices.","Изабери Респонсиве то енсуре тхе ПаyПал буттон рендерс цоррецтлy он мобиле девицес."
"Product Pages","Производ Странице"
"Cart Page","Корпа Страница"
"Mini Cart","Мини Корпа"
"Disable Funding Options","Онемогући Фундинг Оптионс"
"PayPal will automatically display each enabled funding option to eligible buyers.
                                For example, PayPal Credit is only shown to buyers in countries where PayPal Credit is
                                offered and the currency offered by the merchant is USD.","ПаyПал ће аутоматски приказати сваку омогућену опцију финансирања квалификованим купцима.
                                На пример, ПаyПал Цредит се приказује само купцима у земљама где се ПаyПал Цредит
                                нуди и валута коју нуди продавац је УСД."
"Your shopping cart has been updated with new prices.","Yоур схоппинг царт је упдатед wитх неw прицес."
"We cannot load the configuration from file %1.","Wе не може лоад тхе цонфигуратион фром филе %1."
"Method ""%1"" is not defined in ""%2""","Метод ""%1"" није дефинисан у ""%2"""
"Persistent Shopping Cart","Персистент Корпа"
"Enable Persistence","Омогући Персистенце"
"Enable ""Remember Me""","Омогући ""Запамти ме"""
"""Remember Me"" Default Value","Подразумевана вредност ""Запамти ме"""
"Clear Persistence on Sign Out","Очисти Персистенце он Ођави се"
"Persist Shopping Cart","Персист Корпа"
"Persist Wish List","Персист Wисх Листа"
"Persist Currently Compared Products","Персист Цуррентлy Цомпаред Производи"
"Persist Recently Viewed Products","Персист Рецентлy Виеwед Производи"
"Persist Customer Group Membership and Segmentation","Персист Купац Група Мемберсхип анд Сегментатион"
"Read Product Price","Реад Производ Цена"
"Edit Product Price","Измени Производ Цена"
"Edit Product Status","Измени Производ Статус"
"Default Product Price","Подразумевано Производ Цена"
"You saved the alert subscription.","Сачували сте претплату на обавештење."
"There are not enough parameters.","Нема довољно параметара."
"Alert subscription has been saved.","Алерт субсцриптион је савед."
"You deleted the alert subscription.","Обрисали сте претплату на обавештење."
"Unable to update the alert subscription.","Није могуће упдате тхе алерт субсцриптион."
"The product was not found.","Производ није пронађен."
"Invalid block type: %1","Неисправан блоцк тyпе: %1"
"Price change alert! We wanted you to know that prices have changed for these products:","Цена цханге алерт! Wе wантед yоу то кноw тхат прицес хаве цхангед фор тхесе продуцтс:"
Price:,Цена:
"Unsubscribe from all price alerts","Ођави се са свих обавештења о цени"
"Unsubscribe from all stock alerts","Ођави се са свих обавештења о залихама"
"Product alerts Cron error","Производ алертс Црон еррор"
"Product alerts cron warnings","Производ алертс црон wарнингс"
"Products price changed alert","Обавештење о промени цене производа"
"Products back in stock alert","Обавештење о производима поново на залихама"
"Allow Alert When Product Price Changes","Дозволи Алерт Wхен Производ Цена Цхангес"
"Allow Alert When Product Comes Back in Stock","Дозволи Алерт Wхен Производ Цомес Назад ин Залихе"
"Price Alert Email Template","Цена Алерт Е-пошта Темплате"
"Stock Alert Email Template","Шаблон емаила обавештења о залихама"
"Alert Email Sender","Алерт Е-пошта Сендер"
"Product Alerts Run Settings","Подешавања покретања аларма за производе"
"Notify me when the price drops","Обавести ме када цена падне"
"Notify me when this product is in stock","Обавести ме када производ буде на залихама"
"Sign up for price alert","Пријави се за обавештење о цени"
"The alert subscription couldn't update at this time. Please try again later.","Тхе алерт субсцриптион цоулдн'т упдате ат тхис тиме. Покушајте поново латер."
"Preview Image","Преглед слике"
"Get Video Information","Гет Видео Информације"
"Vimeo supported.<br />To add YouTube video, please <a href=""%1"">enter YouTube API Key</a> first.","Вимео подржан.<бр />Да бисте додали YоуТубе видео, прво <а хреф=""%1"">унесите YоуТубе АПИ кључ</а>."
"Protocol isn't allowed","Протокол није дозвољен"
"Could not get preview image information. Please check your connection and try again.","Није могао гет превиеw имаге информатион. Плеасе цхецк yоур цоннецтион анд покушајте поново."
"Add Video","Додај Видео"
"Delete video","Обриши видео"
Title:,Наслов:
"Video Error","Видео Грешка"
"Unknown video type","Непознат тип видеа"
"Invalid video url","Неисправан УРЛ видеа"
"Youtube API key is invalid","YоуТубе АПИ кључ је неисправан"
"Video cant be shown due to the following reason: ","Видео цант бе схоwн дуе то тхе фоллоwинг реасон:"
"Video not found","Видео није пронађено"
"New Video","Ново Видео"
"Edit Video","Измени Видео"
"Product Video","Видео производа"
"Show related video","Прикажи релатед видео"
"Add video","Додај видео"
"Delete image in all store views","Обриши слику у свим приказима продавница"
"The preview image information is unavailable. Check your connection and try again.","Тхе превиеw имаге информатион ис унаваилабле. Цхецк yоур цоннецтион анд покушајте поново."
"Edit Catalog Price Rules","Измени Каталог Цена Рулес"
"Edit Cart Price Rules","Измени Корпа Цена Рулес"
"Edit Automated Email Reminder Rules","Измени Аутоматед Е-пошта Реминдер Рулес"
"Quick Order","Брза поруџбина"
"The SKU is out of stock.","Шифра није на залихама."
"The file could not be uploaded because it is in the wrong format. Please select a CSV file to upload.","Тхе филе није могао бе уплоадед бецаусе ит ис ин тхе wронг формат. Молимо изаберите а ЦСВ филе то уплоад."
"Add from File","Додај фром Датотека"
"File must be in .csv format and include ""SKU"" and ""QTY"" columns","Датотека мора бити у .цсв формату и укључивати колоне ""СКУ"" и ""QТY"""
"Choose File","Изабери Датотека"
"Enter Multiple SKUs","Унесите више шифри"
"Add to List","Додај то Листа"
"Enter SKU or Product Name","Унесите шифру или назив производа"
" product(s) require(s) your attention.","продуцт(с) реqуире(с) yоур аттентион."
"Enable Quick Order","Омогући брзу поруџбину"
"Download Sample","Преузми Сампле"
"Unable to save address. Please check input data.","Није могуће саве аддресс. Плеасе цхецк инпут дата."
"Could not apply coupon code","Није могуће применити код купона"
"Coupon code is not valid","Код купона није важећи"
"Could not delete coupon code","Није могуће обрисати код купона"
"Cannot assign customer to the given cart. You don't have permission for this operation.","Не може ассигн цустомер то тхе гивен царт. Yоу дон'т хаве пермиссион фор тхис оператион."
"Product that you are trying to add is not available.","Производ тхат yоу аре трyинг то адд ис нот аваилабле."
"The address model is not defined.","Модел адресе није дефинисан."
"The address total model should be extended from
                    \Magento\Quote\Model\Quote\Address\Total\AbstractTotal.","Модел укупне адресе треба да буде проширен из
                    \Магенто\Qуоте\Модел\Qуоте\Аддресс\Тотал\АбстрацтТотал."
"Shipping & Handling (%1)","Достава & Хандлинг (%1)"
"We found an invalid item option format.","Wе фоунд ан неисправан итем оптион формат."
"Item qty declaration error","Грешка у декларацији количине артикла"
"Something went wrong during the item options declaration.","Нешто није у реду дуринг тхе итем оптионс децларатион."
"Cart %1 does not contain item %2","Корпа %1 доес нот цонтаин итем %2"
"Could not save quote","Није могуће сачувати понуду"
"Cart %1 doesn't contain item  %2","Корпа %1 доесн'т цонтаин итем  %2"
"Could not remove item from quote","Није могуће уклонити ставку из понуде"
"The qty value is required to update quote item.","Тхе qтy валуе је обавезно то упдате qуоте итем."
"Invalid customer id %1","Неисправан цустомер ид %1"
"Invalid address id %1","Неисправан аддресс ид %1"
"Invalid customer address id %1","Неисправан цустомер аддресс ид %1"
"Cannot create quote","Не може се креирати понуда"
"Cannot assign customer to the given cart. The cart belongs to different store.","Не може ассигн цустомер то тхе гивен царт. Тхе царт белонгс то дифферент сторе."
"Cannot assign customer to the given cart. The cart is not anonymous.","Не може ассигн цустомер то тхе гивен царт. Тхе царт ис нот анонyмоус."
"Cannot assign customer to the given cart. Customer already has active cart.","Не може ассигн цустомер то тхе гивен царт. Купац алреадy хас ацтиве царт."
"Invalid state change requested","Неисправан захтев за промену статуса"
"Only 1 shipping assignment can be set","Може се поставити само 1 додела доставе"
"Please select a valid payment method.","Молимо изаберите а валид паyмент метход."
"Shipping address not set.","Достава аддресс нот сет."
"Cannot set shipping method. %1","Не може сет схиппинг метход. %1"
"Cart contains virtual product(s) only. Shipping method is not applicable.","Корпа цонтаинс виртуал продуцт(с) онлy. Достава метход ис нот апплицабле."
"Minimum Order Amount Exceeded.","Минимум Поруџбина Амоунт Еxцеедед."
"Cart isn't assigned to correct store","Корпа исн'т ассигнед то цоррецт сторе"
"Something went wrong. Please try to place the order again.","Нешто није у реду. Плеасе трy то плаце тхе ордер агаин."
"Enter a valid payment method and try again.","Ентер а валид паyмент метход анд покушајте поново."
"The address failed to save. Verify the address and try again.","Тхе аддресс неуспешно саве. Верифy тхе аддресс анд покушајте поново."
"The coupon code couldn't be applied. Verify the coupon code and try again.","Тхе цоупон цоде цоулдн'т бе апплиед. Верифy тхе цоупон цоде анд покушајте поново."
"The coupon code isn't valid. Verify the code and try again.","Тхе цоупон цоде исн'т валид. Верифy тхе цоде анд покушајте поново."
"The coupon code couldn't be deleted. Verify the coupon code and try again.","Тхе цоупон цоде цоулдн'т бе делетед. Верифy тхе цоупон цоде анд покушајте поново."
"The %1 Cart doesn't contain the %2 item.","Тхе %1 Корпа доесн'т цонтаин тхе %2 итем."
"The quote couldn't be saved.","Понуда није могла бити сачувана."
"The quote can't be created.","Понуда не може бити креирана."
"The Cart includes virtual product(s) only, so a shipping address is not used.","Тхе Корпа инцлудес виртуал продуцт(с) онлy, со а схиппинг аддресс ис нот усед."
"Could not find a product with SKU ""%sku""","Није могуће пронаћи производ са СКУ ""%ску"""
"Could not add the product with SKU %sku to the shopping cart: %message","Није могао адд тхе продуцт wитх СКУ %ску то тхе схоппинг царт: %мессаге"
"Missing key ""sku"" in cart item data","Недостаје кључ ""ску"" у подацима ставке корпе"
"Missing key ""qty"" in cart item data","Недостаје кључ ""qтy"" у подацима ставке корпе"
"Could not find a cart with ID ""%masked_cart_id""","Није могуће пронаћи корпу са ИД ""%маскед_царт_ид"""
"The current user cannot perform operations on cart ""%masked_cart_id""","Тренутни корисник не може да извршава операције на корпи ""%маскед_царт_ид"""
"Could not find a cart address with ID ""%cart_address_id""","Није могуће пронаћи адресу корпе са ИД ""%царт_аддресс_ид"""
"The current user cannot use cart address with ID ""%cart_address_id""","Тренутни корисник не може да користи адресу корпе са ИД ""%царт_аддресс_ид"""
"The billing address must contain either ""customer_address_id"" or ""address"".","Адреса за наплату мора садржати или ""цустомер_аддресс_ид"" или ""аддресс""."
"The billing address cannot contain ""customer_address_id"" and ""address"" at the same time.","Адреса за наплату не може садржати ""цустомер_аддресс_ид"" и ""аддресс"" истовремено."
"Using the ""use_for_shipping"" option with multishipping is not possible.","Коришћење опције ""усе_фор_схиппинг"" са вишеструком испоруком није могуће."
"You cannot specify multiple shipping addresses.","Yоу не може специфy мултипле схиппинг аддрессес."
"The shipping address must contain either ""customer_address_id"" or ""address"".","Адреса за испоруку мора садржати или ""цустомер_аддресс_ид"" или ""аддресс""."
"The shipping address cannot contain ""customer_address_id"" and ""address"" at the same time.","Адреса за испоруку не може садржати ""цустомер_аддресс_ид"" и ""аддресс"" истовремено."
"You cannot specify multiple shipping methods.","Yоу не може специфy мултипле схиппинг метходс."
"Required parameter ""cart_address_id"" is missing.","Обавезни параметар ""царт_аддресс_ид"" недостаје."
"Required parameter ""carrier_code"" is missing.","Обавезни параметар ""царриер_цоде"" недостаје."
"Required parameter ""method_code"" is missing.","Обавезни параметар ""метход_цоде"" недостаје."
"Option type ""%1"" is not supported","Тип опције ""%1"" није подржан"
"Required parameter ""cart_id"" is missing","Обавезни параметар ""царт_ид"" недостаје"
"Required parameter ""cartItems"" is missing","Обавезни параметар ""цартИтемс"" недостаје"
"Required parameter ""coupon_code"" is missing","Обавезни параметар ""цоупон_цоде"" недостаје"
"Missing key ""product"" in cart data","Недостаје кључ ""продуцт"" у подацима корпе"
"Missing key ""type_id"" in product data","Недостаје кључ ""тyпе_ид"" у подацима производа"
"Product ""%product_type"" type is not supported","Тип производа ""%продуцт_тyпе"" није подржан"
"Required parameter ""cart_id"" is missing.","Обавезни параметар ""царт_ид"" недостаје."
"Required parameter ""cart_item_id"" is missing.","Обавезни параметар ""царт_итем_ид"" недостаје."
"Required parameter ""billing_address"" is missing","Обавезни параметар ""биллинг_аддресс"" недостаје"
"Required parameter ""payment_method"" is missing","Обавезни параметар ""паyмент_метход"" недостаје"
"Required parameter ""shipping_addresses"" is missing","Обавезни параметар ""схиппинг_аддрессес"" недостаје"
"Required parameter ""shipping_methods"" is missing","Обавезни параметар ""схиппинг_метходс"" недостаје"
"""model"" values should be specified","Вредности ""модел"" треба да буду наведене"
"Required parameter ""cart_items"" is missing.","Обавезни параметар ""царт_итемс"" недостаје."
"Required parameter ""cart_item_id"" for ""cart_items"" is missing.","Обавезни параметар ""царт_итем_ид"" за ""царт_итемс"" недостаје."
"Required parameter ""quantity"" for ""cart_items"" is missing.","Обавезни параметар ""qуантитy"" за ""царт_итемс"" недостаје."
"Could not find cart item with id: %1.","Није могао финд царт итем wитх ид: %1."
"An error occurred while logging process.","Дошло је до грешке wхиле логгинг процесс."
"Release Notification","Релеасе Обавештење"
"What’s new with Magento 2.2.4","Шта је ново у Магенто 2.2.4"
"
                        <p>Magento 2.2.4 provides powerful new tools to help reduce cart abandonment and simplify store operations:</p>
                        <br />
                        <div class=""trusted-payments-highlight"">
                        <h3>Trusted Payment Options</h3>
                        <p>Online or on the go, your shoppers can easily purchase in a familiar, trusted way with Amazon Pay.</p>
                        </div>
                        <div class=""flexible-payments-highlight"">
                        <h3>Flexible Payment Terms</h3>
                        <p>Increase sales by providing shoppers with the flexibility to pay now, later, or in installments using Klarna&#8217;s integrated payment option.</p>
                        </div>
                        <div class=""tax-automation-highlight"">
                        <h3>Sales and Use Tax Automation</h3>
                        <p>Merchants can now automatically perform instant and accurate sales tax calculations on shopping cart items with Vertex Cloud.</p>
                        </div>
                        <p>To learn more, see the <a href=""http://devdocs.magento.com/guides/v2.2/release-notes/bk-release-notes.html"" target=""_blank"">Release Notes</a> and the <a href=""http://docs.magento.com/m2/ce/user_guide/getting-started.html"" target=""_blank"">Magento User Guide</a>.</p>
                        ","
                        <п>Магенто 2.2.4 пружа моћне нове алате који помажу у смањењу напуштања корпе и поједностављују операције продавнице:</п>
                        <бр />
                        <див цласс=""трустед-паyментс-хигхлигхт"">
                        <х3>Поуздане опције плаћања</х3>
                        <п>Онлине или у покрету, ваши купци могу лако купити на познат, поуздан начин са Амазон Паy.</п>
                        </див>
                        <див цласс=""флеxибле-паyментс-хигхлигхт"">
                        <х3>Флексибилни услови плаћања</х3>
                        <п>Повећајте продају пружајући купцима флексибилност да плате сада, касније, или на рате користећи Кларна интегрисану опцију плаћања.</п>
                        </див>
                        <див цласс=""таx-аутоматион-хигхлигхт"">
                        <х3>Аутоматизација пореза на промет</х3>
                        <п>Трговци сада могу аутоматски да извршавају тренутне и тачне обрачуне пореза на промет на ставке у корпи са Вертеx Цлоуд.</п>
                        </див>
                        <п>Да сазнате више, погледајте <а хреф=""хттп://девдоцс.магенто.цом/гуидес/в2.2/релеасе-нотес/бк-релеасе-нотес.хтмл"" таргет=""_бланк"">Белешке о издању</а> анд тхе <а хреф=""хттп://доцс.магенто.цом/м2/це/усер_гуиде/геттинг-стартед.хтмл"" таргет=""_бланк"">Магенто кориснички водич</а>.</п>
                        "
"Trusted Payment Options","Трустед Плаћање Оптионс"
"<p>With <a href=""http://docs.magento.com/m2/ce/user_guide/payment/amazon-pay.html"" target=""_blank"">Amazon Pay</a>, we make it simple for the hundreds of millions of Amazon customers worldwide to easily log in and purchase from your store using information already stored their Amazon account. With easy setup in Magento 2.2.4, Amazon Pay provides your customers with a trusted and familiar checkout experience. In just a few taps, they can complete a transaction without ever leaving your site.</p>
                        <ul>
                        <li><span>Your customers use one familiar login to identify themselves and transact anywhere Amazon Pay is offered.</span></li>
                        <li><span>Checkout experience is covered by the Amazon A-to-z Guarantee at no additional cost.</span></li>
                        <li><span>Built on years of Amazon eCommerce innovation, and trusted by merchants and buyers alike.</span></li>
                        <li><span>Available across platforms and devices, in the home and on the go.</span></li>
                        </ul>
                        ","<п>Wитх <а хреф=""хттп://доцс.магенто.цом/м2/це/усер_гуиде/паyмент/амазон-паy.хтмл"" таргет=""_бланк"">Амазон Паy</а>, Чинимо једноставним за стотине милиона Амазон купаца широм света да се лако пријаве и купе из ваше продавнице користећи информације које су већ сачуване у њиховом Амазон налогу. Уз једноставно подешавање у Магенто 2.2.4, Амазон Паy пружа вашим купцима поуздано и познато искуство наплате. У само неколико додира, могу завршити трансакцију без напуштања вашег сајта.</п>
                        <ул>
                        <ли><спан>Ваши купци користе један познати логин да се идентификују и обављају трансакције било где где је Амазон Паy доступан.</спан></ли>
                        <ли><спан>Искуство наплате је покривено Амазон А-то-з гарантијом без додатних трошкова.</спан></ли>
                        <ли><спан>Изграђено на годинама Амазон еЦоммерце иновација, и поуздано од стране трговаца и купаца.</спан></ли>
                        <ли><спан>Доступно на свим платформама и уређајима, код куће и у покрету.</спан></ли>
                        </ул>
                        "
"Flexible Payment Terms","Флеxибле Плаћање Термс"
"
                        <p>With <a href=""http://docs.magento.com/m2/ce/user_guide/payment/klarna.html"" target=""_blank"">Klarna</a>, reduce purchase stress and improve your shopping experience with several retail finance and direct-payment options that are easily integrated into your existing buying journey. Shoppers can choose to pay now by online payment or direct debit, pay later by invoice, or pay in installments.</p>
                        <ul>
                        <li><span>Customers never leave your site, and enjoy a smoother shopping experience.</span></li>
                        <li><span>Easy application process with the ability to pay over time increases average order value and conversion rates.</span></li>
                        <li><span>Assumes all credit and fraud risk, and ensures you are paid for ordered goods.</span></li>
                        <li><span>Ready for all devices, and enables shoppers to use their Klarna account at any Klarna merchant with just a few clicks.</span></li>
                        <li><span>Fast and easy setup, right from the Magento Admin.</span></li>
                        </ul>
                        ","
                        <п>Wитх <а хреф=""хттп://доцс.магенто.цом/м2/це/усер_гуиде/паyмент/кларна.хтмл"" таргет=""_бланк"">Кларна</а>, смањите стрес при куповини и побољшајте искуство куповине са неколико опција финансирања и директног плаћања које се лако интегришу у ваше постојеће путовање куповине. Купци могу изабрати да плате сада онлине плаћањем или директним задужењем, плате касније путем фактуре, или плате на рате.</п>
                        <ул>
                        <ли><спан>Купци никада не напуштају ваш сајт и уживају у глаткијем искуству куповине.</спан></ли>
                        <ли><спан>Једноставан процес пријаве са могућношћу плаћања на рате повећава просечну вредност поруџбине и стопе конверзије.</спан></ли>
                        <ли><спан>Преузима сав кредитни ризик и ризик од превара и осигурава да будете плаћени за наручену робу.</спан></ли>
                        <ли><спан>Спреман за све уређаје и омогућава купцима да користе свој Кларна налог код било ког Кларна трговца са само неколико кликова.</спан></ли>
                        <ли><спан>Брзо и једноставно подешавање, директно из Магенто Админа.</спан></ли>
                        </ул>
                        "
"Sales and Use Tax Automation","Продаја анд Усе Порез Аутоматион"
"
                        <p><a href=""http://docs.magento.com/m2/ce/user_guide/tax/vertex.html"" target=""_blank"">Vertex Cloud</a> combines sophisticated software with an exceptional team of tax experts to help Magento merchants simplify the sales tax process, and comply with ever-changing tax laws. Merchants can easily access and configure Vertex Cloud from the Magento Admin to meet complex tax challenges.</p>
                        <ul>
                        <li><span>Seamless integration with award-winning support for simple-to-complex tax needs.</span></li>
                        <li><span>Automatically comply with the latest tax rules for each product and every jurisdiction.</span></li>
                        <li><span>Perform tax calculations and generate signature-ready PDF returns in one solution.</span></li>
                        <li><span>No penalty to merchants for tax estimates from abandoned carts.</span></li>
                        <li><span>Flexible deployment options fit the needs of your organization in the cloud, or on premises.</span></li>
                        </ul>
                        ","
                        <п><а хреф=""хттп://доцс.магенто.цом/м2/це/усер_гуиде/таx/вертеx.хтмл"" таргет=""_бланк"">Вертеx Цлоуд</а> комбинује софистицирани софтвер са изузетним тимом пореских стручњака како би помогао Магенто трговцима да поједноставе процес пореза на промет и ускладе се са стално променљивим пореским законима. Трговци могу лако приступити и конфигурисати Вертеx Цлоуд из Магенто Админа како би одговорили на сложене пореске изазове.</п>
                        <ул>
                        <ли><спан>Беспрекорна интеграција са награђиваном подршком за једноставне до сложених пореских потреба.</спан></ли>
                        <ли><спан>Аутоматски се ускладите са најновијим пореским правилима за сваки производ и сваку јурисдикцију.</спан></ли>
                        <ли><спан>Извршите обрачун пореза и генеришите ПДФ пријаве спремне за потпис у једном решењу.</спан></ли>
                        <ли><спан>Без казни за трговце за процене пореза из напуштених корпи.</спан></ли>
                        <ли><спан>Флексибилне опције имплементације одговарају потребама ваше организације у облаку или на сопственим серверима.</спан></ли>
                        </ул>
                        "
"
                        <p>Magento 2.2.2 offers advanced new features, including:</p>
                        <br />
                        <div class=""analytics-highlight"">
                        <h3>Advanced Reporting</h3>
                        <p>Gain valuable insights through a dynamic suite of product, order, and customer reports,
                        powered by Magento Business Intelligence.</p>
                        </div>
                        <div class=""instant-purchase-highlight"">
                        <h3>Instant Purchase</h3>
                        <p>Simplify ordering and boost conversion rates by allowing your customers to use stored
                        payment and shipping information to skip tedious checkout steps.</p>
                        </div>
                        <div class=""email-marketing-highlight"">
                        <h3>Email Marketing Automation</h3>
                        <p>Send smarter, faster email campaigns with marketing automation from dotmailer, powered by
                        your Magento store's live data.</p>
                        </div>
                        <p>Release notes and additional details can be found at
                        <a href=""http://devdocs.magento.com/"" target=""_blank"">Magento DevDocs</a>.
                        </p>
                        ","
                        <п>Магенто 2.2.2 нуди напредне нове функције, укључујући:</п>
                        <бр />
                        <див цласс=""аналyтицс-хигхлигхт"">
                        <х3>Напредно извештавање</х3>
                        <п>Добијте вредне увиде кроз динамичан скуп извештаја о производима, поруџбинама и купцима,
                        покретан од стране Магенто Бусинесс Интеллигенце.</п>
                        </див>
                        <див цласс=""инстант-пурцхасе-хигхлигхт"">
                        <х3>Тренутна куповина</х3>
                        <п>Поједноставите наручивање и повећајте стопе конверзије омогућавајући вашим купцима да користе сачуване
                        информације о плаћању и испоруци како би прескочили заморне кораке наплате.</п>
                        </див>
                        <див цласс=""емаил-маркетинг-хигхлигхт"">
                        <х3>Аутоматизација емаил маркетинга</х3>
                        <п>Шаљите паметније, брже емаил кампање са аутоматизацијом маркетинга из дотмаилер-а, покретане
                        подацима уживо ваше Магенто продавнице.</п>
                        </див>
                        <п>Белешке о издању и додатни детаљи могу се пронаћи на
                        <а хреф=""хттп://девдоцс.магенто.цом/"" таргет=""_бланк"">Магенто ДевДоцс</а>.
                        </п>
                        "
"<p>Advanced Reporting
                        provides you with a dynamic suite of reports with rich insights about the health of your
                        business.</p><br /><p>As part of the Advanced Reporting service, we may also use your customer
                        data for such purposes as benchmarking, improving our products and services, and providing you
                        with new and improved analytics.</p><br /><p>By using Magento 2.2.2, you agree to the Advanced
                        Reporting <a href=""https://magento.com/legal/terms/privacy"" target=""_blank"">Privacy Policy</a>
                        and <a href=""https://magento.com/legal/terms/cloud-terms"" target=""_blank"">Terms
                        of Service</a>. You may opt out at any time from the Stores Configuration page.</p>
                        ","<п>Напредно извештавање
                        пружа вам динамичан скуп извештаја са богатим увидима о здрављу вашег
                        пословања.</п><бр /><п>Ас парт оф тхе Напредно извештавање сервице, wе маy алсо усе yоур цустомер
                        дата фор суцх пурпосес ас бенцхмаркинг, импровинг оур продуцтс анд сервицес, анд провидинг yоу
                        wитх неw анд импровед аналyтицс.</п><бр /><п>Коришћењем Магенто 2.2.2, прихватате <а хреф=""хттпс://магенто.цом/легал/термс/привацy"" таргет=""_бланк"">Политику приватности</а>
                        анд <а хреф=""хттпс://магенто.цом/легал/термс/цлоуд-термс"" таргет=""_бланк"">Услове
                        коришћења</а>. Можете се ођавити у било ком тренутку са странице Конфигурације продавница.</п>
                        "
"
                        <p>Now you can deliver an Amazon-like experience with a new, streamlined checkout option.
                        Logged-in customers can use previously-stored payment credentials and shipping information
                        to skip steps, making the process faster and easier, especially for mobile shoppers. Key
                        features include:
                        </p>
                        <ul>
                        <li><span>Configurable “Instant Purchase” button to place orders.</span></li>
                        <li><span>Support for all payment solutions using Braintree Vault, including Braintree Credit
                        Card, Braintree PayPal, and PayPal Payflow Pro.</span></li>
                        <li><span>Shipping to the customer’s default address using the lowest cost, available shipping
                        method.</span></li>
                        <li><span>Ability for developers to customize the Instant Purchase business logic to meet
                        merchant needs.</span></li>
                        </ul>
                        ","
                        <п>Сада можете пружити Амазон-слично искуство са новом, поједностављеном опцијом наплате.
                        Пријављени купци могу користити претходно сачуване акредитиве за плаћање и информације о испоруци
                        да прескоче кораке, чинећи процес бржим и лакшим, посебно за мобилне купце. Кључне
                        карактеристике укључују:
                        </п>
                        <ул>
                        <ли><спан>Цонфигурабле “Тренутна куповина” буттон то плаце ордерс.</спан></ли>
                        <ли><спан>Подршка за сва решења плаћања која користе Браинтрее Ваулт, укључујући Браинтрее кредитну
                        картицу, Браинтрее ПаyПал и ПаyПал Паyфлоw Про.</спан></ли>
                        <ли><спан>Испорука на подразумевану адресу купца користећи најјефтинији, доступни начин
                        испоруке.</спан></ли>
                        <ли><спан>Абилитy фор девелоперс то цустомизе тхе Тренутна куповина бусинесс логиц то меет
                        мерцхант неедс.</спан></ли>
                        </ул>
                        "
"Email Marketing Automation","Е-пошта Маркетинг Аутоматион"
"
                        <p>Unlock an unparalleled level of insight and control of your eCommerce marketing with
                        dotmailer Email Marketing Automation. Included with Magento 2.2.2 for easy set-up, dotmailer
                        ensures every customer’s journey is captured, segmented, and personalized, enabling you to
                        deliver customer-centric campaigns that beat your results over and over again. Benefits include:
                        </p>
                        <ul>
                        <li><span>No obligation 14-day trial.</span></li>
                        <li><span>Automation campaigns using your live Magento store data that drive revenue,
                        including abandoned cart, abandoned browse, product replenishment, and many more.</span></li>
                        <li><span>Built-in solution for transactional emails.</span></li>
                        <li><span>Telephone support and advice from marketing experts included.</span></li>
                        </ul>
                        ","
                        <п>Унлоцк ан унпараллелед левел оф инсигхт анд цонтрол оф yоур еЦоммерце маркетинг wитх
                        дотмаилер Аутоматизација емаил маркетинга. Инцлудед wитх Магенто 2.2.2 фор еасy сет-уп, дотмаилер
                        енсурес еверy цустомер’с јоурнеy ис цаптуред, сегментед, анд персонализед, енаблинг yоу то
                        деливер цустомер-центриц цампаигнс тхат беат yоур ресултс овер анд овер агаин. Бенефитс инцлуде:
                        </п>
                        <ул>
                        <ли><спан>Пробни период од 14 дана без обавезе.</спан></ли>
                        <ли><спан>Аутоматске кампање које користе податке уживо ваше Магенто продавнице које покрећу приход,
                        укључујући напуштену корпу, напуштено прегледање, допуну производа и многе друге.</спан></ли>
                        <ли><спан>Уграђено решење за трансакционе емаилове.</спан></ли>
                        <ли><спан>Телефонска подршка и савети маркетиншких стручњака укључени.</спан></ли>
                        </ул>
                        "
"
                        <p>We’ll try to show it again the next time you sign in to Magento Admin.</p>
                        <p>To learn more about new features, see our latest Release Notes in
                        <a href=""http://devdocs.magento.com/magento-release-information.html""
                        target=""_blank"">DevDocs' Release Information</a>.
                        </p>","
                        <п>Покушаћемо поново да је прикажемо следећи пут када се пријавите у Магенто Админ.</п>
                        <п>То леарн море абоут неw феатурес, сее оур латест Белешке о издању ин
                        <а хреф=""хттп://девдоцс.магенто.цом/магенто-релеасе-информатион.хтмл""
                        таргет=""_бланк"">ДевДоцс информацијама о издању</а>.
                        </п>"
"
                        <p>We’ll try to show it again the next time you sign in to Magento Admin.</p>
                        <p>To learn more about new features, see our latest Release Notes in
                        <a href=""https://devdocs.magento.com/magento-release-information.html""
                        target=""_blank"">DevDocs' Release Information</a>.
                        </p>","
                        <п>Покушаћемо поново да је прикажемо следећи пут када се пријавите у Магенто Админ.</п>
                        <п>То леарн море абоут неw феатурес, сее оур латест Белешке о издању ин
                        <а хреф=""хттпс://девдоцс.магенто.цом/магенто-релеасе-информатион.хтмл""
                        таргет=""_бланк"">ДевДоцс информацијама о издању</а>.
                        </п>"
"Automated Email Marketing Reminder Rules","Аутоматед Е-пошта Маркетинг Реминдер Рулес"
"Are you sure you want to match this rule now?","Да ли сте сигурни желите да матцх тхис руле ноw?"
"No more than %1 customers may receive the reminder email after this action.","Не море тхан %1 цустомерс маy рецеиве тхе реминдер емаил афтер тхис ацтион."
"Run Now","Покрени сада"
"Email Reminder Rule","Правило емаил подсетника"
"Thread Active","Тхреад Активан"
Coupon,Купон
"Coupon Use Limit","Купон Усе Лимит"
"Coupon Use Per Customer","Купон Усе Пер Купац"
"Emails Sent","Емаилови послати"
"Last Sent","Последњи Сент"
"Cart Price Rule","Правило цене корпе"
"Repeat Schedule","Репеат Распоред"
"Enter the number of days until the email reminder rule is retriggered if conditions still match (Ex: Enter ""7, 14"" to trigger emails in 7 days, and then 14 days after that).","Унесите број дана док се правило подсетника емаила поново активира ако услови и даље одговарају (Нпр: Унесите ""7, 14"" да покренете емаилове за 7 дана, а затим 14 дана након тога)."
"Select Rule...","Изабери Руле..."
"Default Titles and Description","Подразумевано Титлес анд Опис"
"Rule Title for All Store Views","Руле Наслов фор Све Продавница Виеwс"
"Rule Description for All Store Views","Руле Опис фор Све Продавница Виеwс"
"Titles and Descriptions Per Store View","Титлес анд Десцриптионс Пер Продавница Преглед"
"Overrides default titles and descriptions. Note that if an email template is not specified for this store view, the respective variable values will be deleted.","Оверридес дефаулт титлес анд десцриптионс. Напомена тхат иф ан емаил темплате ис нот специфиед фор тхис сторе виеw, тхе респецтиве вариабле валуес wилл бе делетед."
"Matched Customers","Матцхед Купци"
"Please correct the reminder rule you requested.","Молимо исправите тхе реминдер руле yоу реqуестед."
"You deleted the reminder rule.","Обрисали сте правило подсетника."
"Reminder Rules","Правила подсетника"
"Email Reminders","Емаил подсетници"
"New Reminder Rule","Ново правило подсетника"
"You matched the reminder rule.","Подударили сте правило подсетника."
"Reminder rule matching error.","Грешка подударања правила подсетника."
"You saved the reminder rule.","Сачували сте правило подсетника."
"We could not save the reminder rule.","Нисмо могли сачувати правило подсетника."
"Total Amount","Укупан износ"
"Unknown quote total specified","Непознат qуоте тотал специфиед"
"Numeric Attribute","Нумериц Атрибут"
"Unknown attribute specified","Непознат аттрибуте специфиед"
"Items Subselection","Подизбор артикала"
"Coupon Code","Код купона"
"Cart Line Items","Корпа Лине Итемс"
"Item SKU %1 %2 ","Итем СКУ %1 %2"
"Items Quantity","Количина артикала"
"Total shopping cart items quantity %1 %2:","Укупно схоппинг царт итемс qуантитy %1 %2:"
"Number of wish list items %1 %2 ","Нумбер оф wисх лист итемс %1 %2"
Sharing,Дељење
"Wish List %1 shared","Wисх Листа %1 схаред"
is,је
"is not",није
"Please specify a valid number of minute.","Молимо наведите а валид нумбер оф минуте."
"Unable to save Cron expression","Није могуће сачувати Црон израз"
"<b>Important</b>: If you select ""Use Auto Generation"", this rule will no longer be used in any automated email reminder rules for abandoned carts","<б>Важно</б>: Ако изаберете ""Користи аутоматско генерисање"", ово правило више неће бити коришћено ни у једном аутоматском подсетнику емаила за напуштене корпе"
"Validate error 1","Грешка валидације 1"
"Validate error 2","Грешка валидације 2"
"To take advantage of the promotion you need to sign in at <a href=""%account_url"">%store_name</a> and apply the coupon ""%coupon_code"" in the shopping cart.","Да бисте искористили промоцију, пријавите се на <а хреф=""%аццоунт_урл"">%сторе_наме</а> и примените купон ""%цоупон_цоде"" у корпи за куповину."
"To take advantage of the promotion you need to sign in at <a href=""%account_url"">%store_name</a>","Да бисте искористили промоцију, пријавите се на <а хреф=""%аццоунт_урл"">%сторе_наме</а>"
"Automated Email Reminder Rules","Аутоматед Е-пошта Реминдер Рулес"
"Enable Reminder Emails","Омогући Реминдер Емаилс"
"Valid range: 0-59 (default 0).","Важећи опсег: 0-59 (подразумевано 0)."
"Email Send Failure Threshold","Е-пошта Пошаљи Фаилуре Тхресхолд"
"Reminder Email Sender","Пошиљалац емаила подсетника"
"The attribute specified is unknown. Verify the attribute and try again.","Тхе аттрибуте специфиед ис непознат. Верифy тхе аттрибуте анд покушајте поново."
"The valid number of minutes needs to be entered. Enter and try again.","Тхе валид нумбер оф минутес неедс то бе ентеред. Унесите и покушајте поново."
"The Cron expression was unable to be saved.","Тхе Црон еxпрессион wас није могуће бе савед."
"New Accounts","Ново Аццоунтс"
"Customers by number of orders","Купци бy нумбер оф ордерс"
"Customers by Orders Total","Купци бy Ордерс Укупно"
"Date Used","Датум Усед"
"Invalid date specified","Неисправан дате специфиед"
"Show Reviews","Прикажи Рецензије"
"Products Report","Производи Репорт"
"Products Ordered","Производи Ордеред"
"Show Report","Прикажи Репорт"
"Customers Reviews","Купци Рецензије"
"Reviews for %1","Рецензије фор %1"
"Products Reviews","Производи Рецензије"
"Products Bestsellers Report","Производи Бестселлерс Репорт"
"Order Quantity","Поруџбина Количина"
"Coupons Usage Report","Купони Усаге Репорт"
"Coupon Code","Купон Код"
"Price Rule","Цена Руле"
"Sales Subtotal","Продаја Међузбир"
"Sales Discount","Продаја Попуст"
"Sales Total","Продаја Укупно"
"Total Invoiced vs. Paid Report","Укупно Инвоицед вс. Паид Репорт"
"Total Invoiced","Укупно Инвоицед"
"Paid Invoices","Паид Фактуре"
"Unpaid Invoices","Унпаид Фактуре"
"Total Refunded Report","Укупно Рефундед Репорт"
"Total Refunded","Укупно Рефундед"
"Total Ordered Report","Укупно Ордеред Репорт"
"Sales Items","Продаја Итемс"
"Sales Tax","Продаја Порез"
"Sales Shipping","Продаја Достава"
"Total Shipped Report","Укупно Схиппед Репорт"
"Total Sales Shipping","Укупно Продаја Достава"
"Total Shipping","Укупно Достава"
"Order Taxes Report Grouped by Tax Rate","Поруџбина Таxес Репорт Гроупед бy Порез Рате"
"Tax Amount","Износ пореза"
"Applied Coupon","Апплиед Купон"
"Products in carts","Производи ин цартс"
"Wish List Purchase","Wисх Листа Пурцхасе"
"Wish List vs. Regular Order","Wисх Листа вс. Регулар Поруџбина"
"Times Deleted","Тимес Обрисан"
"Index type is not valid","Индекс тyпе ис нот валид"
"Last updated: %1. To refresh last day's <a href=""%2"">statistics</a>, click <a href=""%3"">here</a>.","Последње ажурирање: %1. Да освежите <а хреф=""%2"">статистику</а> последњег дана, кликните <а хреф=""%3"">овде</а>."
"New Accounts Report","Ново Аццоунтс Репорт"
"Customers by Number of Orders","Купци бy Нумбер оф Ордерс"
"Order Count Report","Поруџбина Цоунт Репорт"
"Order Total Report","Поруџбина Укупно Репорт"
"Low Stock","Лоw Залихе"
"Low Stock Report","Лоw Залихе Репорт"
"Ordered Products Report","Ордеред Производи Репорт"
"Products Most Viewed Report","Производи Мост Виеwед Репорт"
"Product Views Report","Производ Виеwс Репорт"
"An error occurred while showing the product views report. Please review the log and try again.","Дошло је до грешке wхиле схоwинг тхе продуцт виеwс репорт. Плеасе ревиеw тхе лог анд покушајте поново."
Review,Рецензија
Reviews,Рецензије
"Customers Report","Купци Репорт"
"Customer Reviews Report","Купац Рецензије Репорт"
"Product Reviews Report","Производ Рецензије Репорт"
"Product Reviews","Производ Рецензије"
Coupons,Купони
"Coupons Report","Купони Репорт"
"Invoice Report","Фактура Репорт"
"Sales Report","Продаја Репорт"
"Shipping Report","Достава Репорт"
"Tax Report","Порез Репорт"
"Customer Shopping Carts","Купац Схоппинг Цартс"
"Products in Carts","Производи ин Цартс"
"No report code is specified.","Не репорт цоде ис специфиед."
"Recent statistics have been updated.","Рецент статистицс су упдатед."
"The product type filter specified is incorrect.","Тхе продуцт тyпе филтер специфиед ис нетачан."
"Order Taxes Report Grouped by Tax Rates","Поруџбина Таxес Репорт Гроупед бy Порез Ратес"
"Total Invoiced VS Paid Report","Укупно Инвоицед ВС Паид Репорт"
"Promotion Coupons Usage Report","Промотион Купони Усаге Репорт"
"Most Viewed Products Report","Мост Виеwед Производи Репорт"
"Show By","Прикажи Бy"
"Select Date","Изабери Датум"
"Customers that have Wish List: %1","Купци тхат хаве Wисх Листа: %1"
"Number of items bought from a Wish List: %1","Нумбер оф итемс боугхт фром а Wисх Листа: %1"
"Number of times Wish Lists have been shared (emailed): %1","Нумбер оф тимес Wисх Листс су схаред (емаилед): %1"
"Number of Wish List referrals: %1","Нумбер оф Wисх Листа реферралс: %1"
"Number of Wish List conversions: %1","Нумбер оф Wисх Листа цонверсионс: %1"
"Show Report For:","Прикажи Репорт Фор:"
"Products in Cart","Производи ин Корпа"
"Abandoned Cart","Абандонед Корпа"
"Search Terms","Појмови за претрагу"
"By Customers","Бy Купци"
"By Products","Бy Производи"
"Order Count","Поруџбина Цоунт"
"Show for Current","Прикажи фор Цуррент"
"Default Recently Viewed Products Count","Подразумевано Рецентлy Виеwед Производи Цоунт"
"Default Recently Compared Products Count","Подразумевано Рецентлy Цомпаред Производи Цоунт"
"Year-To-Date Starts","Yеар-То-Датум Стартс"
"Select day of the month.","Изабери даy оф тхе монтх."
"Stock Quantity","Залихе Количина"
"Ordered Quantity","Ордеред Количина"
"Average (Approved)","Авераге (Одобрен)"
"Last Review","Последњи Рецензија"
"Order Created","Поруџбина Креиран"
"Order Updated","Поруџбина Ажуриран"
"The Order Updated report is created in real time and does not require a refresh.","Тхе Поруџбина Ажуриран репорт ис цреатед ин реал тиме анд доес нот реqуире а рефресх."
"Last Invoice Created Date","Последњи Фактура Креиран Датум"
"Last Credit Memo Created Date","Последњи Кредитно одобрење Креиран Датум"
"First Invoice Created Date","Први Фактура Креиран Датум"
"Are you sure you want to refresh lifetime statistics right now? This operation may slow down your customers' shopping experience.","Да ли сте сигурни желите да рефресх лифетиме статистицс ригхт ноw? Тхис оператион маy слоw доwн yоур цустомерс' схоппинг еxпериенце."
"Refresh Statistics for the Last Day","Рефресх Статистицс фор тхе Последњи Даy"
"Are you sure you want to refresh statistics for the last day?","Да ли сте сигурни желите да рефресх статистицс фор тхе ласт даy?"
"Viewed Products Images and Names Template","Виеwед Производи Имагес анд Намес Темплате"
"Viewed Products Names Only Template","Виеwед Производи Намес Онлy Темплате"
"Viewed Products Images Only Template","Виеwед Производи Имагес Онлy Темплате"
"List of Products Recently Compared and Removed from the Compare List by Visitor","Листа оф Производи Рецентлy Цомпаред анд Ремовед фром тхе Цомпаре Листа бy Виситор"
"Compared Products Images and Names Template","Цомпаред Производи Имагес анд Намес Темплате"
"Compared Product Names Only Template","Цомпаред Производ Намес Онлy Темплате"
"Compared Product Images Only Template","Цомпаред Производ Имагес Онлy Темплате"
"System configuration is not found for report event type ""%1""","Конфигурација система није пронађена за тип догађаја извештаја ""%1"""
"Enable Reports","Омогући Извештаји"
"Enable ""Product View"" Report","Омогући извештај ""Преглед производа"""
"Enable ""Send Product Link To Friend"" Report","Омогући извештај ""Пошаљи линк производа пријатељу"""
"Enable ""Add Product To Compare List"" Report","Омогући извештај ""Додај производ у листу за поређење"""
"If enabled, will collect statistic of products added to Compare List","Иф енаблед, wилл цоллецт статистиц оф продуцтс аддед то Цомпаре Листа"
"Enable ""Product Added To Cart"" Report","Омогући извештај ""Производ додат у корпу"""
"If enabled, will collect statistic of products added to Cart","Иф енаблед, wилл цоллецт статистиц оф продуцтс аддед то Корпа"
"Enable ""Product Added To WishList"" Report","Омогући извештај ""Производ додат у листу жеља"""
"Enable ""Share WishList"" Report","Омогући извештај ""Подели листу жеља"""
"Last updated: %1. To refresh last day's <a href=""%2"">statistics</a>, click <a href=""#2"" data-post=""%3"">here</a>.","Последње ажурирање: %1. Да освежите <а хреф=""%2"">статистику</а> последњег дана, кликните <а хреф=""#2"" дата-пост=""%3"">овде</а>."
"We can't add the item to the Requisition List right now: %1.","Wе цан'т адд тхе итем то тхе Реqуиситион Листа ригхт ноw: %1."
"%1 item(s) were added to the ""%2""","%1 ставка(е) су додате у ""%2"""
"Requisition List","Реqуиситион Листа"
"Invalid item option format.","Неисправан итем оптион формат."
"Could not save Requisition List","Није могао саве Реqуиситион Листа"
"Cannot delete Requisition List with id %1","Не може делете Реqуиситион Листа wитх ид %1"
"Cannot specify product.","Не може специфy продуцт."
"%1 has been updated in your requisition list.","%1 је упдатед ин yоур реqуиситион лист."
"Product %1 has been added to the requisition list %2.","Производ %1 је аддед то тхе реqуиситион лист %2."
"Could not save Requisition List. Maximum number of requisition lists was exceeded.","Није могао саве Реqуиситион Листа. Маxимум нумбер оф реqуиситион листс wас еxцеедед."
"Warning message.","Упозорење мессаге."
"No such entity","Не суцх ентитy"
"Could not save","Није могао саве"
"Add to Requisition List","Додај то Реqуиситион Листа"
"Update Requisition List","Ажурирај Реqуиситион Листа"
"Create Requisition List","Креирај Реqуиситион Листа"
"Create New Requisition List","Креирај Ново Реqуиситион Листа"
"Rename Requisition List","Ренаме Реqуиситион Листа"
"Update List","Ажурирај Листа"
"Delete Requisition List","Обриши Реqуиситион Листа"
"Edit item","Измени итем"
"Copy Selected","Копирај Селецтед"
Copy,Копирај
"Move Selected","Премести Селецтед"
"Remove Selected","Уклони Селецтед"
"Requisition List Name","Реqуиситион Листа Назив"
"This action cannot be performed because the selected product(s) require attention. You must resolve these issues before you can continue.","Тхис ацтион не може бе перформед бецаусе тхе селецтед продуцт(с) реqуире аттентион. Yоу муст ресолве тхесе иссуес бефоре yоу цан цонтинуе."
"Please Select Product","Плеасе Изабери Производ"
"Please select at least one product to proceed.","Молимо изаберите ат леаст оне продуцт то процеед."
"B2B Requisition List","Б2Б Реqуиситион Листа"
"Enable Requisition List","Омогући Реqуиситион Листа"
"Name & Description","Назив & Опис"
"Save Review","Сачувај Рецензија"
"New Review","Ново Рецензија"
"Review Details","Рецензија Детаљи"
"Product Rating","Производ Оцена"
"Summary of Review","Сажетак оф Рецензија"
"Save and Previous","Сачувај анд Претходни"
"Save and Next","Сачувај анд Следећи"
"Delete Review","Обриши Рецензија"
"Edit Review '%1'","Измени Рецензија '%1'"
"Summary Rating","Сажетак Оцена"
"Detailed Rating","Детаилед Оцена"
"Update Status","Ажурирај Статус"
"Pending Reviews of Customer `%1`","На чекању Рецензије оф Купац `%1`"
"Pending Reviews","На чекању Рецензије"
"All Reviews of Customer `%1`","Све Рецензије оф Купац `%1`"
"All Reviews of Product `%1`","Све Рецензије оф Производ `%1`"
"All Reviews","Све Рецензије"
"Product Store Name","Производ Продавница Назив"
"Manage Ratings","Манаге Оцене"
"Add New Rating","Додај Ново Оцена"
"Save Rating","Сачувај Оцена"
"Delete Rating","Обриши Оцена"
"Edit Rating #%1","Измени Оцена #%1"
"New Rating","Ново Оцена"
"Rating Title","Оцена Наслов"
"Rating Visibility","Оцена Висибилитy"
"Is Active","Ис Активан"
"Rating Information","Оцена Информације"
"Pending product review(s)","На чекању продуцт ревиеw(с)"
"Product: <a href=""%1"" target=""_blank"">%2</a> <br/>","Производ: <а хреф=""%1"" таргет=""_бланк"">%2</а> <бр/>"
"Summary of review: %1 <br/>","Сажетак оф ревиеw: %1 <бр/>"
"Review: %1 <br/>","Рецензија: %1 <бр/>"
"Store: %1 <br/>","Продавница: %1 <бр/>"
"Click <a href=""%1"">here</a> to see the review.","Кликните <а хреф=""%1"">овде</а> да видите рецензију."
"Product: ""%1"" reviewed by: %2","Производ: ""%1"" је рецензирао: %2"
"Pending Reviews RSS","На чекању Рецензије РСС"
"Reviews %1","Рецензије %1"
"The review has been deleted.","Тхе ревиеw је делетед."
"Something went wrong  deleting this review.","Нешто није у реду  делетинг тхис ревиеw."
"Customer Reviews","Купац Рецензије"
"Edit Review","Измени Рецензија"
"Please select review(s).","Молимо изаберите ревиеw(с)."
"Something went wrong while deleting these records.","Нешто није у реду wхиле делетинг тхесе рецордс."
"Something went wrong while updating these review(s).","Нешто није у реду wхиле упдатинг тхесе ревиеw(с)."
"Something went wrong while saving this review.","Нешто није у реду wхиле савинг тхис ревиеw."
"The review was removed by another user or does not exist.","Тхе ревиеw wас ремовед бy анотхер усер ор не постоји."
Ratings,Оцене
"My Product Reviews","Мy Производ Рецензије"
"Cannot initialize product","Не може инитиализе продуцт"
"Storage key was not set","Стораге кеy није сет"
Approved,Одобрен
"Not Approved","Нот Одобрен"
"Please enter a review summary.","Молимо унесите а ревиеw суммарy."
"Please enter a nickname.","Молимо унесите а ницкнаме."
"Please enter a review.","Молимо унесите а ревиеw."
"Rating isn't Available","Оцена исн'т Аваилабле"
"Please specify a rating title for a store, or we'll just use the default value.","Молимо наведите а ратинг титле фор а сторе, ор wе'лл јуст усе тхе дефаулт валуе."
"Option Title:","Опција Наслов:"
Rating,Оцена
"My Recent Reviews","Мy Рецент Рецензије"
"View All","Прикажи све"
"Average Customer Rating:","Авераге Купац Оцена:"
"Your Review","Yоур Рецензија"
"Back to My Reviews","Назад то Мy Рецензије"
"Ratings Review Summary","Оцене Рецензија Сажетак"
"Be the first to review this product","Оцените овај производ"
"Write Your Own Review","Wрите Yоур Оwн Рецензија"
"Your Rating","Yоур Оцена"
"Submit Review","Пошаљи Рецензија"
"Only registered users can write reviews. Please <a href=""%1"">Sign in</a> or <a href=""%2"">create an account</a>","Само регистровани корисници могу писати рецензије. Молимо <а хреф=""%1"">пријавите се</а> или <а хреф=""%2"">направите налог</а>"
"Add Your Review","Додај Yоур Рецензија"
"%1 Review(s)","%1 Рецензија(с)"
"Review by","Преглед од стране"
"Back to Main Product Info","Назад то Маин Производ Информација"
"Average Customer Rating","Авераге Купац Оцена"
"Product Rating:","Производ Оцена:"
"Product Review (submitted on %1):","Производ Рецензија (субмиттед он %1):"
"Back to Product Reviews","Назад то Производ Рецензије"
"Please select one of each of the ratings above.","Молимо изаберите оне оф еацх оф тхе ратингс абове."
"Allow Guests to Write Reviews","Дозволи Гуестс то Wрите Рецензије"
"Only registered users can write reviews. Please, <a href=""%1"">Sign in</a> or <a href=""%2"">create an account</a>","Само регистровани корисници могу писати рецензије. Молимо, <а хреф=""%1"">пријавите се</а> или <а хреф=""%2"">направите налог</а>"
"The storage key wasn't set. Add the storage key and try again.","Тхе стораге кеy wасн'т сет. Додај тхе стораге кеy анд покушајте поново."
"Reward Points History","Наградни поени Хисторy"
"No Data","Не Дата"
"Reward Points Threshold","Наградни поени Тхресхолд"
"Reward Points Cap","Наградни поени Цап"
"Delete Orphan Points","Обриши Орпхан Поинтс"
"Update Reward Points Balance","Ажурирај Наградни поени Баланце"
"Update Points","Ажурирај Поинтс"
"Reward Points Notifications","Наградни поени Обавештења"
"Subscribe for Balance Updates","Пријави се фор Баланце Упдатес"
"Subscribe for Points Expiration Notifications","Пријави се фор Поинтс Еxпиратион Обавештења"
"Add New Rate","Додај Ново Рате"
"Edit Reward Exchange Rate","Измени Реwард Еxцханге Рате"
"New Reward Exchange Rate","Ново Реwард Еxцханге Рате"
"Reward Exchange Rate Information","Реwард Еxцханге Рате Информације"
"Please enter all rate information.","Молимо унесите алл рате информатион."
"Please enter a positive integer number in the left rate field.","Молимо унесите а поситиве интегер нумбер ин тхе лефт рате фиелд."
"Please enter a positive number in the right-side rate field.","Молимо унесите а поситиве нумбер ин тхе ригхт-сиде рате фиелд."
"Please enter a positive integer number in the right-side rate field.","Молимо унесите а поситиве интегер нумбер ин тхе ригхт-сиде рате фиелд."
"Please enter a positive number in the left-side rate field.","Молимо унесите а поситиве нумбер ин тхе лефт-сиде рате фиелд."
"You can't unsubscribed right now.","Не можете унсубсцрибед ригхт ноw."
"Updated by moderator","Ажуриран бy модератор"
"All Customer Groups","Све Групе Купаца"
First,Први
"""Minimum Reward Points Balance"" should be either a positive number or left empty.","""Минимално стање наградних поена"" треба да буде позитиван број или остављено празно."
"""Cap Reward Points Balance"" should be either a positive number or left empty.","""Максимално стање наградних поена"" треба да буде позитиван број или остављено празно."
"""Minimum Reward Points Balance"" should be less or equal to ""Cap Reward Points Balance"".","""Минимално стање наградних поена"" треба да буде мање или једнако ""Максималном стању наградних поена""."
"Customer earned promotion extra %1.","Купац еарнед промотион еxтра %1."
"Reward Points Balance","Наградни поени Баланце"
"Refund Reward Points","Повраћај Наградни поени"
"Reward Points refunded to customer","Наградни поени рефундед то цустомер"
"Reward points balance Information","Реwард поинтс баланце Информације"
"Email Notification Settings","Е-пошта Обавештење Подешавања"
"Save Subscription Settings","Сачувај Претплата Подешавања"
"Reward Points Balance Updated at %store_name","Наградни поени Баланце Ажуриран ат %сторе_наме"
"<a href=""%unsubscription_url"">Unsubscribe</a> from these notifications.","<а хреф=""%унсубсцриптион_урл"">Ођавите се</а> са ових обавештења."
"Reward Points Expiry Warning at %store_name","Наградни поени Еxпирy Упозорење ат %сторе_наме"
"Your reward point was successfully applied","Yоур реwард поинт wас успешно апплиед"
"Manage Reward Points Balances","Манаге Наградни поени Баланцес"
"Can Spend Reward Points","Цан Спенд Наградни поени"
"Enable Reward Points Functionality","Омогући Наградни поени Фунцтионалитy"
"Enable Reward Points Functionality on Storefront","Омогући Наградни поени Фунцтионалитy он Сторефронт"
"Customers May See Reward Points History","Купци Маy Сее Наградни поени Хисторy"
"Cap Reward Points Balance At","Цап Наградни поени Баланце Ат"
"Reward Points Expire in (days)","Наградни поени Еxпире ин (даyс)"
"Reward Points Expiry Calculation","Наградни поени Еxпирy Цалцулатион"
"""Static"" defines the expiration date as precisely when the balance increases. ""Dynamic"" does not have an expiration date, but calculates one when the balance is checked for expiry.","""Статички"" дефинише датум истека тачно када се стање повећава. ""Динамички"" нема датум истека, већ га израчунава када се стање провери за истек."
"Refund Reward Points Automatically","Повраћај Наградни поени Аутоматицаллy"
"Deduct Reward Points from Refund Amount Automatically","Дедуцт Наградни поени фром Повраћај Амоунт Аутоматицаллy"
"Actions for Acquiring Reward Points by Customers","Акције фор Ацqуиринг Наградни поени бy Купци"
"Newsletter Signup","Билтен Сигнуп"
"Converting Invitation to Customer","Цонвертинг Позивница то Купац"
"Invitation to Customer Conversions Quantity Limit","Позивница то Купац Цонверсионс Количина Лимит"
"Converting Invitation to Order","Цонвертинг Позивница то Поруџбина"
"Invitation to Order Conversions Quantity Limit","Позивница то Поруџбина Цонверсионс Количина Лимит"
"Invitation Conversion to Order Reward","Позивница Цонверсион то Поруџбина Реwард"
"Review Submission","Рецензија Субмиссион"
"Rewarded Reviews Submission Quantity Limit","Реwардед Рецензије Субмиссион Количина Лимит"
"Subscribe Customers by Default","Пријави се Купци бy Подразумевано"
"Balance Update Email","Баланце Ажурирај Е-пошта"
"Reward Points Expiry Warning Email","Наградни поени Еxпирy Упозорење Е-пошта"
"Expiry Warning Before (days)","Еxпирy Упозорење Бефоре (даyс)"
"Reward Points Rates","Наградни поени Ратес"
"Add Reward Points","Додај Наградни поени"
"Create an account on our site now and earn %1.","Креирај ан аццоунт он оур сите ноw анд еарн %1."
"Subscribe to our newsletter now and earn %1.","Пријави се то оур неwслеттер ноw анд еарн %1."
"Send this invitation now and earn %s when your invitee signs up on our site.","Пошаљи тхис инвитатион ноw анд еарн %с wхен yоур инвитее сигнс уп он оур сите."
"Submit a review now and earn %1 after the review is approved.","Пошаљи а ревиеw ноw анд еарн %1 афтер тхе ревиеw ис аппровед."
"Send this invitation now and earn %1 when your invitee signs up on our site.","Пошаљи тхис инвитатион ноw анд еарн %1 wхен yоур инвитее сигнс уп он оур сите."
"The ""Minimum Reward Points Balance"" is invalid. The balance needs to be a positive number or left empty. Verify and try again.","""Минимално стање наградних поена"" је неважеће. Стање мора бити позитиван број или остављено празно. Проверите и покушајте поново."
"The ""Cap Reward Points Balance"" is invalid. The balance needs to be a positive number or left empty. Verify and try again.","""Максимално стање наградних поена"" је неважеће. Стање мора бити позитиван број или остављено празно. Проверите и покушајте поново."
"The ""Minimum Reward Points Balance"" is invalid. The balance needs to be less than or equal to the ""Cap Reward Points Balance"".","""Минимално стање наградних поена"" је неважеће. Стање мора бити мање или једнако ""Максималном стању наградних поена""."
Return,Повраћај
Returns,Повраћаји
"Create Returns","Креирај Повраћаји"
"Select Items","Изабери Итемс"
"New Return Request","Ново Повраћај Захтев"
"Create New RMA for %1 in %2","Креирај Ново РМА фор %1 ин %2"
"Create New RMA for %1","Креирај Ново РМА фор %1"
"Create New RMA","Креирај Ново РМА"
"Please Select Order","Плеасе Изабери Поруџбина"
"Grand Total (Base)","Гранд Укупно (Басе)"
"Grand Total (Purchased)","Гранд Укупно (Пурцхасед)"
"Are you sure you want to close this returns request?","Да ли сте сигурни желите да цлосе тхис ретурнс реqуест?"
"Return #%1 - %2","Повраћај #%1 - %2"
"RMA Item Details","РМА Итем Детаљи"
"Submit Comment","Пошаљи Цоммент"
"Custom Value","Прилагођене вредности"
"Print Shipping Label","Штампај Достава Лабел"
"Show Packages","Прикажи Пацкагес"
"Return Items","Повраћај Итемс"
"Return Reason","Повраћај Реасон"
Split,Раздвоји
"Return Information","Повраћај Информације"
"You have chosen to change status(es) of the selected RMA requests to Close. Are you sure you want to continue?","Yоу хаве цхосен то цханге статус(ес) оф тхе селецтед РМА реqуестс то Затвори. Да ли сте сигурни желите да цонтинуе?"
"Return Item Attribute","Повраћај Итем Атрибут"
"Edit Return Item Attribute ""%1""","Измена атрибута ставке повраћаја ""%1"""
"New Return Item Attribute","Ново Повраћај Итем Атрибут"
"Submit Returns","Пошаљи Повраћаји"
"Add Selected Product(s) to returns","Додај Селецтед Производ(с) то ретурнс"
"Remaining Qty","Ремаининг Кол"
"Requested Qty","Реqуестед Кол"
"Reason to Return","Реасон то Повраћај"
"Add Details","Додај Детаљи"
"Invalid RMA","Неисправан РМА"
"Please enter a valid message.","Молимо унесите а валид мессаге."
"We cannot add the RMA history.","Wе не може адд тхе РМА хисторy."
"Invalid order","Неисправан ордер"
"Please specify a carrier.","Наведите оператера."
"Please enter a tracking number.","Молимо унесите Унесите број за прац́ење."
"We cannot initialize an RMA to add a tracking number.","Wе не може инитиализе ан РМА то адд а трацкинг нумбер."
"New Return","Ново Повраћај"
"%1 RMA(s) cannot be closed","%1 РМА(с) не може бе цлосед"
"We cannot close the RMA request(s).","Wе не може цлосе тхе РМА реqуест(с)."
"%1 RMA (s) have been closed.","%1 РМА (с) су цлосед."
"Edit Return Item Attribute","Измени Повраћај Итем Атрибут"
"Returns Attributes","Повраћаји Аттрибутес"
"New Return Attribute","Ново Повраћај Атрибут"
"Something went wrong while saving the RMA item attribute.","Нешто није у реду wхиле савинг тхе РМА итем аттрибуте."
"We cannot display the item attributes.","Wе не може дисплаy тхе итем аттрибутес."
"Something went wrong creating a shipping label.","Нешто није у реду цреатинг а схиппинг лабел."
"Products should be added to package(s)","Производи схоулд бе аддед то пацкаге(с)"
"Please enter a valid value.","Молимо унесите а валид валуе."
"We cannot display the available shipping methods.","Wе не може дисплаy тхе аваилабле схиппинг метходс."
"We cannot initialize an RMA to delete a tracking number.","Wе не може инитиализе ан РМА то делете а трацкинг нумбер."
"No items for bundle product","Не итемс фор бундле продуцт"
"Shipping Labels are not allowed.","Достава Лабелс аре нот аллоwед."
"Please select a valid carrier.","Молимо изаберите а валид царриер."
"Please enter a valid tracking number.","Молимо унесите а валид трацкинг нумбер."
"You submitted Return #%1.","Yоу субмиттед Повраћај #%1."
"We can't create a return right now. Please try again later.","Wе цан'т цреате а ретурн ригхт ноw. Покушајте поново латер."
"Create New Return","Креирај Ново Повраћај"
"Return #%1","Повраћај #%1"
"Cannot add message.","Не може адд мессаге."
"My Returns","Мy Повраћаји"
"Tracking Information","Трацкинг Информације"
"Page not found","Страница није пронађено"
"Contact Email Address","Цонтацт Е-пошта Адреса"
"Could not save the RMA comment.","Није могао саве тхе РМА цоммент."
"Could not delete the RMA comment.","Није могао делете тхе РМА цоммент."
"Return # ","Повраћај #"
"Return Date: ","Повраћај Датум:"
"Order # ","Поруџбина #"
"Ordered: ",Ордеред:
"Shipping Address:","Адреса за испоруку:"
"Return Address:","Повраћај Адреса:"
"Authorized Qty","Аутхоризед Кол"
"Returned Qty","Ретурнед Кол"
"Approved Qty","Одобрен Кол"
"%1 for item %2 cannot be empty.","%1 фор итем %2 не може бе емптy."
"You cannot return %1.","Yоу не може ретурн %1."
"You entered an invalid type: ""%1"".","Унели сте неважећи тип: ""%1""."
"You entered an invalid email address: ""%1"".","Унели сте неважећу емаил адресу: ""%1""."
"You entered an invalid hostname: ""%1""","Унели сте неважећи хостнаме: ""%1"""
"""%1"" is longer than allowed.","""%1"" је дуже од дозвољеног."
"Unknown service","Непознат сервице"
"We can't save this RMA. No items were specified.","Wе цан'т саве тхис РМА. Не итемс wере специфиед."
"Return Received","Повраћај Рецеивед"
"Return Partially Received","Повраћај Партиаллy Рецеивед"
"Partially Approved","Партиаллy Одобрен"
Rejected,Одбијен
"Partially Rejected","Партиаллy Одбијен"
"Processed and Closed","Процессед анд Затворен"
"We placed your Return request.","Wе плацед yоур Повраћај реqуест."
"We authorized your Return request.","Wе аутхоризед yоур Повраћај реqуест."
"We partially authorized your Return request.","Wе партиаллy аутхоризед yоур Повраћај реqуест."
"We received your Return request.","Wе рецеивед yоур Повраћај реqуест."
"We partially received your Return request.","Wе партиаллy рецеивед yоур Повраћај реqуест."
"We partially approved your Return request.","Wе партиаллy аппровед yоур Повраћај реqуест."
"We partially rejected your Return request.","Wе партиаллy рејецтед yоур Повраћај реqуест."
"We closed your Return request.","Wе цлосед yоур Повраћај реqуест."
"We processed and closed your Return request.","Wе процессед анд цлосед yоур Повраћај реqуест."
"ID cannot be an empty","ИД не може бе ан емптy"
"Requested entity doesn't exist","Реqуестед ентитy не постоји"
"Could not save the RMA entity.","Није могао саве тхе РМА ентитy."
"Could not delete the RMA entity.","Није могао делете тхе РМА ентитy."
"Please enter a valid comment.","Молимо унесите а валид цоммент."
"No such entity with %1 = %2, %3 = %4","Не суцх ентитy wитх %1 = %2, %3 = %4"
"Invalid carrier: %1","Неисправан царриер: %1"
"No detail for number ""%1""","Нема детаља за број ""%1"""
"Shipment does not exists.","Пошиљка не постојис."
"Could not save the RMA tracking.","Није могао саве тхе РМА трацкинг."
"Could not delete the RMA tracking.","Није могао делете тхе РМА трацкинг."
"No detail for number ""' . . '""","Нема детаља за број ""' . . '"""
"All Items","Све Итемс"
"Account &amp; Shipping Information","Налог &амп; Достава Информације"
"Request Details","Захтев Детаљи"
"Customer Name","Купац Назив"
"Comment Text","Текст коментара"
"Customer Service","Кориснички сервис"
"Return Address","Повраћај Адреса"
"Order Shipping Address","Поруџбина Достава Адреса"
"Delete Line","Обриши Лине"
"Customs Value","Цустомс Вредност"
"Qty Ordered","Наручена количина"
"No authorized items or allowed shipping methods","Не аутхоризед итемс ор аллоwед схиппинг метходс"
"Create Shipping Label","Креирај Достава Лабел"
"Enabled when authorized items require a new shipment.","Омогућен wхен аутхоризед итемс реqуире а неw схипмент."
"Order &amp; Account Information","Поруџбина &амп; Налог Информације"
"Return Totals","Повраћај Тоталс"
"Return Confirmation","Повраћај Цонфирматион"
"Email Returns Confirmation","Е-пошта Повраћаји Цонфирматион"
"Please Select Products to Add","Плеасе Изабери Производи то Додај"
"Return items","Повраћај итемс"
"Quantity To Return","Количина То Повраћај"
"Remaining Quantity:","Ремаининг Количина:"
"New Return for Order %1","Ново Повраћај фор Поруџбина %1"
"Return Items Information","Повраћај Итемс Информације"
"Add Item To Return","Додај Итем То Повраћај"
"Return #","Повраћај #"
"Return Status","Повраћај Статус"
"View Return","Преглед Повраћај"
"Total Weight","Укупна тежина"
"Items in the Package","Предмети у пакету"
"Are you sure you want to delete this tracking information?","Да ли сте сигурни желите да делете тхис трацкинг информатион?"
"Request Information","Захтев Информације"
"Date Requested","Датум Реqуестед"
"Shipping and Tracking Information","Достава анд Трацкинг Информације"
"Items Return Requested For","Итемс Повраћај Реqуестед Фор"
"Request Qty","Захтев Кол"
"Hide Details","Сакриј Детаљи"
"Show Details","Прикажи Детаљи"
"%store_name:  New customer comment","%сторе_наме:  Ново цустомер цоммент"
"New Comment for RMA #%increment_id","Ново Цоммент фор РМА #%инцремент_ид"
"Customer %name has left a new comment:","Купац %наме хас лефт а неw цоммент:"
"%store_name : New Return #%increment_id","%сторе_наме : Ново Повраћај #%инцремент_ид"
"Your return request has been updated. Please see below.","Yоур ретурн реqуест је упдатед. Плеасе сее белоw."
"You can check the status of your return by <a href=""%account_url"">logging into your account</a> or <a href=""%form_url"">using your order number</a>.","Можете проверити статус вашег повраћаја <а хреф=""%аццоунт_урл"">пријављивањем на свој налог</а> или <а хреф=""%форм_урл"">користећи број поруџбине</а>."
"If you have any questions, please feel free to contact us at <a href=""mailto:%support_email"">%support_email</a> or by phone at %store_phone","Ако имате било каквих питања, слободно нас контактирајте на <а хреф=""маилто:%суппорт_емаил"">%суппорт_емаил</а> или телефоном на %сторе_пхоне"
"Your Return #%increment_id - %status_label","Yоур Повраћај #%инцремент_ид - %статус_лабел"
"%store_name: New Return #%increment_id","%сторе_наме: Ново Повраћај #%инцремент_ид"
"You can check the status of your return <a href=""%form_url"">using your order number</a>.","Можете проверити статус вашег повраћаја <а хреф=""%форм_урл"">користећи број поруџбине</а>."
"If you have any questions about your return, please contact us at <a href=""mailto:%support_email"">%support_email</a>.","Ако имате било каквих питања о вашем повраћају, контактирајте нас на <а хреф=""маилто:%суппорт_емаил"">%суппорт_емаил</а>."
"%store_name: Return #%increment_id update","%сторе_наме: Повраћај #%инцремент_ид упдате"
"Click Details for more required fields.","Цлицк Детаљи фор море обавезно пољес."
"Create Packages","Креирај Пацкагес"
"Add Package","Додај Пацкаге"
"RMA Settings","РМА Подешавања"
"Enable RMA on Storefront","Омогући РМА он Сторефронт"
"Enable RMA on Product Level","Омогући РМА он Производ Левел"
"Use Store Address","Усе Продавница Адреса"
"Contact Name","Цонтацт Назив"
"RMA Email Sender","РМА Е-пошта Сендер"
"RMA Email Template","РМА Е-пошта Темплате"
"RMA Email Template for Guest","РМА Е-пошта Темплате фор Гуест"
"Send RMA Email Copy To","Пошаљи РМА Е-пошта Копирај То"
"Send RMA Email Copy Method","Пошаљи РМА Е-пошта Копирај Метход"
"RMA Authorization Email Sender","РМА Аутхоризатион Е-пошта Сендер"
"RMA Authorization Email Template","РМА Аутхоризатион Е-пошта Темплате"
"RMA Authorization Email Template for Guest","РМА Аутхоризатион Е-пошта Темплате фор Гуест"
"Send RMA Authorization Email Copy To","Пошаљи РМА Аутхоризатион Е-пошта Копирај То"
"Send RMA Authorization Email Copy Method","Пошаљи РМА Аутхоризатион Е-пошта Копирај Метход"
"RMA Comment Email Sender","РМА Цоммент Е-пошта Сендер"
"RMA Comment Email Template","РМА Цоммент Е-пошта Темплате"
"RMA Comment Email Template for Guest","РМА Цоммент Е-пошта Темплате фор Гуест"
"Send RMA Comment Email Copy To","Пошаљи РМА Цоммент Е-пошта Копирај То"
"RMA Customer Comments","РМА Купац Цомментс"
"RMA Comment Email Recipient","РМА Цоммент Е-пошта Реципиент"
"Enabled for RMA","Омогућен фор РМА"
"%store_name : New Return # %increment_id","%сторе_наме : Ново Повраћај # %инцремент_ид"
"%store_name: New Return # %increment_id","%сторе_наме: Ново Повраћај # %инцремент_ид"
"%store_name: Return # %increment_id update","%сторе_наме: Повраћај # %инцремент_ид упдате"
"The label cannot be created for '%1' because the product does not exist in the system.","Тхе лабел не може бе цреатед фор '%1' бецаусе тхе продуцт не постоји ин тхе сyстем."
"The service is unknown. Verify the service and try again.","Тхе сервице ис непознат. Верифy тхе сервице анд покушајте поново."
"The entity that was requested doesn't exist. Verify the entity and try again.","Тхе ентитy тхат wас реqуестед не постоји. Верифy тхе ентитy анд покушајте поново."
"The ""%1"" carrier is invalid. Verify and try again.","Курир ""%1"" је неважећи. Проверите и покушајте поново."
"Enable RSS","Омогући РСС"
"Any message","Било који мессаге"
"Please choose a valid discount amount.","Унесите исправан износ попуста."
"End Date must follow Start Date.","Крај Датум муст фоллоw Почетак Датум."
"Please specify Customer Groups.","Изаберите групу купаца."
by,"од стране"
"Please choose an action to add.","Одаберите акцију коју ћете додати."
"Perform following actions","Изврши следеће акције"
"does not contain","не садржи"
ALL,Сви
ANY,"Било који"
TRUE,Тачно
FALSE,Нетачно
"Unknown condition operator","Непознат оператор услова"
"There is no information about associated entity type ""%1"".","Нема информација о придруженом типу ентитета ""%1""."
"Please specify valid %1.","Молимо наведите валид %1."
"Credit Memos","Кредитне напомене"
Invoices,Фактуре
"We can't get the order instance right now.","Не можемо добити инстанцу поруџбине тренутно."
"Create New Order","Креирај поруџбину"
"Save Order Address","Сачувај адресу поруџбине"
"Edit Order %1 %2 Address","Уреди адресу поруџбине %1 %2"
"Order Address Information","Информације о адреси поруџбине"
"Please correct the parent block for this block.","Коригујте родитељски блок за овај блок."
"Submit Comment","Пошаљи коментар"
"Submit Order","Пошаљи поруџбину"
"Are you sure you want to cancel this order?","Да ли сте сигурни да желите да откажете ову поруџбину?"
"Order Comment","Коментар поруџбине"
"Please select a customer","Изаберите купца"
"Edit Order #%1","Уреди поруџбину #%1"
"Create New Order for %1 in %2","Креирај Ново Поруџбина фор %1 ин %2"
"Create New Order in %1","Креирај Ново Поруџбина ин %1"
"Create New Order for %1","Креирај Ново Поруџбина фор %1"
"Create New Order for New Customer","Креирај Ново Поруџбина фор Ново Купац"
"Items Ordered","Поручени артикли"
"This product is disabled.","Овај производ је онемогућен."
"Item ordered qty","Поручена количина артикла"
"%1 for %2","%1 за %2"
"Please select products","Изаберите производе"
"Add Selected Product(s) to Order","Додај Селецтед Производ(с) то Поруџбина"
"Update Changes","Ажурирај измене"
"Are you sure you want to delete all items from shopping cart?","Да ли сте сигурни желите да делете алл итемс фром схоппинг царт?"
"Products in Comparison List","Производи ин Цомпарисон Листа"
"Last Ordered Items","Последњи поручени артикли"
"Please select a store","Изаберите продавницу"
"Order Totals","Укупно поруџбине"
"Shipping Incl. Tax (%1)","Достава Инцл. Порез (%1)"
"Shipping Excl. Tax (%1)","Достава Еxцл. Порез (%1)"
"New Credit Memo for Invoice #%1","Ново Кредитно одобрење фор Фактура #%1"
"New Credit Memo for Order #%1","Ново Кредитно одобрење фор Поруџбина #%1"
"Refund Shipping (Incl. Tax)","Повраћај Достава (Инцл. Порез)"
"Refund Shipping (Excl. Tax)","Повраћај Достава (Еxцл. Порез)"
"Refund Shipping","Повраћај доставе"
"Update Qty's","Ажурирај количине"
"Update Totals","Ажурирај укупне вредности"
Refund,Рефундација
"Refund Offline","Рефундирај ван мреже"
"Refund Amount","Износ рефундације"
"Shipping Amount","Износ доставе"
"Shipping Refund","Рефундација доставе"
"Order Grand Total","Укупан износ поруџбине"
"Adjustment Refund","Повраћај за прилагођавање"
"Adjustment Fee","Накнада за прилагођавање"
"Send Email","Пошаљи емаил"
"Are you sure you want to send a credit memo email to customer?","Да ли сте сигурни желите да сенд а цредит мемо емаил то цустомер?"
Void,Поништи
"The credit memo email was sent.","Емаил кредитне напомене је послат."
"The credit memo email wasn't sent.","Емаил кредитне напомене није послат."
"Credit Memo #%1 | %3 | %2 (%4)","Кредитно одобрење #%1 | %3 | %2 (%4)"
"Total Refund","Укупна рефундација"
"New Invoice and Shipment for Order #%1","Ново Фактура анд Пошиљка фор Поруџбина #%1"
"New Invoice for Order #%1","Ново Фактура фор Поруџбина #%1"
"Submit Invoice and Shipment","Пошаљи фактуру и испоруку"
"Submit Invoice","Пошаљи фактуру"
"Are you sure you want to send an invoice email to customer?","Да ли сте сигурни желите да сенд ан инвоице емаил то цустомер?"
"Credit Memo","Кредитна напомена"
Capture,Наплата
"The invoice email was sent.","Емаил фактуре је послат."
"The invoice email wasn't sent.","Емаил фактуре није послат."
"Invoice #%1 | %2 | %4 (%3)","Фактура #%1 | %2 | %4 (%3)"
"Invalid parent block for this block","Неисправан парент блоцк фор тхис блоцк"
"Order Statuses","Статуси поруџбина"
"Create New Status","Креирај Ново Статус"
"Assign Status to State","Ассигн Статус то Држава"
"Save Status Assignment","Сачувај доделу статуса"
"Assign Order Status to State","Ассигн Поруџбина Статус то Држава"
"Assignment Information","Ассигнмент Информације"
"Order State","Стање поруџбине"
"Use Order Status As Default","Усе Поруџбина Статус Ас Подразумевано"
"Visible On Storefront","Видљиво на излогу"
"Edit Order Status","Измени Поруџбина Статус"
"Save Status","Сачувај статус"
"Order Status Information","Информације о статусу поруџбине"
"Status Code","Код статуса"
"Store View Specific Labels","Ознаке специфичне за приказ продавнице"
"Total Paid","Укупно плаћено"
"Total Refunded","Укупно рефундирано"
"Total Due","Доспело за наплату"
"Are you sure you want to send an order email to customer?","Да ли сте сигурни желите да сенд ан ордер емаил то цустомер?"
"This will create an offline refund. To create an online refund, open an invoice and create credit memo for it. Do you want to continue?","Тхис wилл цреате ан оффлине рефунд. То цреате ан онлине рефунд, опен ан инвоице анд цреате цредит мемо фор ит. До желите да цонтинуе?"
"Are you sure you want to void the payment?","Да ли сте сигурни желите да воид тхе паyмент?"
Hold,Задржи
Unhold,Отпусти
"Are you sure you want to accept this payment?","Да ли сте сигурни желите да аццепт тхис паyмент?"
"Accept Payment","Прихвати плаћање"
"Are you sure you want to deny this payment?","Да ли сте сигурни желите да денy тхис паyмент?"
"Deny Payment","Одбиј плаћање"
"Get Payment Update","Гет Плаћање Ажурирај"
"Invoice and Ship","Фактуриши и испоручи"
Ship,Испоручи
"Order # %1 %2 | %3","Поруџбина # %1 %2 | %3"
"This order contains (%1) items and therefore cannot be edited through the admin interface. If you wish to continue editing, the (%2) items will be removed,  the order will be canceled and a new order will be placed.","Тхис ордер цонтаинс (%1) итемс анд тхерефоре не може бе едитед тхроугх тхе админ интерфаце. Иф yоу wисх то цонтинуе едитинг, тхе (%2) итемс wилл бе ремовед,  тхе ордер wилл бе цанцелед анд а неw ордер wилл бе плацед."
"Are you sure? This order will be canceled and a new one will be created instead.","Да ли сте сигурни? Тхис ордер wилл бе цанцелед анд а неw оне wилл бе цреатед инстеад."
"Save Gift Message","Сачувај Порука за поклон"
" [deleted]",[избрисан]
"Order Credit Memos","Кредитне напомене поруџбине"
"Shipment #%1 created","Пошиљка #%1 цреатед"
"Shipment #%1 comment added","Пошиљка #%1 цоммент аддед"
"Invoice #%1 created","Фактура #%1 цреатед"
"Invoice #%1 comment added","Фактура #%1 цоммент аддед"
"Comments History","Историја коментара"
"Order History","Историја поруџбине"
"Order Information","Информације о поруџбини"
"Order Invoices","Фактуре поруџбине"
Shipments,Испоруке
"Order Shipments","Испоруке поруџбине"
Transactions,Трансакције
"Order View","Преглед поруџбине"
"Applies to Any of the Specified Order Statuses except canceled orders","Апплиес то Било који оф тхе Специфиед Поруџбина Статусес еxцепт цанцелед ордерс"
"Show Actual Values","Прикажи стварне вредности"
"New Order RSS","РСС нове поруџбине"
"Discount (%1)","Попуст (%1)"
Fetch,Дохвати
Value,Вредност
"We found an invalid entity model.","Пронашли смо неисправан модел ентитета."
"Back to My Orders","Повратак на Моје Наруџбе"
"View Another Order","Погледајте још једну поруџбину"
"About Your Refund","Абоут Yоур Повраћај"
"Subscribe to Order Status","Пријави се на статус поруџбине"
"About Your Invoice","Абоут Yоур Фактура"
"Print Order # %1","Штампај Поруџбина # %1"
"Grand Total to be Charged","Укупан износ за наплату"
"You sent the message.","Послали сте поруку."
"Invoice capturing error","Грешка при наплати фактуре"
"This order no longer exists.","Ова поруџбина више не постоји."
"Please enter a comment.","Унесите коментар."
"We cannot add order history.","Не можемо додати историју поруџбине."
"You updated the order address.","Ажурирали сте адресу поруџбине."
"You canceled the order.","Отказали сте поруџбину."
"""%1"" coupon code was not applied. Do not apply discount is selected for item(s)","Купон код ""%1"" није примењен. Опција ""Не примењуј попуст"" је изабрана за ставку(е)"
"""%1"" coupon code is not valid.","Купон код ""%1"" није важећи."
"The coupon code has been accepted.","Код купона је прихваћен."
"Quote item id is not received.","Ид артикла за понуду није примљен."
"Quote item is not loaded.","Ид порученог артикла није учитан."
"New Order","Нова поруџбина"
"Cannot add new comment.","Није могуц́е додати нови коментар."
"The credit memo has been canceled.","Кредитна напомена је отказана."
"New Memo for #%1","Ново Мемо фор #%1"
"New Memo","Нова напомена"
"Cannot create online refund for Refund to Store Credit.","Не може цреате онлине рефунд фор Повраћај то Продавница Цредит."
"You created the credit memo.","Креирали сте кредитну напомену."
"We can't save the credit memo right now.","Не можемо сачувати кредитну напомену тренутно."
"View Memo for #%1","Преглед Мемо фор #%1"
"View Memo","Преглед напомене"
"You voided the credit memo.","Поништили сте кредитну напомену."
"We can't void the credit memo.","Не можемо поништити кредитну напомену."
"The order no longer exists.","Поруџбина више не постоји."
"Edit Order","Измени поруџбину"
"You sent the order email.","Послали сте емаил поруџбине."
"You have not put the order on hold.","Нисте ставили поруџбину на чекање."
"You put the order on hold.","Ставили сте поруџбину на чекање."
"You canceled the invoice.","Отказали сте фактуру."
"Invoice canceling error","Грешка при отказивању фактуре"
"The invoice has been captured.","Фактура је наплаћена."
"You can't create an invoice without products.","Не можете цреате ан инвоице wитхоут продуцтс."
"New Invoice","Нова фактура"
"We can't save the invoice right now.","Не можемо сачувати фактуру тренутно."
"You created the invoice and shipment.","Креирали сте фактуру и испоруку."
"The invoice has been created.","Фактура је креирана."
"We can't send the shipment right now.","Не можемо послати испоруку тренутно."
"Cannot update item quantity.","Не може упдате итем qуантитy."
"The invoice has been voided.","Фактура је поништена."
"Invoice voiding error","Грешка при поништавању фактуре"
"%1 order(s) cannot be canceled.","%1 ордер(с) не може бе цанцелед."
"You cannot cancel the order(s).","Не можете отказати поруџбину(е)."
"%1 order(s) were not put on hold.","%1 ордер(с) нису пут он холд."
"No order(s) were put on hold.","Ниједна поруџбина није стављена на чекање."
"%1 order(s) were not released from on hold status.","%1 ордер(с) нису релеасед фром он холд статус."
"No order(s) were released from on hold status.","Не ордер(с) wере релеасед фром он холд статус."
"%1 order(s) have been released from on hold status.","%1 ордер(с) су релеасед фром он холд статус."
"The payment has been accepted.","Плаћање је прихваћено."
"The payment has been denied.","Плаћање је одбијено."
"Transaction has been approved.","Трансакција је одобрена."
"Transaction has been voided/declined.","Трансакција је поништена/одбијена."
"There is no update for the transaction.","Нема ажурирања за трансакцију."
"We can't update the payment right now.","Не можемо ажурирати плаћање тренутно."
"You assigned the order status.","Доделили сте статус поруџбине."
"Something went wrong while assigning the order status.","Нешто није у реду wхиле ассигнинг тхе ордер статус."
"We can't find this order status.","Не можемо пронаћи овај статус поруџбине."
"Create New Order Status","Креирај Ново Поруџбина Статус"
"You saved the order status.","Сачували сте статус поруџбине."
"You have unassigned the order status.","Уклонили сте доделу статуса поруџбине."
"Something went wrong while unassigning the order.","Нешто није у реду wхиле унассигнинг тхе ордер."
"Can't unhold order.","Не може се отпустити поруџбина."
"The order was not on hold.","Поруџбина није била на чекању."
"Exception occurred during order load","Дошло је до грешке приликом учитавања поруџбине"
"Something went wrong while saving the gift message.","Нешто није у реду wхиле савинг тхе гифт мессаге."
"You saved the gift card message.","Сачували сте поруку поклон картице."
"The payment has been voided.","Плаћање је поништено."
"We can't void the payment right now.","Не можемо поништити плаћање тренутно."
"Please correct the transaction ID and try again.","Молимо исправите тхе трансацтион ИД анд покушајте поново."
"The transaction details have been updated.","Тхе трансацтион детаилс су упдатед."
"Orders and Returns","Поруџбине и повраћаји"
"You entered incorrect data. Please try again.","Yоу ентеред нетачан дата. Покушајте поново."
"We could not add a product to cart by the ID ""%1"".","Нисмо могли додати производ у корпу по ИД ""%1""."
"Shipping Address: ","Адреса за доставу:"
"Billing Address: ","Адреса за фактурисање:"
"Please specify order items.","Наведите артикле поруџбине."
"This payment method is not available.","Овај начин плаћања није доступан."
"Validation is failed.","Валидација није успела."
"Path ""%1"" is not part of allowed directory ""%2""","Путања ""%1"" није део дозвољеног директоријума ""%2"""
"Id required","ИД је обавезан"
"""Invoice Document Validation Error(s):\n"" .","""Грешка(е) валидације документа фактуре:\н"" ."
"Could not save an invoice, see error log for details","Није могао саве ан инвоице, сее еррор лог фор детаилс"
"A hold action is not available.","Радња задржавања није доступна."
"You cannot remove the hold.","Не можете уклонити чекање."
"We cannot cancel this order.","Не можемо отказати ову поруџбину."
"Please enter the company.","Унесите компанију."
"Please enter the fax number.","Унесите број факса."
"Could not delete order address","Није могуће обрисати адресу поруџбине"
"Could not save order address","Није могао саве ордер аддресс"
"Unknown State","Непознато стање"
"Could not delete the comment.","Није могуће избрисати коментар."
"Could not save the creditmemo comment.","Не могуће сачувати кредит меморандум коментар."
"We found an invalid quantity to refund item ""%1"".","Пронађена је неважећа количина за повраћај ставке ""%1""."
"Could not delete the credit memo item.","Није могао делете тхе цредит мемо итем."
"Could not save the credit memo item.","Није могао саве тхе цредит мемо итем."
"Order Id is required for creditmemo document","Поруџбина Ид је обавезно фор цредитмемо доцумент"
"The creditmemo contains product SKU ""%1"" that is not part of the original order.","Кредитно одобрење садржи СКУ производа ""%1"" који није део оригиналне поруџбине."
"The quantity to creditmemo must not be greater than the unrefunded quantity for product SKU ""%1"".","Количина за кредитно одобрење не сме бити већа од невраћене количине за СКУ производа ""%1""."
"You can't create a creditmemo without products.","Не можете цреате а цредитмемо wитхоут продуцтс."
"Could not delete credit memo","Није могуће обрисати кредитну напомену"
"Could not save credit memo","Није могао саве цредит мемо"
Paid,Плаћено
"We cannot register an existing invoice","Не можемо регистровати постојећу фактуру"
"Could not delete the invoice comment.","Није могао делете тхе инвоице цоммент."
"Could not save the invoice comment.","Није могао саве тхе инвоице цоммент."
"Could not delete the invoice item.","Није могао делете тхе инвоице итем."
"Could not save the invoice item.","Није могао саве тхе инвоице итем."
"Order Id is required for invoice document","Поруџбина Ид је обавезно фор инвоице доцумент"
"The quantity to invoice must not be greater than the uninvoiced quantity for product SKU ""%1"".","Количина за фактуру не сме бити већа од нефактурисане количине за СКУ производа ""%1""."
"ID required","ИД је обавезан"
"Unknown Status","Непознат статус"
Backordered,Допуњено
Returned,Враћено
Partial,Делимично
Mixed,Мешовито
"IPN ""Refunded"". Refund issued by merchant. Registered notification about refunded amount of %1. Transaction ID: ""%2"". Credit Memo has not been created. Please create offline Credit Memo.","ИПН ""Рефундовано"". Повраћај издат од стране трговца. Регистровано обавештење о рефундираном износу од %1. ИД трансакције: ""%2"". Кредитно одобрење није креирано. Молимо креирајте оффлине кредитно одобрење."
"The credit memo has been created automatically.","Тхе цредит мемо је цреатед аутоматицаллy."
"Canceled order online","Отказана поруџбина на мрежи"
"Canceled order offline","Отказана поруџбина ван мреже"
"Approved the payment online.","Одобрен тхе паyмент онлине."
"There is no update for the payment.","Нема ажурирања за плаћање."
"Voided authorization.","Поништена ауторизација."
"Amount: %1.","Износ: %1."
"Transaction ID: ""%1""","ИД трансакције: ""%1"""
"The payment disallows storing objects.","Плаћање не дозвољава чување објеката."
"The transaction ""%1"" cannot be captured yet.","Трансакција ""%1"" још увек не може бити реализована."
"Payment transactions disallow storing objects.","Плаћање трансацтионс дисаллоw сторинг објецтс."
"The transaction ""%1"" (%2) is already closed.","Трансакција ""%1"" (%2) је већ затворена."
Authorization,Ауторизација
"We found an unsupported transaction type ""%1"".","Пронађен је неподржан тип трансакције ""%1""."
"Please enter a Transaction ID.","Молимо унесите а Трансацтион ИД."
"You can't do this without a transaction object.","Не можете до тхис wитхоут а трансацтион објецт."
"Order Date: ","Датум поруџбине:"
"Sold to:","Продато за:"
"Total Shipping Charges","Укупни трошкови доставе"
Number,Број
"We found an invalid renderer model.","Wе фоунд ан неисправан рендерер модел."
"We don't recognize the draw line data. Please define the ""lines"" array.","Не препознајемо податке линије цртања. Молимо дефинишите низ ""линес""."
"Total (ex)","Укупно (без)"
"Total (inc)","Укупно (са)"
"Credit Memo # ","Кредитна напомена #"
"Invoice # ","Фактура #"
"The order object is not specified.","Објекат поруџбине није наведен."
"The source object is not specified.","Изворни објекат није наведен."
"An item object is not specified.","Објекат артикла није наведен."
"Packing Slip # ","Отпремница #"
"The PDF total model %1 must be or extend \Magento\Sales\Model\Order\Pdf\Total\DefaultTotal.","Тхе ПДФ тотал модел %1 муст бе ор еxтенд \Магенто\Продаја\Модел\Поруџбина\Пдф\Укупно\ДефаултТотал."
"We cannot register an existing shipment","Не можемо регистровати постојећу испоруку"
"Could not delete the shipment comment.","Није могао делете тхе схипмент цоммент."
"Could not save the shipment comment.","Није могао саве тхе схипмент цоммент."
"Could not delete the shipment item.","Није могао делете тхе схипмент итем."
"Could not save the shipment item.","Није могао саве тхе схипмент итем."
"Parent shipment cannot be loaded for track object.","Парент схипмент не може бе лоадед фор трацк објецт."
"Could not delete the shipment tracking.","Није могао делете тхе схипмент трацкинг."
"Could not save the shipment tracking.","Није могао саве тхе схипмент трацкинг."
"Order Id is required for shipment document","Поруџбина Ид је обавезно фор схипмент доцумент"
"You can't create a shipment without products.","Не можете цреате а схипмент wитхоут продуцтс."
"The shipment contains product SKU ""%1"" that is not part of the original order.","Пошиљка садржи СКУ производа ""%1"" који није део оригиналне поруџбине."
"The quantity to ship must not be greater than the unshipped quantity for product SKU ""%1"".","Количина за испоруку не сме бити већа од неиспоручене количине за СКУ производа ""%1""."
"Could not delete shipment","Није могуће обрисати испоруку"
"Could not save shipment","Није могуће сачувати испоруку"
"Could not delete the order status history.","Није могао делете тхе ордер статус хисторy."
"Could not save the order status history.","Није могао саве тхе ордер статус хисторy."
"The total model should be extended from \Magento\Sales\Model\Order\Total\AbstractTotal.","Тхе тотал модел схоулд бе еxтендед фром \Магенто\Продаја\Модел\Поруџбина\Укупно\АбстрацтТотал."
"An invoice cannot be created when an order has a status of %1","Ан инвоице не може бе цреатед wхен ан ордер хас а статус оф %1"
"A shipment cannot be created when an order has a status of %1","А схипмент не може бе цреатед wхен ан ордер хас а статус оф %1"
"""Creditmemo Document Validation Error(s):\n"" .","""Грешка(е) валидације документа кредитне напомене:\н"" ."
"Could not save a Creditmemo, see error log for details","Није могао саве а Кредитно одобрење, сее еррор лог фор детаилс"
"We can't save the address:\n%1","Не можемо сачувати адресу:\н%1"
"Cannot save comment:\n%1","Не може се сачувати коментар:\н%1"
"We cannot create an empty shipment.","Не можемо креирати празну испоруку."
"Cannot save track:\n%1","Не може се сачувати праћење:\н%1"
"Cannot unassign status from state","Не може унассигн статус фром стате"
"New Orders","Нове поруџбине"
"Order #%1 created at %2","Поруџбина #%1 цреатед ат %2"
"Details for %1 #%2","Детаљи фор %1 #%2"
"Notified Date: %1","Нотифиед Датум: %1"
"Total: %1<br/>","Укупно: %1<бр/>"
"Order # %1 Notification(s)","Поруџбина # %1 Обавештење(с)"
"You can not cancel Credit Memo","Не можете отказати кредитну напомену"
"Could not cancel creditmemo","Није могао цанцел цредитмемо"
"We cannot register an existing credit memo.","Wе не може регистер ан еxистинг цредит мемо."
"We found an invalid quantity to invoice item ""%1"".","Пронађена је неважећа количина за фактурисање ставке ""%1""."
"The Order State ""%1"" must not be set manually.","Статус поруџбине ""%1"" не сме бити постављен ручно."
"""Shipment Document Validation Error(s):\n"" .","""Грешка(е) валидације документа испоруке:\н"" ."
"Could not save a shipment, see error log for details","Није могао саве а схипмент, сее еррор лог фор детаилс"
"VAT Request Identifier","Идентификатор захтева за ПИБ"
"VAT Request Date","Датум захтева за ПИБ"
"Pending Payment","Плаћање на чекању"
Processing,Обрада
"On Hold","На чекању"
Complete,Завршено
"Suspected Fraud","Сумња на превару"
"Payment Review","Преглед плаћања"
"Product doesn't exist","Производ не постоји"
"Email has not been sent","Емаил није послан"
" Transaction ID: ""%1"""," ИД трансакције: ""%1"""
"Group was removed","Група је уклоњена"
"Changing address information will not recalculate shipping, tax or other order amount.","Променом података о адреси нец́е се прерачунати износ поштарине, пореза или другог налога."
"Visible on Storefront","Видљиво на излогу"
"Not Notified","Није обавештено"
"Order Comments","Коментари поруџбине"
"Payment &amp; Shipping Information","Информације о плаћању и достави"
"Order Currency:","Основна Валута:"
"Same As Billing Address","Адреса је иста као и за Фактуру"
"Select from existing customer addresses:","Изаберите између постојец́их адреса купаца:"
"You don't need to select a shipping address.","Не морате да одаберете адресу за испоруку."
"Gift Message for the Entire Order","Поклон Опције за Целу Поруџбину"
"Move to Shopping Cart","Додај у корпу"
"You don't need to select a shipping method.","Не морате да одаберете адресу за испоруку."
"Customer's Activities","Активност Корисника"
"Append Comments","Додај коментаре"
"Email Order Confirmation","Потврда поруџбине емаилом"
"Grand Total Excl. Tax","Укупно без Пореза"
"Grand Total Incl. Tax","Укупно с Порезом"
"Subtotal (Excl. Tax)","Међузбир (без пореза)"
"Subtotal (Incl. Tax)","Међузбир (са порезом)"
"Payment &amp; Shipping Method","Начин плаћања и доставе"
"Items to Refund","Ставке за Поврат"
"Return to Stock","Повратак на залихе"
"Qty to Refund","Кол за Поврат"
"No Items To Refund","Нема артикала за рефундацију"
"Credit Memo Comments","Кредитно одобрење Цомментс"
"Refund Totals","Укупно рефундације"
"Email Copy of Credit Memo","Е-пошта Копирај оф Кредитно одобрење"
"Please enter a positive number in this field.","Молимо унесите а поситиве нумбер ин тхис фиелд."
"Items Refunded","Рефундирани артикли"
"No Items","Нема артикала"
"Memo Total","Укупно напомене"
"Credit Memo History","Кредитно одобрење Хисторy"
"Credit Memo Totals","Кредитно одобрење Тоталс"
"Customer Name: %1","Купац Назив: %1"
"Shipping &amp; Handling","Достава и руковање"
"Create Shipment","Креирај испоруку"
"Invoice and shipment types do not match for some items on this order. You can create a shipment only after creating the invoice.","Фактура анд схипмент тyпес до нот матцх фор соме итемс он тхис ордер. Yоу цан цреате а схипмент онлy афтер цреатинг тхе инвоице."
"Qty to Invoice","Количина за фактурисање"
"Invoice History","Историја фактуре"
"Invoice Comments","Фактура Цомментс"
"Invoice Totals","Фактура Тоталс"
"Capture Online","Наплата на мрежи"
"Not Capture","Није наплаћено"
"Email Copy of Invoice","Е-пошта Копирај оф Фактура"
"Items Invoiced","Фактурисани артикли"
"Total Tax","Укупан порез"
"From Name","Фром Назив"
"To Name","То Назив"
"Notification Not Applicable","Обавештење није применљиво"
"Order & Account Information","Информације о поруџбини и налогу"
"The order confirmation email was sent","Емаил потврде поруџбине је послат"
"Order Date","Датум поруџбине"
"Order Date (%1)","Датум поруџбине (%1)"
"Purchased From","Купљено из"
"Link to the New Order","Линк ка новој поруџбини"
"Link to the Previous Order","Линк ка претходној поруџбини"
"Placed from IP","Поручено са ИП"
"Edit Customer","Уреди купца"
"Customer Name","Име купца"
"Notes for this Order","Белешке за ову поруџбину"
"Comment added","Коментар додат"
"Parent Transaction ID","ИД родитељске трансакције"
"Is Closed","Затворено је"
"Child Transactions","Подређене трансакције"
"Transaction Details","Детаљи трансакције"
"Gift Message for this Order","Порука за поклон фор тхис Поруџбина"
"Shipped By",Испоручио
"Tracking Number","Број за праћење"
"Billing Last Name","Презиме за Наплату"
"Find Order By","Пронађи поруџбину по"
"ZIP Code","Поштански број"
"Billing ZIP Code","Поштански број за наплату"
"Print All Refunds","Штампај све рефундације"
"Refund #","Рефундација #"
"Print Refund","Штампај рефундацију"
"You have placed no orders.","Нисте извршили ниједну поруџбину."
"No shipping information available","Нема доступних информација о достави"
"Print Order","Штампање наруџбине"
"Print All Invoices","Штампај све фактуре"
"Invoice #","Фактура #"
"Print Invoice","Штампај фактуру"
"About Your Order","О вашој поруџбини"
"<span class=""label"">Order Date:</span> %1","<спан цласс=""лабел"">Датум поруџбине:</спан> %1"
"Refund #%1","Поврат #%1"
"Shipment #%1","Пошиљке #%1"
"Recent Orders","Недавне поруџбине"
"Gift Message for This Order","Поклон порука за ову поруџбину"
"Recently Ordered","Недавне поруџбине"
"Credit memo for your %store_name order","Профактура за вашу %сторе_наме поруџбину"
"Thank you for your order from %store_name.","Хвала вам за поруџбину %сторе_наме."
"You can check the status of your order by <a href=""%account_url"">logging into your account</a>.","Можете да проверите статус Ваше поруџбине пријављивањем <а хреф=""%аццоунт_урл"">у Ваш налог</а>."
"If you have questions about your order, you can email us at <a href=""mailto:%store_email"">%store_email</a>","Ако имате питања о поруџбини, можете нам писати на <а хреф=""маилто:%сторе_емаил"">%сторе_емаил</а>"
"Our hours are <span class=""no-link"">%store_hours</span>.","Наше радно време је <спан цласс=""но-линк"">%сторе_хоурс</спан>."
"Your Credit Memo #%creditmemo_id for Order #%order_id","Ваша профактура #%цредитмемо_ид за Поруџбину #%ордер_ид"
"Billing Info","Информације о плаћању"
"Shipping Info","Информације о испоруци"
"Update to your %store_name credit memo","Ажурирајате Вашу %сторе_наме профактуру"
"Your order #%increment_id has been updated with a status of <strong>%order_status</strong>.","Ваша поруџбина #%инцремент_ид је ажурирана са статусом <стронг>%ордер_статус</стронг>."
"Invoice for your %store_name order","Фактура за Вашу %сторе_наме поруџбину"
"Your Invoice #%invoice_id for Order #%order_id","Ваша фактура #%инвоице_ид за Поруџбину #%ордер_ид"
"Update to your %store_name invoice","Ажурирајте Вашу %сторе_наме фактуру"
"Your %store_name order confirmation","Потврда %сторе_наме Ваше поруџбине"
"Once your package ships we will send you a tracking number.","Када Ваша поруџбина буде послата, послаћемо Вам број за праћење поруџбине."
"Your Order <span class=""no-link"">#%increment_id</span>","Ваша поруџбина <спан цласс=""но-линк"">#%инцремент_ид</спан>"
"Placed on <span class=""no-link"">%created_at</span>","Постављено на <спан цласс=""но-линк"">%цреатед_ат</спан>"
"Once your package ships we will send an email with a link to track your order.","Након што се ваш пакет отпреми, послат ц́емо вам емаил са везом за прац́ење ваше наруџбе."
"Update to your %store_name order","Ажурирајте Вашу %сторе_наме поруџбину"
"Your %store_name order has shipped","Ваша %сторе_наме поруџбина је послата"
"Your shipping confirmation is below. Thank you again for your business.","Ваша потврда о испоруци је испод. Хвала Вам још једном за Ваше пословање."
"Your Shipment #%shipment_id for Order #%order_id","Испорука за #%схипмент_ид за поруџбину #%ордер_ид"
"Update to your %store_name shipment","Ажурирано на Вашој %сторе_наме пошиљци"
"Gift Options for ","Поклон Опције"
"You have item changes","Имате измене артикала"
Operations,Операције
"Send Order Email","Пошаљи емаил поруџбине"
"Accept or Deny Payment","Аццепт ор Одбиј Плаћање"
"Send Sales Emails","Пошаљи емаилове продаје"
"Sales Section","Секција продаје"
"Sales Emails Section","Продаја Емаилс Сецтион"
"Hide Customer IP","Сакриј ИП купца"
"Choose whether a customer IP is shown in orders, invoices, shipments, and credit memos.","Изабери wхетхер а цустомер ИП ис схоwн ин ордерс, инвоицес, схипментс, анд цредит мемос."
"Checkout Totals Sort Order","Редослед сортирања укупних износа"
"Allow Reorder","Дозволи поновну поруџбину"
"Invoice and Packing Slip Design","Дизајн фактуре и отпремнице"
"Logo for PDF Print-outs (200x50)","Лого за ПДФ исписе (200x50)"
"Logo for HTML Print View","Лого за ХТМЛ штампани приказ"
"Minimum Amount","Минимални износ"
"Subtotal after discount","Међузбир након попуста"
"Include Tax to Amount","Укључи порез у износ"
"Description Message","Опис Мессаге"
"Error to Show in Shopping Cart","Грешка за приказ у корпи"
"Validate Each Address Separately in Multi-address Checkout","Валидате Еацх Адреса Сепарателy ин Мулти-аддресс Наплата"
"Multi-address Description Message","Порука описа више адреса"
"Multi-address Error to Show in Shopping Cart","Мулти-аддресс Грешка то Прикажи ин Корпа"
"Use Aggregated Data","Користи агрегиране податке"
"Orders Cron Settings","Црон подешавања поруџбина"
"Pending Payment Order Lifetime (minutes)","На чекању Плаћање Поруџбина Лифетиме (минутес)"
"Sales Emails","Емаилови продаје"
"New Order Confirmation Email Sender","Пошиљалац емаила потврде нове поруџбине"
"New Order Confirmation Template","Шаблон потврде нове поруџбине"
"New Order Confirmation Template for Guest","Ново Поруџбина Цонфирматион Темплате фор Гуест"
"Send Order Email Copy To","Пошаљи копију емаила поруџбине на"
"Send Order Email Copy Method","Начин слања копије емаила поруџбине"
"Order Comment Email Sender","Пошиљалац емаила коментара поруџбине"
"Order Comment Email Template","Шаблон емаила коментара поруџбине"
"Order Comment Email Template for Guest","Шаблон емаила коментара поруџбине за госте"
"Send Order Comment Email Copy To","Пошаљи Поруџбина Цоммент Е-пошта Копирај То"
"Send Order Comments Email Copy Method","Начин слања копије емаила коментара поруџбине"
"Invoice Email Sender","Фактура Е-пошта Сендер"
"Invoice Email Template","Фактура Е-пошта Темплате"
"Invoice Email Template for Guest","Фактура Е-пошта Темплате фор Гуест"
"Send Invoice Email Copy To","Пошаљи копију емаила фактуре на"
"Send Invoice Email Copy Method","Начин слања копије емаила фактуре"
"Invoice Comment Email Sender","Фактура Цоммент Е-пошта Сендер"
"Invoice Comment Email Template","Фактура Цоммент Е-пошта Темплате"
"Invoice Comment Email Template for Guest","Фактура Цоммент Е-пошта Темплате фор Гуест"
"Send Invoice Comment Email Copy To","Пошаљи Фактура Цоммент Е-пошта Копирај То"
"Send Invoice Comments Email Copy Method","Начин слања копије емаила коментара фактуре"
Shipment,Испорука
"Shipment Email Sender","Пошиљалац емаила испоруке"
"Shipment Email Template","Шаблон емаила испоруке"
"Shipment Email Template for Guest","Шаблон емаила испоруке за госте"
"Send Shipment Email Copy To","Пошаљи Пошиљка Е-пошта Копирај То"
"Send Shipment Email Copy Method","Пошаљи Пошиљка Е-пошта Копирај Метход"
"Shipment Comments","Коментари испоруке"
"Shipment Comment Email Sender","Пошиљалац емаила коментара испоруке"
"Shipment Comment Email Template","Шаблон емаила коментара испоруке"
"Shipment Comment Email Template for Guest","Пошиљка Цоммент Е-пошта Темплате фор Гуест"
"Send Shipment Comment Email Copy To","Пошаљи Пошиљка Цоммент Е-пошта Копирај То"
"Send Shipment Comments Email Copy Method","Пошаљи Пошиљка Цомментс Е-пошта Копирај Метход"
"Credit Memo Email Sender","Кредитно одобрење Е-пошта Сендер"
"Credit Memo Email Template","Кредитно одобрење Е-пошта Темплате"
"Credit Memo Email Template for Guest","Кредитно одобрење Е-пошта Темплате фор Гуест"
"Send Credit Memo Email Copy To","Пошаљи Кредитно одобрење Е-пошта Копирај То"
"Send Credit Memo Email Copy Method","Пошаљи Кредитно одобрење Е-пошта Копирај Метход"
"Credit Memo Comment Email Sender","Кредитно одобрење Цоммент Е-пошта Сендер"
"Credit Memo Comment Email Template","Кредитно одобрење Цоммент Е-пошта Темплате"
"Credit Memo Comment Email Template for Guest","Кредитно одобрење Цоммент Е-пошта Темплате фор Гуест"
"Send Credit Memo Comment Email Copy To","Пошаљи Кредитно одобрење Цоммент Е-пошта Копирај То"
"Send Credit Memo Comments Email Copy Method","Пошаљи Кредитно одобрење Цомментс Е-пошта Копирај Метход"
"PDF Print-outs","ПДФ исписи"
"Display Order ID in Header","Дисплаy Поруџбина ИД ин Хеадер"
"Customer Order Status Notification","Купац Поруџбина Статус Обавештење"
"Orders and Returns Search Form","Форма за претрагу поруџбина и повраћаја"
"ZIP/Post Code","Поштански број"
"Invoice Date","Датум фактуре"
"Ship Date","Датум испоруке"
"Total Quantity","Укупна количина"
"Default Status","Подразумевани статус"
"State Code and Title","Држава Код анд Наслов"
"Item Status","Статус артикла"
"Original Price","Оригинална цена"
"Tax Percent","Проценат пореза"
"PDF Credit Memos","ПДФ кредитне напомене"
"Print Invoices","Штампај фактуре"
"Print Packing Slips","Штампај Пацкинг Слипс"
"Print Credit Memos","Штампај кредитне напомене"
"Print All","Штампај Све"
"Print Shipping Labels","Штампај налепнице за доставу"
"Purchase Date","Датум куповине"
"Grand Total (Base)","Укупан износ (основни)"
"Grand Total (Purchased)","Укупан износ (купљено)"
"Customer Email","Емаил купца"
"Shipping and Handling","Достава и руковање"
"PDF Invoices","ПДФ фактуре"
"PDF Shipments","ПДФ испоруке"
"PDF Creditmemos","ПДФ кредитне напомене"
"Create New Order for New Customer in %1","Креирај Ново Поруџбина фор Ново Купац ин %1"
"The invoice and the shipment  have been created. The shipping label cannot be created now.","Тхе инвоице анд тхе схипмент  су цреатед. Тхе схиппинг лабел не може бе цреатед ноw."
"Order is suspended as its authorizing amount %1 is suspected to be fraudulent.","Поруџбина ис суспендед ас итс аутхоризинг амоунт %1 ис суспецтед то бе фраудулент."
"Order is suspended as its capture amount %1 is suspected to be fraudulent.","Поруџбина ис суспендед ас итс цаптуре амоунт %1 ис суспецтед то бе фраудулент."
"We found an invalid quantity to ship for item ""%1"".","Пронађена је неважећа количина за испоруку ставке ""%1""."
"Sample message.","Пример поруке."
"Limit per cron run","Ограничење по црон извршавању"
"Grid Settings","Подешавања мреже"
"Use Aggregated Data (beta)","Користи агрегиране податке (бета)"
"Could not save the comment.","Није могао саве тхе цоммент."
"Authorized amount of %1. Order is suspended as its authorizing amount %1 is suspected to be fraudulent.","Аутхоризед амоунт оф %1. Поруџбина ис суспендед ас итс аутхоризинг амоунт %1 ис суспецтед то бе фраудулент."
"Product is not salable.","Производ није доступан."
"Allow Zero GrandTotal","Дозволи нулти укупан износ"
"Allow Zero GrandTotal for Creditmemo","Дозволи нулти укупан износ за кредитну напомену"
"Include Discount Amount","Укључи износ попуста"
"The comment is missing. Enter and try again.","Коментар недостаје. Покушајте поново."
"The ""%1"" coupon code isn't valid. Verify the code and try again.","Купон код ""%1"" није важећи. Проверите код и покушајте поново."
"The invoice can't be created without products. Add products and try again.","Тхе инвоице цан'т бе цреатед wитхоут продуцтс. Додај продуцтс анд покушајте поново."
"The invoice can't be saved at this time. Please try again later.","Тхе инвоице цан'т бе савед ат тхис тиме. Покушајте поново латер."
"An ID is needed. Set the ID and try again.","Ан ИД ис неедед. Сет тхе ИД анд покушајте поново."
"The order address couldn't be deleted.","Адреса поруџбине није могла бити обрисана."
"The order address couldn't be saved.","Адреса поруџбине није могла бити сачувана."
"The credit memo couldn't be deleted.","Кредитна напомена није могла бити обрисана."
"The credit memo couldn't be saved.","Кредитна напомена није могла бити сачувана."
"The shipment couldn't be deleted.","Испорука није могла бити обрисана."
"The shipment couldn't be saved.","Испорука није могла бити сачувана."
"The ""%1"" validator is not an instance of the general validator interface.","Валидатор ""%1"" није инстанца општег интерфејса валидатора."
"The creditmemo contains incorrect product items.","Тхе цредитмемо цонтаинс нетачан продуцт итемс."
"Move to Archive","Премести то Архива"
"Move to Order Management","Премести то Поруџбина Манагемент"
"Please specify the order ID to be archived.","Молимо наведите тхе ордер ИД то бе арцхивед."
"Credit Memos","Кредитна одобрења"
"Please specify the order ID to be removed from archive.","Молимо наведите тхе ордер ИД то бе ремовед фром арцхиве."
"There are %1 orders in this archive. All of them will be moved to the regular table after the archive is disabled.","Тхере аре %1 ордерс ин тхис арцхиве. Све оф тхем wилл бе мовед то тхе регулар табле афтер тхе арцхиве ис дисаблед."
"Restore from Archive","Врати фром Архива"
"Orders, Invoices, Shipments, Credit Memos Archiving","Ордерс, Фактуре, Пошиљке, Кредитна одобрења Арцхивинг"
"Enable Archiving","Омогући Арцхивинг"
"Archive Orders Purchased","Архива Ордерс Пурцхасед"
"Order Statuses to be Archived","Поруџбина Статусес то бе Арцхивед"
"Mass Add","Масс Додај"
"Sales Archive","Продаја Архива"
"PDF Credit Memos","ПДФ Кредитна одобрења"
"Credit Memo","Кредитно одобрење"
"Adjustment Refund","Ађустмент Повраћај"
"Return to Order Management","Повраћај то Поруџбина Манагемент"
"Print Invoices","Штампај Фактуре"
"Print Credit Memos","Штампај Кредитна одобрења"
"Print Shipping Labels","Штампај Достава Лабелс"
"Remove to Archive","Уклони то Архива"
"Purchase Date","Пурцхасе Датум"
"Customer Email","Купац Е-пошта"
"Shipping and Handling","Достава анд Хандлинг"
"PDF Invoices","ПДФ Фактуре"
"Invoice Date","Фактура Датум"
"PDF Shipments","ПДФ Пошиљке"
"Ship Date","Схип Датум"
"Total Quantity","Укупно Количина"
"Go to Archive","Го то Архива"
"The ""%1"" product is not part of the current creditmemo.","Производ ""%1"" није део тренутног кредитног одобрења."
"Are you sure you want to delete this?","Да ли сте сигурни желите да делете тхис?"
"Apply the rule only to cart items matching the following conditions (leave blank for all items).","Примени тхе руле онлy то царт итемс матцхинг тхе фоллоwинг цондитионс (леаве бланк фор алл итемс)."
"Apply the rule only if the following conditions are met (leave blank for all products).","Примени тхе руле онлy иф тхе фоллоwинг цондитионс аре мет (леаве бланк фор алл продуцтс)."
"Manage Coupon Codes","Манаге Купон Цодес"
"Coupon Qty","Купон Кол"
"Are you sure you want to delete the selected coupon(s)?","Да ли сте сигурни желите да делете тхе селецтед цоупон(с)?"
"Store View Specific Labels","Продавница Преглед Специфиц Лабелс"
"%1 - Discounts and Coupons","%1 - Дисцоунтс анд Купони"
Coupons/Discounts,Купони/Дисцоунтс
"We can't delete the rule right now. Please review the log and try again.","Wе цан'т делете тхе руле ригхт ноw. Плеасе ревиеw тхе лог анд покушајте поново."
"New Cart Price Rule","Ново Корпа Цена Руле"
"%1 coupon(s) have been generated.","%1 цоупон(с) су генератед."
"Invalid data provided","Неисправан дата провидед"
"Something went wrong while generating coupons. Please review the log and try again.","Нешто није у реду wхиле генератинг цоупонс. Плеасе ревиеw тхе лог анд покушајте поново."
"We cannot create the requested Coupon Qty. Please check your settings and try again.","Wе не може цреате тхе реqуестед Купон Кол. Плеасе цхецк yоур сеттингс анд покушајте поново."
"Error occurred when saving coupon: %1","Грешка оццурред wхен савинг цоупон: %1"
"Coupon with the same code","Купон wитх тхе саме цоде"
"No Coupon","Не Купон"
"Specific Coupon","Специфиц Купон"
"Total Items Quantity","Укупно Итемс Количина"
"Shipping Postcode","Достава Поштански број"
"Shipping Region","Достава Регион"
"Shipping State/Province","Достава Држава/Провинце"
"Shipping Country","Достава Земља"
"Product attribute combination","Производ аттрибуте цомбинатион"
"Products subselection","Производи субселецтион"
"Cart Attribute","Корпа Атрибут"
"Quantity in cart","Количина ин царт"
"Price in cart","Цена ин царт"
"Cart Item Attribute","Корпа Итем Атрибут"
"Error occurred when generating coupons: %1","Грешка оццурред wхен генератинг цоупонс: %1"
"Some coupons are invalid.","Соме цоупонс аре неисправан."
"%1 Cart Price Rules based on ""%2"" attribute have been disabled.","%1 правила цене корпе на основу атрибута ""%2"" су онемогућена."
"Your coupon was successfully removed.","Yоур цоупон wас успешно ремовед."
"Your coupon was successfully applied.","Yоур цоупон wас успешно апплиед."
"Auto Generated Specific Coupon Codes","Ауто Генератед Специфиц Купон Цодес"
"Cart Price Rule","Корпа Цена Руле"
"
                    If you select and save the rule you will be able to generate multiple coupon codes.
                ","Иф yоу селецт анд саве тхе руле yоу wилл бе абле то генерате мултипле цоупон цодес."
"Uses per Coupon","Усес пер Купон"
"
                    Usage limit enforced for logged in customers only.
                ","Усаге лимит енфорцед фор логгед ин цустомерс онлy."
"Uses per Customer","Усес пер Купац"
"Maximum Qty Discount is Applied To","Маxимум Кол Попуст ис Апплиед То"
"Discount Qty Step (Buy X)","Попуст Кол Степ (Буy X)"
"Discount amount is applied to subtotal only","Попуст амоунт ис апплиед то субтотал онлy"
"Discount amount is applied to subtotal and shipping amount separately","Попуст амоунт ис апплиед то субтотал анд схиппинг амоунт сепарателy"
"Apply to Shipping Amount","Примени то Достава Амоунт"
"Default Rule Label for All Store Views","Подразумевано Руле Лабел фор Све Продавница Виеwс"
"Coupons Information","Купони Информације"
"Your coupon was successfully removed","Yоур цоупон wас успешно ремовед"
"Your coupon was successfully applied","Yоур цоупон wас успешно апплиед"
"
                        If you select and save the rule you will be able to generate multiple coupon codes.
                    ","Иф yоу селецт анд саве тхе руле yоу wилл бе абле то генерате мултипле цоупон цодес."
"
                        Usage limit enforced for logged in customers only.
                    ","Усаге лимит енфорцед фор логгед ин цустомерс онлy."
"Category (Parent only)","Категорија (Парент онлy)"
"Category (Children Only)","Категорија (Цхилдрен Онлy)"
"Error during coupons generator process occurred","Грешка дуринг цоупонс генератор процесс оццурред"
"Error during coupons generator process occurred. Please check logs for detail","Грешка дуринг цоупонс генератор процесс оццурред. Плеасе цхецк логс фор детаил"
"An error occurred during processing; coupon with id %1 expiration date wasn't updated. The error message was: %2","Дошло је до грешке дуринг процессинг; цоупон wитх ид %1 еxпиратион дате wасн'т упдатед. Тхе еррор мессаге wас: %2"
"Remove Cart Price Rule from Campaign","Уклони Корпа Цена Руле фром Кампања"
"The entity sequence profile wasn't added to the meta active profile. Verify the profile and try again.","Тхе ентитy сеqуенце профиле wасн'т аддед то тхе мета ацтиве профиле. Верифy тхе профиле анд покушајте поново."
"File not found","Датотека није пронађено"
"Fatal Error","Фатал Грешка"
"Use deferred Stock update","Усе деферред Залихе упдате"
"Use Deferred Stock Update","Усе Деферред Залихе Ажурирај"
"Add Scheduled Export","Додај Сцхедулед Извези"
"Add Scheduled Import","Додај Сцхедулед Увези"
"Scheduled Import/Export","Сцхедулед Увези/Извези"
"Please correct the scheduled operation type.","Молимо исправите тхе сцхедулед оператион тyпе."
"Server Type","Сервер Тип"
"File Directory","Датотека Дирецторy"
"For Type ""Local Server"" use relative path to Magento installation, e.g. var/export, var/import, var/export/some/dir","За тип ""Локални сервер"" користите релативну путању до Магенто инсталације, нпр. вар/еxпорт, вар/импорт, вар/еxпорт/соме/дир"
"File Mode","Датотека Моде"
"Failed Email Receiver","Фаилед Е-пошта Рецеивер"
"Failed Email Sender","Фаилед Е-пошта Сендер"
"Failed Email Template","Фаилед Е-пошта Темплате"
"Send Failed Email Copy To","Пошаљи Фаилед Е-пошта Копирај То"
"Send Failed Email Copy Method","Пошаљи Фаилед Е-пошта Копирај Метход"
"Export File Information","Извези Датотека Информације"
"Export Failed Emails","Извези Фаилед Емаилс"
"File Format","Датотека Формат"
"Import File Information","Увези Датотека Информације"
"Import Failed Emails","Увези Фаилед Емаилс"
"On Error","Укључено Грешка"
"File Name","Датотека Назив"
"No valid data sent","Не валид дата сент"
"We cannot change status for all items.","Wе не може цханге статус фор алл итемс."
"We can't create directory ""%1""","Не можемо да креирамо директоријум ""%1"""
"The directory ""%1"" is not writable.","Директоријум ""%1"" није за писање."
"We can't delete ""%1"" because the directory is not writable.","Не можемо да обришемо ""%1"" јер директоријум није за писање."
"Scheduled Import","Сцхедулед Увези"
"New Scheduled Import","Ново Сцхедулед Увези"
"Scheduled Export","Сцхедулед Извези"
"New Scheduled Export","Ново Сцхедулед Извези"
"Are you sure you want to delete this scheduled import?","Да ли сте сигурни желите да делете тхис сцхедулед импорт?"
"Are you sure you want to delete this scheduled export?","Да ли сте сигурни желите да делете тхис сцхедулед еxпорт?"
"We were unable to save the cron expression.","Wе wере није могуће саве тхе црон еxпрессион."
"Unable to delete the cron task.","Није могуће делете тхе црон таск."
"Please correct the cron job task","Молимо исправите тхе црон јоб таск"
"File has been not created","Датотека је нот цреатед"
"Something went wrong and the operation failed.","Нешто није у реду анд тхе оператион фаилед."
"Save history file content ""%1""","Сачувај садржај историјске датотеке ""%1"""
"We couldn't write file ""%1"" to ""%2"" with the ""%3"" driver.","Не можемо уписати датотеку ""%1"" у ""%2"" са ""%3"" управљачким програмом."
"Save file content","Сачувај филе цонтент"
"Please correct the server type.","Молимо исправите тхе сервер тyпе."
"Import path %1 not exists","Увези патх %1 нот еxистс"
"Unknown file format","Непознат филе формат"
"Stop Import","Стоп Увези"
"Continue Processing","Настави Обрађује се"
"%store_name - Scheduled Export Failed","%сторе_наме - Сцхедулед Извези Фаилед"
"%operation_name - Scheduled Export Failed","%оператион_наме - Сцхедулед Извези Фаилед"
"File history path:","Датотека хисторy патх:"
"Date & Time:","Датум & време:"
"Scheduled Import/Export File History Cleanup Warnings","Сцхедулед Увези/Извези Датотека Хисторy Цлеануп Wарнингс"
"%store_name  - Scheduled Import Failed","%сторе_наме  - Сцхедулед Увези Фаилед"
"%operation_name - Scheduled Import Failed","%оператион_наме - Сцхедулед Увези Фаилед"
"Scheduled Import/Export File History Cleaning","Сцхедулед Увези/Извези Датотека Хисторy Цлеанинг"
"Save Files, Days","Сачувај Филес, Даyс"
"Enable Scheduled File History Cleaning","Омогући Сцхедулед Датотека Хисторy Цлеанинг"
"Are you sure you want to delete the selected scheduled imports/exports?","Да ли сте сигурни желите да делете тхе селецтед сцхедулед импортс/еxпортс?"
"Last Run","Последњи Рун"
"Last Outcome","Последњи Оутцоме"
"For Type ""Local Server"" use relative path to Magento installation,  e.g. var/export, var/import, var/export/some/dir","За тип ""Локални сервер"" користите релативну путању до Магенто инсталације,  нпр. вар/еxпорт, вар/импорт, вар/еxпорт/соме/дир"
"Search Term","Појмови за претрагу"
"Search Synonyms","Синоними претраге"
"New Synonym Group","Нова група синонима"
"Delete Synonym Group","Обриши Сyнонyм Група"
"Are you sure you want to delete this synonym group?","Да ли сте сигурни желите да делете тхис сyнонyм гроуп?"
"Save Synonym Group","Сачувај групу синонима"
"Save Search","Сачувај претрагу"
"Delete Search","Обриши Претрага"
"Edit Search '%1'","Измени Претрага '%1'"
"New Search","Ново Претрага"
"Search Information","Информације о претрази"
"The synonym group has been deleted.","Група синонима је обрисана."
"Edit Synonym Group","Измени Сyнонyм Група"
"Synonym Group","Група синонима"
"Failed to delete %1 synonym group(s).","Неуспешно делете %1 сyнонyм гроуп(с)."
"A total of %1 synonym group(s) have been deleted.","А тотал оф %1 сyнонyм гроуп(с) су делетед."
"Search synonyms are not supported by the %1 search engine. Any synonyms you enter won't be used.","Претрага сyнонyмс аре нот суппортед бy тхе %1 сеарцх енгине. Било који сyнонyмс yоу ентер wон'т бе усед."
"You saved the synonym group.","Сачували сте групу синонима."
"The terms you entered, (%1), belong to 1 existing synonym group, %2. Select the ""Merge existing synonyms"" checkbox so the terms can be merged.","Термини које сте унели, (%1), припадају 1 постојећој групи синонима, %2. Означите поље ""Споји постојеће синониме"" да би термини могли бити спојени."
"The terms you entered, (%1), belong to %2 existing synonym groups, %3 and %4. Select the ""Merge existing synonyms"" checkbox so the terms can be merged.","Термини које сте унели, (%1), припадају %2 постојеће групе синонима, %3 и %4. Означите поље ""Споји постојеће синониме"" да би термини могли бити спојени."
"You deleted the search.","Обрисали сте претрагу."
"This search no longer exists.","Ова претрага више не постоји."
"Edit Search","Измени Претрага"
"Please select searches.","Молимо изаберите сеарцхес."
"Search Terms Report","Извештај појмова претраге"
"You saved the search term.","Сачували сте појам претраге."
"Something went wrong while saving the search query.","Нешто није у реду wхиле савинг тхе сеарцх qуерy."
"Synonym group with id %1 cannot be deleted. %2","Сyнонyм гроуп wитх ид %1 не може бе делетед. %2"
"Merge conflict with existing synonym group(s): %1","Споји цонфлицт wитх еxистинг сyнонyм гроуп(с): %1"
"    All Store Views","Сви прегледи продавница"
"Are you sure you want to delete synonym group with id: %1?","Да ли сте сигурни желите да делете сyнонyм гроуп wитх ид: %1?"
"Search entire store here...","Овде Претражите целу продавницу..."
"There are no search terms available.","Нема доступних појмова претраге."
"Search Engine",Претраживач
"Suggested Terms","Предложени појмови"
"Comma-separated list of synonyms. The terms entered (separated by commas) will be used as an “OR” search query to search your entire store. For example, if you enter “shoes,footwear”, and user were to search for ""shoes"", the search results will include any product or content with term “shoes"" or ""footwear.”","Листа синонима одвојених зарезом. Унети термини (одвојени зарезима) биће коришћени као “ИЛИ” упит за претрагу целе продавнице. На пример, ако унесете “ципеле,обућа”, а корисник претражује ""ципеле"", резултати претраге ће укључити сваки производ или садржај са термином “ципеле"" или ""обућа."""
Synonyms,Синоними
"Are you sure you want to delete the selected synonym groups?","Да ли сте сигурни желите да делете тхе селецтед сyнонyм гроупс?"
"Synonym For","Синоним за"
"Merge existing synonyms","Споји постојеће синониме"
"The synonym group with the ""%1"" ID can't be deleted. %2","Група синонима са ИД ""%1"" не може бити обрисана. %2"
"Account Activity","Налог Ацтивитy"
"All other open sessions for this account were terminated.","Све отхер опен сессионс фор тхис аццоунт wере терминатед."
"Your account is temporarily disabled.","Ваш налог је привремено онемогућен."
"Your current session has been expired.","Ваша тренутна сесија је истекла."
"By IP and Email","Бy ИП анд Е-пошта"
"By Email","Бy Е-пошта"
"Too many password reset requests. Please wait and try again or contact %1.","Тоо манy пассwорд ресет реqуестс. Сачекајте анд покушајте поново ор цонтацт %1."
"Incorrect Security Checker class. It has to implement SecurityCheckerInterface","Нетачан Сецуритy Цхецкер цласс. Ит хас то имплемент СецуритyЦхецкерИнтерфаце"
"This administrator account is open in more than one location. Note that other locations might be different browsers or sessions on the same computer.","Тхис администратор аццоунт ис опен ин море тхан оне лоцатион. Напомена тхат отхер лоцатионс мигхт бе дифферент броwсерс ор сессионс он тхе саме цомпутер."
"IP Address","ИП адреса"
"Time of session start","Време оф сессион старт"
"Are you sure that you want to log out all other sessions?","Да ли сте сигурни тхат желите да лог оут алл отхер сессионс?"
"Log out all other sessions","Ођави све друге сесије"
"Admin Account Sharing","Админ Налог Схаринг"
"If set to Yes, you can log in from multiple computers into same account. Default setting No improves security.","Иф сет то Да, yоу цан лог ин фром мултипле цомпутерс инто саме аццоунт. Подразумевано сеттинг Не импровес сецуритy."
"Password Reset Protection Type","Тип заштите ресетовања лозинке"
"Max Number of Password Reset Requests","Макс. број захтева за ресет лозинке"
"Min Time Between Password Reset Requests","Мин Време Бетwеен Лозинка Ресетуј Реqуестс"
"We received too many requests for password resets. Please wait and try again later or contact %1.","Wе рецеивед тоо манy реqуестс фор пассwорд ресетс. Сачекајте анд покушајте поново латер ор цонтацт %1."
"You can't send messages more than %1 times an hour.","Не можете сенд мессагес море тхан %1 тимес ан хоур."
"Some emails were not sent.","Соме емаилс нису сент."
"Please enter a sender name.","Молимо унесите а сендер наме."
"Invalid Sender Email","Неисправан Сендер Е-пошта"
"Please enter a message.","Молимо унесите а мессаге."
"Please specify at least one recipient.","Молимо наведите ат леаст оне реципиент."
"Please enter a correct recipient email address.","Молимо унесите а цоррецт реципиент емаил аддресс."
"No more than %1 emails can be sent at a time.","Не море тхан %1 емаилс цан бе сент ат а тиме."
"Invalid Sender Information","Неисправан Сендер Информације"
"No Product Exception.","Не Производ Еxцептион."
"No Category Exception.","Не Категорија Еxцептион."
"Remove Recipent","Уклони Реципент"
"Send Email","Пошаљи Е-пошта"
"Select Email Template","Изабери Е-пошта Темплате"
"Allow for Guests","Дозволи фор Гуестс"
"Max Products Sent in 1 Hour","Маx Производи Сент ин 1 Хоур"
"Please provide Name for all of recipients.","Молимо обезбедите Назив фор алл оф реципиентс."
"Please provide Email for all of recipients.","Молимо обезбедите Е-пошта фор алл оф реципиентс."
"Please provide Name of sender.","Молимо обезбедите Назив оф сендер."
"Please provide Email of sender.","Молимо обезбедите Е-пошта оф сендер."
"Please provide Message.","Молимо обезбедите Мессаге."
"Catalog Structure","Каталог Струцтуре"
"Catalog Id","Каталог Ид"
"Store Id","Продавница Ид"
"This action cannot be undone. Are you sure you want to delete this catalog?","Тхис ацтион не може бе ундоне. Да ли сте сигурни желите да делете тхис цаталог?"
"Linked Products","Линкед Производи"
"The companies have been reassigned.","Тхе цомпаниес су реассигнед."
"Error while reassigning the company.","Грешка wхиле реассигнинг тхе цомпанy."
"Discount value cannot be outside the range 0-100","Попуст валуе не може бе оутсиде тхе ранге 0-100"
"The selected changes have been applied to the shared catalog.","Тхе селецтед цхангес су апплиед то тхе схаред цаталог."
"New Shared Catalog","Ново Схаред Каталог"
"The shared catalog was deleted successfully.","Тхе схаред цаталог wас делетед успешно."
"Something went wrong while saving the shared catalog.","Нешто није у реду wхиле савинг тхе схаред цаталог."
"No shared catalog name is specified in request.","Не схаред цаталог наме ис специфиед ин реqуест."
"You cannot unassign a company from the public shared catalog.","Yоу не може унассигн а цомпанy фром тхе публиц схаред цаталог."
"Could not set default customer group","Није могао сет дефаулт цустомер гроуп"
"Could not save customer group.","Није могао саве цустомер гроуп."
"Could not update shared catalog customer group","Није могао упдате схаред цаталог цустомер гроуп"
"Cannot load product items for shared catalog","Не може лоад продуцт итемс фор схаред цаталог"
"Could not save ProductItem","Није могао саве ПродуцтИтем"
"Cannot delete product with id %1","Не може делете продуцт wитх ид %1"
"Cannot delete shared catalog with id %1","Не може делете схаред цаталог wитх ид %1"
"Assign Categories to Shared Catalog","Ассигн Категорије то Схаред Каталог"
"Something went wrong while scheduling operations.","Нешто није у реду wхиле сцхедулинг оператионс."
"Could not save shared catalog.","Није могао саве схаред цаталог."
"Requested product doesn't exist: %sku.","Реqуестед продуцт не постоји: %ску."
"No such shared catalog entity","Не суцх схаред цаталог ентитy"
"You cannot convert a public catalog to a custom catalog. If you need to replace this public catalog, create a custom catalog, then change its type to public.","Yоу не може цонверт а публиц цаталог то а цустом цаталог. Иф yоу неед то реплаце тхис публиц цаталог, цреате а цустом цаталог, тхен цханге итс тyпе то публиц."
"Requested Shared Catalog is not found","Реqуестед Схаред Каталог ис није пронађено"
"Catalog (id:%1) cannot be deleted because it is a public catalog. You must create a new public catalog before you can delete this catalog.","Каталог (ид:%1) не може бе делетед бецаусе ит ис а публиц цаталог. Yоу муст цреате а неw публиц цаталог бефоре yоу цан делете тхис цаталог."
"Cannot create a shared catalog because some information is missing. Please make sure you provided Store Group ID, Name and Tax Class.","Не може цреате а схаред цаталог бецаусе соме информатион ис недостаје. Плеасе маке суре yоу провидед Продавница Група ИД, Назив анд Порез Цласс."
"A catalog named %catalogName already exists. Please select a different name.","А цаталог намед %цаталогНаме алреадy еxистс. Молимо изаберите а дифферент наме."
"You cannot change the customer group for a shared catalog.","Yоу не може цханге тхе цустомер гроуп фор а схаред цаталог."
"Please <a href=""%1"">create</a> at least a public shared catalog to proceed.","Молимо <а хреф=""%1"">креирајте</а> бар један јавни дељени каталог да бисте наставили."
"Requested product doesn't exist: %1.","Реqуестед продуцт не постоји: %1."
"Website 3","Веб сајт 3"
"Website 1","Веб сајт 1"
"Assign Companies","Ассигн Компаније"
"Delete ""${ $.$data.name }""","Обриши ""${ $.$дата.наме }"""
"Catalog and Tier Price","Каталог анд Тиер Цена"
"Group or Catalog","Група ор Каталог"
"You must enable the <a href=""%1"" data-role=""notification-dialog"">shared catalog</a> feature in 
        Stores -> Configuration -> B2B Features to use the shared catalogs in the storefront.
        Otherwise, the categories and products you're configuring in shared catalogs will 
        not be restricted to customers.","Морате омогућити функцију <а хреф=""%1"" дата-роле=""нотифицатион-диалог"">дељеног каталога</а> у 
        Продавнице -> Конфигурација -> Б2Б функције да бисте користили дељене каталоге у излогу.
        Иначе, категорије и производи које конфигуришете у дељеним каталозима неће 
        бити ограничени на купце."
"You must enable the shared catalog feature in Stores -> Configuration -> B2B Features 
    to use the shared catalogs in the storefront. Otherwise, the categories and products you're 
    configuring in shared catalogs will not be restricted to customers.","Морате омогућити функцију дељеног каталога у Продавнице -> Конфигурација -> Б2Б функције 
    да бисте користили дељене каталоге у излогу. Иначе, категорије и производи које 
    конфигуришете у дељеним каталозима неће бити ограничени на купце."
"Products in Catalog","Производи ин Каталог"
"Continue to configure the shared catalog structure and pricing.","Настави то цонфигуре тхе схаред цаталог струцтуре анд прицинг."
Store:,Продавница:
"Step 1: Select Products for Catalog","Степ 1: Изабери Производи фор Каталог"
Website:,"Веб сајт:"
"Proceed to Store Configuration?","Процеед то Продавница Конфигурација?"
"Generate Catalog","Генерате Каталог"
"Shared Catalog","Дељени каталог"
"Manage Shared Catalog","Манаге Схаред Каталог"
"Enable Shared Catalog","Омогући Схаред Каталог"
"To select No, please <a href=""%1"">create</a> the Public Catalog first.","Да бисте изабрали Не, прво <а хреф=""%1"">креирајте</а> јавни каталог."
"Group/Shared Catalog","Група/Схаред Каталог"
"Product In Shared Catalogs","Производ Ин Схаред Цаталогс"
"Change Catalog?","Цханге Каталог?"
"Assign Catalog","Ассигн Каталог"
"Unassign Catalog","Унассигн Каталог"
"Shared Catalog Information","Схаред Каталог Информације"
"Catalog Details","Каталог Детаљи"
"Public Catalog Already Exists","Публиц Каталог Алреадy Еxистс"
"A public shared catalog already exists. If you proceed, the existing public shared catalog will be converted to a custom catalog. All the companies defined in the existing public shared catalog will be assigned to the new public shared catalog.","А публиц схаред цаталог алреадy еxистс. Иф yоу процеед, тхе еxистинг публиц схаред цаталог wилл бе цонвертед то а цустом цаталог. Све тхе цомпаниес дефинед ин тхе еxистинг публиц схаред цаталог wилл бе ассигнед то тхе неw публиц схаред цаталог."
"Change Catalog Type?","Цханге Каталог Тип?"
"A public shared catalog already exists. If you proceed, the existing public shared catalog will be converted to a custom catalog. All the companies defined in the existing public shared catalog will be re-assigned to the new public shared catalog.","А публиц схаред цаталог алреадy еxистс. Иф yоу процеед, тхе еxистинг публиц схаред цаталог wилл бе цонвертед то а цустом цаталог. Све тхе цомпаниес дефинед ин тхе еxистинг публиц схаред цаталог wилл бе ре-ассигнед то тхе неw публиц схаред цаталог."
"Add Shared Catalog","Додај Схаред Каталог"
"This action cannot be undone. Are you sure you want to delete this catalog(s)?","Тхис ацтион не може бе ундоне. Да ли сте сигурни желите да делете тхис цаталог(с)?"
"This discount will be applied to all selected products. The custom price type will be set to 'Discount'.","Тхис дисцоунт wилл бе апплиед то алл селецтед продуцтс. Тхе цустом прице тyпе wилл бе сет то 'Попуст'."
"Set Discount","Сет Попуст"
"Adjust Fixed Price","Ађуст Фиxед Цена"
"New Price","Ново Цена"
"To select No, please <a href=""%s"">create</a> the Public Catalog first.","Да бисте изабрали Не, прво <а хреф=""%с"">креирајте</а> јавни каталог."
"New Shipment for Order #%1","Ново Пошиљка фор Поруџбина #%1"
"Submit Shipment","Пошаљите пошиљку"
"Products should be added to package(s)","Производи треба да буду додати у пакет(е)"
"Add Tracking Number","Број за праћење"
"Send Tracking Information","Пошаљите информације о прац́ењу"
"Are you sure you want to send a Shipment email to customer?","Да ли сте сигурни желите да сенд а Пошиљка емаил то цустомер?"
"the shipment email was sent","емаил испоруке је послат"
"the shipment email is not sent","емаил испоруке није послат"
"Shipment #%1 | %3 (%2)","Пошиљка #%1 | %3 (%2)"
"Create Shipping Label...","Креирај налепницу за доставу..."
"Print Shipping Label","Штампај налепницу за доставу"
"Show Packages","Прикажи пакете"
"About Your Shipment","О вашој пошиљци"
"Cannot add tracking number.","Не може се додати број за праћење."
"You created the shipping label.","Креирали сте налепницу за доставу."
"An error occurred while creating shipping label.","Дошло је до грешке wхиле цреатинг схиппинг лабел."
"An email confirming the order is underway has been sent to the customer.","Емаил потврде поруџбине је послат кориснику."
"Cannot send shipment information.","Не могу се послати информације о испоруци."
"New Shipment","Нова испорука"
"We can't delete tracking number.","Не можемо обрисати број за праћење."
"We can't save the shipment right now.","Не можемо сачувати испоруку тренутно."
"The shipment has been created.","Испорука је креирана."
"Cannot save shipment.","Не може се сачувати испорука."
"Cannot do shipment for the order separately from invoice.","Не може до схипмент фор тхе ордер сепарателy фром инвоице."
"Cannot do shipment for the order.","Не може се извршити испорука за поруџбину."
"Tracking Information","Информације о праћењу"
"The shipping module is not available.","Модул доставе није доступан."
"This shipping method is not available. Please specify the zip code.","Тхис схиппинг метход ис нот аваилабле. Молимо наведите тхе зип цоде."
"Specific Countries","Одређене земље"
Packages,Пакети
Package,Пакет
Length,Дужина
"Customs Value","Царинска вредност"
Contents,Садржај
Girth,Обим
"Shipping labels is not available.","Налепнице за доставу нису доступне."
"Response info is not exist.","Информације о одговору не постоје."
"Per Package","По пакету"
"Tracking information is unavailable.","Прац́ење пошиљке тренутно није доступно."
"Items to Ship","Артикли за испоруку"
"Qty to Ship","Количина за слање"
"Shipment Total","Детаљи испоруке"
"Shipment Options","Опције испоруке"
"Create Shipping Label","Креирај налепницу за доставу"
"Email Copy of Shipment","Е-пошта Копирај оф Пошиљка"
"Invalid value(s) for Qty to Ship","Неисправан валуе(с) фор Кол то Схип"
"Create Packages","Креирај пакете"
"Add Package","Додај пакет"
"Add Selected Product(s) to Package","Додај Селецтед Производ(с) то Пацкаге"
"Add Products to Package","Додај производе у пакет"
in,у
"Delete Package","Обриши пакет"
Carrier,Превозник
"Shipping &amp; Handling Information","Информације о достави и руковању"
"Track Order","Прати поруџбину"
"Shipping and Tracking Information","Информације о достави и праћењу"
"Track this shipment","Прати ову испоруку"
"Items Shipped","Испоручени артикли"
"Shipment History","Историја испоруке"
"Print All Shipments","Штампај све испоруке"
"Shipment #","Испоруке #"
"Print Shipment","Штампај испоруку"
"Tracking Number(s):","Број за праћење:"
"Order tracking","Прац́ење поруџбина"
"Tracking Number:","Број за праћење:"
Carrier:,"Курирска служба:"
"Tracking information is currently not available. Please ","Информације о прац́ењу Пошиљке тренутно нису доступне. Молимо вас"
"contact us","контактирајте нас"
" for more information or ","за више информација или"
"email us at ","пошаљите нам е-маил на"
Info:,Информација:
Track:,Прати:
"Delivered on:",Достављено:
"There is no tracking available for this shipment.","Овде није доступно прац́ење за ову пошиљку."
"There is no tracking available.","Није доступно прац́ење пошиљке."
"Track history","Прати историју"
"Local Time","Локално време"
"See our Shipping Policy","Погледајте нашу политику испоруке"
"Shipping Settings Section","Одељак за поставке испоруке"
"Shipping Policy Parameters Section","Секција параметара политике доставе"
"Shipping Methods Section","Достава Метходс Сецтион"
"Shipping Settings","Поставке испоруке"
Origin,Порекло
"Shipping Policy Parameters","Параметри политике доставе"
"Apply custom Shipping Policy","Примени цустом Достава Полицy"
"Shipping Policy","Политика испоруке"
"Track your order","Пратите свој пакет"
"Track All Shipments","Пратите све пошиљке"
"You sent the shipment.","Послали сте испоруку."
"Signed by:",Потписао:
"Delivered to:","Достављено за:"
"Shipped or billed on:","Испоручено или фактурисано:"
"Service Type:","Тип услуге:"
Weight:,Тежина:
"Shipping labels can't be created. Verify that the store information and settings are complete and try again.","Достава лабелс цан'т бе цреатед. Верифy тхат тхе сторе информатион анд сеттингс аре цомплете анд покушајте поново."
"In Review","Ин Рецензија"
"Cannot update Case entity.","Не може упдате Цасе ентитy."
"The ""%1"" should not be empty.","""%1"" не сме бити празно."
"Case entity not found.","Цасе ентитy није пронађено."
"Case Update: New score for the order is %1. Previous score was %2.","Цасе Ажурирај: Ново сцоре фор тхе ордер ис %1. Претходни сцоре wас %2."
"Only single entrance of ""%1"" node is required.","Потребан је само један унос ""%1"" чвора."
"Not empty value for ""%1"" node is required.","Потребна је непразна вредност за ""%1"" чвор."
"Cannot generate message.","Не може генерате мессаге."
"Fraud Protection Information","Фрауд Протецтион Информације"
"Signifyd automatically reviews your orders for fraud, telling you in seconds which orders to ship, and which to reject.
                    We back our approvals with 100% chargeback protection, reimbursing you the full order amount plus fees should you ever receive a fraudulent chargeback.
                    <p>Benefits:<ul>
                    <li>Grow your business without fear of fraud</li>
                    <li>Accept more orders and maximize your revenue</li>
                    <li>Automate order review and shift fraud off your plate</li></ul></p>","Сигнифyд аутоматски прегледа ваше поруџбине на преваре, говорећи вам у секундама које поруџбине да испоручите, а које да одбијете.
                    Наша одобрења подржавамо са 100% заштитом од повраћаја, рефундирајући вам пун износ поруџбине плус накнаде ако икада добијете лажни повраћај.
                    <п>Предности:<ул>
                    <ли>Развијајте своје пословање без страха од превара</ли>
                    <ли>Прихватите више поруџбина и максимизирајте приход</ли>
                    <ли>Аутоматизујте преглед поруџбина и склоните преваре са свог задатка</ли></ул></п>"
"<a href=""https://www.signifyd.com/resources/manual/magento-2/signifyd-on-magento-integration-guide/"" target=""_blank"">View our setup guide</a> for step-by-step instructions on how to integrate Signifyd with Magento.<br />For support contact <a href=""mailto:support@signifyd.com"">support@signifyd.com</a>.","<а хреф=""хттпс://www.сигнифyд.цом/ресоурцес/мануал/магенто-2/сигнифyд-он-магенто-интегратион-гуиде/"" таргет=""_бланк"">Погледајте наш водич за подешавање</а> за детаљна упутства о интеграцији Сигнифyд-а са Магентом.<бр />За подршку контактирајте <а хреф=""маилто:суппорт@сигнифyд.цом"">суппорт@сигнифyд.цом</а>."
"Your webhook URL will be used to <a href=""https://app.signifyd.com/settings/notifications"" target=""_blank"">configure</a> a guarantee completed webhook in Signifyd. Webhooks are used to sync Signifyd`s guarantee decisions back to Magento.","Ваш wебхоок УРЛ ће бити коришћен за <а хреф=""хттпс://апп.сигнифyд.цом/сеттингс/нотифицатионс"" таргет=""_бланк"">конфигурацију</а> wебхоок-а за завршену гаранцију у Сигнифyд-у. Wебхоок-ови се користе за синхронизацију Сигнифyд-ових одлука о гаранцији назад у Магенто."
"Save & Generate","Сачувај & Генерате"
"Edit Sitemap","Измени Мапа сајта"
"New Sitemap","Ново Мапа сајта"
"Sitemap Information","Мапа сајта Информације"
Sitemap,"Мапа сајта"
"example: ""/sitemap/"" or ""/"" for base path (path must be writeable)","пример: ""/ситемап/"" или ""/"" за основну путању (путања мора бити за писање)"
"Add Sitemap","Додај Мапа сајта"
"Site Map","Мапа сајта"
"New Site Map","Ново Мапа сајта"
"The sitemap ""%1"" has been generated.","Мапа сајта ""%1"" је генерисана."
"File handler unreachable","Датотека хандлер унреацхабле"
"Please create the specified folder ""%1"" before saving the sitemap.","Молимо креирајте наведени фолдер ""%1"" пре чувања мапе сајта."
"Please make sure that ""%1"" is writable by the web-server.","Молимо проверите да ""%1"" може да пише веб сервер."
"Please use only letters (a-z or A-Z), numbers (0-9) or underscores (_) in the filename. No spaces or other characters are allowed.","Плеасе усе онлy леттерс (а-з ор А-З), нумберс (0-9) ор ундерсцорес (_) ин тхе филенаме. Не спацес ор отхер цхарацтерс аре аллоwед."
"Sitemap generate Warnings","Мапа сајта генерате Wарнингс"
"Sitemap Generation Warnings","Мапа сајта Генератион Wарнингс"
"XML Sitemap Section","XМЛ Мапа сајта Сецтион"
"Categories Options","Категорије Оптионс"
"Products Options","Производи Оптионс"
"Add Images into Sitemap","Додај Имагес инто Мапа сајта"
"CMS Pages Options","ЦМС Странице Оптионс"
"Generation Settings","Генератион Подешавања"
"Sitemap File Limits","Мапа сајта Датотека Лимитс"
"Maximum No of URLs Per File","Маxимум Не оф УРЛс Пер Датотека"
"Maximum File Size","Маxимум Датотека Сизе"
"File size in bytes.","Датотека сизе ин бyтес."
"Search Engine Submission Settings","Претрага Енгине Субмиссион Подешавања"
"Enable Submission to Robots.txt","Омогући Субмиссион то Роботс.тxт"
"Last Generated","Последњи Генератед"
"Solr Server Password","Солр Сервер Лозинка"
"Remove from Update","Уклони фром Ажурирај"
"Schedule New Update","Распоред Ново Ажурирај"
"View Specific Date","Преглед Специфиц Датум"
"Date & Time","Датум & Време"
"Content Staging Dashboard","Садржај Стагинг Контролна табла"
"The Start Time of this Update cannot be changed. It's been already started.","Тхе Почетак Време оф тхис Ажурирај не може бе цхангед. Ит'с беен алреадy стартед."
"Future Update in this time range already exists. 
                            Select a different range to add a new Future Update.","Будуће ажурирање у овом временском опсегу већ постоји. 
                            Изаберите други опсег да додате ново будуће ажурирање."
"Cannot save Update.","Не може саве Ажурирај."
"Edit Existing Update","Измени Еxистинг Ажурирај"
"Assign to Another Update","Ассигн то Анотхер Ажурирај"
"Assign to Existing Update","Ассигн то Еxистинг Ажурирај"
"%1 is required parameter.","%1 је обавезно параметер."
"Invalid action type %1.","Неисправан ацтион тyпе %1."
"Invalid action.","Неисправан ацтион."
"Invalid parameter %1.","Неисправан параметер %1."
"Something went wrong while removing the %1.","Нешто није у реду wхиле ремовинг тхе %1."
"Something went wrong while saving the %1.","Нешто није у реду wхиле савинг тхе %1."
"Action class must implement ActionDataProviderInterface","Акција цласс муст имплемент АцтионДатаПровидерИнтерфаце"
"Delete Update","Обриши Ажурирај"
"Please select Name for Future Update.","Молимо изаберите Назив фор Футуре Ажурирај."
"Please select Start Time for Future Update.","Молимо изаберите Почетак Време фор Футуре Ажурирај."
"Future Update Start Time cannot be earlier than current time.","Футуре Ажурирај Почетак Време не може бе еарлиер тхан цуррент тиме."
"Future Update End Time cannot be earlier than current time.","Футуре Ажурирај Крај Време не може бе еарлиер тхан цуррент тиме."
"Update with id ""%1"" does not exist.","Ажурирање са ИД ""%1"" не постоји."
"Active update can not be deleted","Активан упдате цан нот бе делетед"
"Start time could not be changed while update active","Почетак тиме није могао бе цхангед wхиле упдате ацтиве"
"Unable to save Future Update.","Није могуће саве Футуре Ажурирај."
"Belongs to ","Белонгс то"
"Share Preview Link","Схаре Преглед Линк"
"Create New Update","Креирај Ново Ажурирај"
"Preview Update","Преглед Ажурирај"
"Remove this update","Уклони тхис упдате"
"Staging Dashboard","Стагинг Контролна табла"
"Assign to Another Campaign","Ассигн то Анотхер Кампања"
"Assign to Existing Campaign","Ассигн то Еxистинг Кампања"
"Create New Campaign","Креирај Ново Кампања"
"Campaign/Promo Name","Кампања/Промо Назив"
"The Future Update Start Time is invalid. It can't be later than current time + %1 years.","Тхе Футуре Ажурирај Почетак Време ис неисправан. Ит цан'т бе латер тхан цуррент тиме + %1 yеарс."
"The Future Update End Time is invalid. It can't be later than current time + %1 years.","Тхе Футуре Ажурирај Крај Време ис неисправан. Ит цан'т бе латер тхан цуррент тиме + %1 yеарс."
"The required parameter is ""%1"". Set parameter and try again.","Обавезни параметар је ""%1"". Поставите параметар и покушајте поново."
"The ""%1"" action type is invalid. Verify the action type and try again.","Тип акције ""%1"" је неважећи. Проверите тип акције и покушајте поново."
"The action is invalid. Verify the action and try again.","Тхе ацтион ис неисправан. Верифy тхе ацтион анд покушајте поново."
"The ""%1"" parameter is invalid. Verify the parameter and try again.","Параметар ""%1"" је неважећи. Проверите параметар и покушајте поново."
"The type that was requested doesn't have a corresponding implementation. Verity the type and try again.","Тхе тyпе тхат wас реqуестед доесн'т хаве а цорреспондинг имплементатион. Веритy тхе тyпе анд покушајте поново."
"Action class needs to implement ActionDataProviderInterface. Verify action class and try again.","Акција цласс неедс то имплемент АцтионДатаПровидерИнтерфаце. Верифy ацтион цласс анд покушајте поново."
"The Name for Future Update needs to be selected. Select and try again.","Тхе Назив фор Футуре Ажурирај неедс то бе селецтед. Изабери анд покушајте поново."
"The Start Time for Future Update needs to be selected. Select and try again.","Тхе Почетак Време фор Футуре Ажурирај неедс то бе селецтед. Изабери анд покушајте поново."
"The Future Update Start Time is invalid. It can't be earlier than the current time.","Тхе Футуре Ажурирај Почетак Време ис неисправан. Ит цан'т бе еарлиер тхан тхе цуррент тиме."
"The Future Update End Time is invalid. It can't be the same time or earlier than the current time.","Тхе Футуре Ажурирај Крај Време ис неисправан. Ит цан'т бе тхе саме тиме ор еарлиер тхан тхе цуррент тиме."
"The Future Update End Time is invalid. It can't be earlier than the current time.","Тхе Футуре Ажурирај Крај Време ис неисправан. Ит цан'т бе еарлиер тхан тхе цуррент тиме."
"The update with the ""%1"" ID doesn't exist. Verify the ID and try again.","Ажурирање са ИД ""%1"" не постоји. Проверите ИД и покушајте поново."
"The start time can't be changed while the update is active. Please wait until the update is complete and try again.","Тхе старт тиме цан'т бе цхангед wхиле тхе упдате ис ацтиве. Сачекајте унтил тхе упдате ис цомплете анд покушајте поново."
"The future update was unable to be saved. Please try again.","Тхе футуре упдате wас није могуће бе савед. Покушајте поново."
"Invalid store requested.","Неисправна продавница захтевана."
"Current store is not active.","Тренутна продавница није активна."
"Requested store is inactive","Тражена продавница је неактивна"
"Requested store is not found","Тражена продавница није пронађена"
"Website was not found","Веб сајт није пронађен"
"Group was not found","Група wас није пронађено"
"Store was not found","Продавница није пронађена"
"Invalid scope object","Неисправан сцопе објецт"
"Group with the same code","Група са истим кодом"
"Store with the same code","Продавница са истим кодом"
"Website with the same code","Веб сајт са истим кодом"
"Website code may only contain letters (a-z), numbers (0-9) or underscore (_), and the first character must be a letter.","Веб сајт цоде маy онлy цонтаин леттерс (а-з), нумберс (0-9) ор ундерсцоре (_), анд тхе фирст цхарацтер муст бе а леттер."
"Name is required","Назив је обавезан"
"Store is inactive","Продавница је неактивна"
"Invalid store parameter.","Неисправан параметар продавнице."
"Default store is inactive","Подразумевана продавница је неактивна"
"Default website is not defined","Подразумевани веб сајт није дефинисан"
"Your Language:","Yоур Језик:"
"Your Language","Yоур Језик"
Language,Језик
"Select Store","Изабери продавницу"
"Page blocks HTML","Страница блоцкс ХТМЛ"
"Page blocks HTML.","Страница блоцкс ХТМЛ."
"The store cannot be switched.","Продавница не може бити промењена."
"The store that was requested wasn't found. Verify the store and try again.","Тхе сторе тхат wас реqуестед wасн'т фоунд. Верифy тхе сторе анд покушајте поново."
"The website wasn't found. Verify the website and try again.","Тхе wебсите wасн'т фоунд. Верифy тхе wебсите анд покушајте поново."
"The group wasn't found. Verify the group and try again.","Тхе гроуп wасн'т фоунд. Верифy тхе гроуп анд покушајте поново."
"The store wasn't found. Verify the store and try again.","Тхе сторе wасн'т фоунд. Верифy тхе сторе анд покушајте поново."
"The scope object is invalid. Verify the scope object and try again.","Тхе сцопе објецт ис неисправан. Верифy тхе сцопе објецт анд покушајте поново."
"The default website isn't defined. Set the website and try again.","Тхе дефаулт wебсите исн'т дефинед. Сет тхе wебсите анд покушајте поново."
"The default website is invalid. Make sure no more than one default is defined and try again.","Тхе дефаулт wебсите ис неисправан. Маке суре но море тхан оне дефаулт ис дефинед анд покушајте поново."
"Backup Log Details","Резервна копија Лог Детаљи"
"Are you sure you want to delete the system report?","Да ли сте сигурни желите да делете тхе сyстем репорт?"
"System Report Information","Систем Репорт Информације"
"Output path %1 doesn't exist","Оутпут патх %1 не постоји"
"Unknown DB param: %1","Непознат ДБ парам: %1"
"Paths file cannot be created","Патхс филе не може бе цреатед"
"Please select item(s).","Молимо изаберите итем(с)."
Support,Подршка
"The backup has been saved.","Тхе бацкуп је савед."
"Failed to save backup with error: %1","Неуспешно саве бацкуп wитх еррор: %1"
"An error occurred while saving backup","Дошло је до грешке wхиле савинг бацкуп"
"All processes should be complete","Све процессес схоулд бе цомплете"
"The backup has been deleted.","Тхе бацкуп је делетед."
"Cannot delete backup","Не може делете бацкуп"
"File does not exist","Датотека не постоји"
"Log Details","Лог Детаљи"
"An error occurred during mass deletion of data collector backups. Please review log and try again.","Дошло је до грешке дуринг масс делетион оф дата цоллецтор бацкупс. Плеасе ревиеw лог анд покушајте поново."
"After you make your selections, click the ""Create"" button. Then stand by while the System Report is generated. This may take a few minutes. You will receive a notification once this step is completed.","Након што направите свој избор, кликните на дугме ""Креирај"". Затим сачекајте док се Систем извештај генерише. Ово може потрајати неколико минута. Добићете обавештење када овај корак буде завршен."
"Create System Report","Креирај Систем Репорт"
"Unable to find a system report to delete.","Није могуће финд а сyстем репорт то делете."
"The system report has been deleted.","Тхе сyстем репорт је делетед."
"An error occurred while deleting the system report. Please review log and try again.","Дошло је до грешке wхиле делетинг тхе сyстем репорт. Плеасе ревиеw лог анд покушајте поново."
"Unable to read system report data to display.","Није могуће реад сyстем репорт дата то дисплаy."
"No groups were specified to generate system report.","Не гроупс wере специфиед то генерате сyстем репорт."
"The system report has been generated.","Тхе сyстем репорт је генератед."
"An error occurred while the system report was being created. Please review the log and try again.","Дошло је до грешке wхиле тхе сyстем репорт wас беинг цреатед. Плеасе ревиеw тхе лог анд покушајте поново."
"System Reports","Систем Извештаји"
"An error occurred during mass deletion of system reports. Please review log and try again.","Дошло је до грешке дуринг масс делетион оф сyстем репортс. Плеасе ревиеw лог анд покушајте поново."
"Utility %1 not found","Утилитy %1 није пронађено"
"Unknown utility: %1","Непознат утилитy: %1"
"Cannot set root directory.","Не може сет роот дирецторy."
"Support Module doesn't support %s operation system","Подршка Модуле доесн'т суппорт %с оператион сyстем"
"Unable to create backup due to php exec function is disabled","Није могуће цреате бацкуп дуе то пхп еxец фунцтион ис дисаблед"
"Unknown Status","Непознат Статус"
"Processing ...","Обрађује се ..."
"All Eav Attributes","Све Еав Аттрибутес"
"Category Eav Attributes","Категорија Еав Аттрибутес"
"Customer Address Eav Attributes","Купац Адреса Еав Аттрибутес"
"Customer Eav Attributes","Купац Еав Аттрибутес"
"Attribute Model","Атрибут Модел"
"Additional Attribute Table","Аддитионал Атрибут Табле"
"New Eav Attributes","Ново Еав Аттрибутес"
"Product Eav Attributes","Производ Еав Аттрибутес"
"For Checkout","Фор Наплата"
"Refund Online","Повраћај Онлине"
"Partial Refund Online","Партиал Повраћај Онлине"
"Refund Offline","Повраћај Оффлине"
"Partial Refund Offline","Партиал Повраћај Оффлине"
"Job Code","Јоб Код"
"Group Code","Група Код"
"All Configurable Cron Jobs","Све Цонфигурабле Црон Јобс"
"All Global Cron Jobs","Све Глобал Црон Јобс"
"Cron Schedules List","Црон Сцхедулес Листа"
"Schedule Id","Распоред Ид"
"Status Code","Статус Код"
"Corrupted Categories Data","Цорруптед Категорије Дата"
"Duplicate Categories By URL Key","Дуплицате Категорије Бy УРЛ Кеy"
"URL key","УРЛ кључ"
"Customer Id","Купац Ид"
"Duplicate Products By SKU","Дуплицате Производи Бy СКУ"
"Duplicate Products By URL Key","Дуплицате Производи Бy УРЛ Кеy"
"Duplicate Users By Email","Дуплицате Усерс Бy Е-пошта"
"Adminhtml Themes List","Админхтмл Теме Листа"
"Frontend Themes List","Фронтенд Теме Листа"
"Event Name","Евент Назив"
Method,Метода
"All Admin Events","Све Админ Евентс"
"All Crontab Events","Све Цронтаб Евентс"
"All Doc Events","Све Доц Евентс"
"All Frontend Events","Све Фронтенд Евентс"
"All Global events","Све Глобал евентс"
"All REST Events","Све РЕСТ Евентс"
"All SOAP Events","Све СОАП Евентс"
"Last Occurrence","Последњи Оццурренце"
"Today's Top System Messages","Тодаy'с Топ Систем Мессагес"
"Top System Messages","Топ Систем Мессагес"
"Store Views List","Продавница Виеwс Листа"
"Stores List","Продавнице Листа"
"Websites List","Wебситес Листа"
"Cannot save backup. The reason is: Utility lsof not found","Не може саве бацкуп. Тхе реасон ис: Утилитy лсоф није пронађено"
"Entity Type Code","Ентитy Тип Код"
"Show Log","Прикажи Лог"
"Delete ""%1""","Обриши ""%1"""
"Are you sure you want to delete a ""%1"" record?","Да ли сте сигурни да желите да обришете ""%1"" запис?"
"Are you sure you wan't to delete a ""%1"" record?","Да ли сте сигурни да желите да обришете ""%1"" запис?"
"Backup ID: ","Резервна копија ИД:"
" (no data)","(но дата)"
"No data","Не дата"
"Support Data Collector","Подршка Дата Цоллецтор"
"Support System Report","Подршка Систем Репорт"
"System Report","Систем Репорт"
"New Backup","Ново Резервна копија"
"Are you sure you want to delete selected item(s)?","Да ли сте сигурни желите да делете селецтед итем(с)?"
"Code Dump","Код Думп"
"Choose Report Groups","Изабери Репорт Гроупс"
"New Report","Ново Репорт"
"Date Generated","Датум Генератед"
"All processes should be completed.","Све процессес схоулд бе цомплетед."
"The ""%1"" utility wasn't found. Verify the utility and try again.","Услуга ""%1"" није пронађена. Проверите услугу и покушајте поново."
"The ""%1"" utility is unknown. Verify the utility and try again.","Услуга ""%1"" је непозната. Проверите услугу и покушајте поново."
"The root category can't be set. Verify the category and try again.","Тхе роот цатегорy цан'т бе сет. Верифy тхе цатегорy анд покушајте поново."
"Unknown schema type supplied","Непознат сцхема тyпе супплиед"
"Admin is a required field in each row","Админ је затражио поље у сваком реду"
"Update Product Preview Image","Ажурирај Производ Преглед Слика"
"Use Product Image for Swatch if Possible","Усе Производ Слика фор Сwатцх иф Поссибле"
"Visual Swatch","Визуелни узорак"
"Text Swatch","Текстуални узорак"
"Manage Swatch (Values of Your Attribute)","Манаге Сwатцх (Валуес оф Yоур Атрибут)"
"Add Swatch","Додај Сwатцх"
Swatch,Узорак
"Choose a color","Изабери а цолор"
"Upload a file","Отпреми а филе"
"Select from the following attribute values for this product. Each unique combination of values creates a unique product SKU.","Изабери фром тхе фоллоwинг аттрибуте валуес фор тхис продуцт. Еацх униqуе цомбинатион оф валуес цреатес а униqуе продуцт СКУ."
Swatches,Узорци
"Swatches per Product","Узорци по производу"
"Show Swatches in Product List","Прикажи узорке на листи производа"
"Swatch Image","Слика узорка"
"Admin is a required field in the each row","Админ ис а обавезно поље ин тхе еацх роw"
"Swatch cannot be saved","Сwатцх не може бе савед"
"Addtional data is wrong and cannot be assembled","Аддтионал дата ис wронг анд не може бе ассемблед"
"Addtional data is wrong and cannot be populated","Аддтионал дата ис wронг анд не може бе популатед"
"Related Products Rule","Релатед Производи Руле"
"Product Result Conditions (leave blank for matching all products)","Производ Ресулт Цондитионс (леаве бланк фор матцхинг алл продуцтс)"
"Products to Display","Производи то Дисплаy"
"Product Match Conditions (leave blank for matching all products)","Производ Матцх Цондитионс (леаве бланк фор матцхинг алл продуцтс)"
"Products to Match","Производи то Матцх"
"General Rule Information","Опште Руле Информације"
"Product Rule Information","Производ Руле Информације"
"Undefined Catalog Product List Type","Ундефинед Каталог Производ Листа Тип"
"New Related Products Rule","Ново Релатед Производи Руле"
"Related Products Rules","Релатед Производи Рулес"
"Please specify a correct rule.","Молимо наведите а цоррецт руле."
"Invalid product list type","Неисправан продуцт лист тyпе"
"Invalid rotation mode type","Неисправан ротатион моде тyпе"
"Product %1%2%3%4%5%6%7","Производ %1%2%3%4%5%6%7"
"Constant Value","Цонстант Вредност"
"the Same as Matched Product Categories","тхе Саме ас Матцхед Производ Категорије"
"the Child of the Matched Product Categories","тхе Цхилд оф тхе Матцхед Производ Категорије"
"Matched Product %1","Матцхед Производ %1"
"Target Product ","Таргет Производ"
"Price (percentage)","Цена (перцентаге)"
"Product Special","Производ Специал"
more,више
"Product Price is %1 %2% of Matched Product(s) Price","Производ Цена ис %1 %2% оф Матцхед Производ(с) Цена"
"Model class name for attribute is invalid","Модел цласс наме фор аттрибуте ис неисправан"
"This attribute code is invalid. Please use only letters (a-z), numbers (0-9) or underscores (_), and be sure the code begins with a letter.","Тхис аттрибуте цоде ис неисправан. Плеасе усе онлy леттерс (а-з), нумберс (0-9) ор ундерсцорес (_), анд бе суре тхе цоде бегинс wитх а леттер."
"Both Selected and Rule-Based","Оба Селецтед анд Руле-Басед"
"Rule-based Settings","Руле-басед Подешавања"
"Rule-Based Product Relations","Руле-Басед Производ Релатионс"
"Maximum Number of Products in Related Products List","Маxимум Нумбер оф Производи ин Релатед Производи Листа"
"Show Related Products","Прикажи Релатед Производи"
"Rotation Mode for Products in Related Product List","Ротатион Моде фор Производи ин Релатед Производ Листа"
"Maximum Number of Products in Cross-Sell Product List","Маxимум Нумбер оф Производи ин Цросс-Селл Производ Листа"
"Show Cross-Sell Products","Прикажи Цросс-Селл Производи"
"Rotation Mode for Products in Cross-Sell Product List","Ротатион Моде фор Производи ин Цросс-Селл Производ Листа"
"Maximum Number of Products in Upsell Product List","Маxимум Нумбер оф Производи ин Упселл Производ Листа"
"Show Upsell Products","Прикажи Упселл Производи"
"Rotation Mode for Products in Upsell Product List","Ротатион Моде фор Производи ин Упселл Производ Листа"
"Target Rule Index","Таргет Руле Индекс"
"Product/Target Rule","Производ/Таргет Руле"
"Target Rule/Product","Таргет Руле/Производ"
"Target Rule Index.","Таргет Руле Индекс."
"The Catalog Product List Type needs to be defined. Verify the type and try again.","Тхе Каталог Производ Листа Тип неедс то бе дефинед. Верифy тхе тyпе анд покушајте поново."
"The attribute's model class name is invalid. Verify the name and try again.","Тхе аттрибуте'с модел цласс наме ис неисправан. Верифy тхе наме анд покушајте поново."
"Tax Rate Information","Порез Рате Информације"
"Tax Identifier","Порез Идентифиер"
"Zip/Post is Range","Поштански број/Пост ис Ранге"
"Zip/Post Code","Поштански број/Пост Код"
"Tax Titles","Порез Титлес"
"Add New Tax Rate","Додај Ново Порез Рате"
"Delete Rate","Обриши Рате"
"Save Rate","Сачувај Рате"
"Manage Tax Rules","Манаге Порез Рулес"
"Add New Tax Rule","Додај Ново Порез Руле"
"Save Rule","Сачувај Руле"
"Tax Rule Information","Порез Руле Информације"
"Customer Tax Class","Купац Порез Цласс"
"Product Tax Class","Производ Порез Цласс"
"Tax Rate","Порез Рате"
"Tax rates at the same priority are added, others are compounded.","Порез ратес ат тхе саме приоритy аре аддед, отхерс аре цомпоундед."
"Calculate Off Subtotal Only","Цалцулате Искључено Међузбир Онлy"
"Add New Tax Class","Додај Ново Порез Цласс"
"Subtotal (Excl.Tax)","Међузбир (Еxцл.Порез)"
"Subtotal (Incl.Tax)","Међузбир (Инцл.Порез)"
"Shipping & Handling (Excl.Tax)","Достава & Хандлинг (Еxцл.Порез)"
"Shipping & Handling (Incl.Tax)","Достава & Хандлинг (Инцл.Порез)"
"Grand Total (Excl.Tax)","Гранд Укупно (Еxцл.Порез)"
"Grand Total (Incl.Tax)","Гранд Укупно (Инцл.Порез)"
"Manage Tax Rates","Манаге Порез Ратес"
"New Tax Rate","Ново Порез Рате"
"Tax Zones and Rates","Порез Зонес анд Ратес"
"An error occurred while loading this tax rate.","Дошло је до грешке wхиле лоадинг тхис таx рате."
"We can't delete this rate because of an incorrect rate ID.","Wе цан'т делете тхис рате бецаусе оф ан нетачан рате ИД."
"Something went wrong deleting this rate.","Нешто није у реду делетинг тхис рате."
"Edit Tax Rate","Измени Порез Рате"
"An error occurred while loading tax rates.","Дошло је до грешке wхиле лоадинг таx ратес."
"The tax rule has been deleted.","Тхе таx руле је делетед."
"Something went wrong deleting this tax rule.","Нешто није у реду делетинг тхис таx руле."
"New Tax Rule","Ново Порез Руле"
"Invalid name of tax class specified.","Неисправан наме оф таx цласс специфиед."
"The tax rate cannot be removed. It exists in a tax rule.","Тхе таx рате не може бе ремовед. Ит еxистс ин а таx руле."
"You cannot delete this tax class because it is used in Tax Rules. You have to delete the rules it is used in first.","Yоу не може делете тхис таx цласс бецаусе ит ис усед ин Порез Рулес. Yоу хаве то делете тхе рулес ит ис усед ин фирст."
"You cannot delete this tax class because it is used in existing %1(s).","Yоу не може делете тхис таx цласс бецаусе ит ис усед ин еxистинг %1(с)."
"Shipping Origin","Достава Оригин"
"No (price without tax)","Не (прице wитхоут таx)"
"Yes (only price with tax)","Да (онлy прице wитх таx)"
"Both (without and with tax)","Оба (wитхоут анд wитх таx)"
"Invalid type supplied","Неисправан тyпе супплиед"
"Grand Total (Excl. Tax)","Гранд Укупно (Еxцл. Порез)"
"Grand Total (Incl. Tax)","Гранд Укупно (Инцл. Порез)"
"Shipping (Excl. Tax)","Достава (Еxцл. Порез)"
"Shipping (Incl. Tax)","Достава (Инцл. Порез)"
"Before Discount","Бефоре Попуст"
"After Discount","Афтер Попуст"
"To apply the discount on prices including tax and apply the tax after discount, set Catalog Prices to “Including Tax”. ","То апплy тхе дисцоунт он прицес инцлудинг таx анд апплy тхе таx афтер дисцоунт, сет Каталог Прицес то “Инцлудинг Порез”."
"Store(s) affected: ","Продавница(с) аффецтед:"
"Click on the link to <a href=""%1"">ignore this notification</a>","Кликните на линк да <а хреф=""%1"">игноришете ово обавештење</а>"
"With customer tax applied “Before Discount”, the final discount calculation may not match customers’ expectations. ","Wитх цустомер таx апплиед “Бефоре Попуст”, тхе финал дисцоунт цалцулатион маy нот матцх цустомерс’ еxпецтатионс."
"Your current tax configuration may result in rounding errors. ","Yоур цуррент таx цонфигуратион маy ресулт ин роундинг еррорс."
"Please see <a href=""%1"">documentation</a> for more details. ","Молимо погледајте <а хреф=""%1"">документацију</а> за више детаља. "
"Click here to go to <a href=""%1"">Tax Configuration</a> and change your settings.","Кликните овде да одете на <а хреф=""%1"">Конфигурацију пореза</а> и промените подешавања."
"Invalid type of tax class ""%1""","Неважећи тип пореске класе ""%1"""
"Cannot save titles","Не може саве титлес"
Note:,Напомена:
"An error occurred","Дошло је до грешке"
"Add New Class","Додај Ново Цласс"
"Tax Section","Порез Сецтион"
"Tax Classes","Порез Цлассес"
"Tax Class for Shipping","Порез Цласс фор Достава"
"Default Tax Class for Product","Подразумевано Порез Цласс фор Производ"
"Default Tax Class for Customer","Подразумевано Порез Цласс фор Купац"
"Calculation Settings","Цалцулатион Подешавања"
"Tax Calculation Method Based On","Порез Цалцулатион Метход Басед Укључено"
"Catalog Prices","Каталог Прицес"
"Shipping Prices","Достава Прицес"
"Apply Customer Tax","Примени Купац Порез"
"Apply Discount On Prices","Примени Попуст Укључено Прицес"
"Warning: To apply the discount on prices including tax and apply the tax after discount, set Catalog Prices to “Including Tax”.","Упозорење: То апплy тхе дисцоунт он прицес инцлудинг таx анд апплy тхе таx афтер дисцоунт, сет Каталог Прицес то “Инцлудинг Порез”."
"Apply Tax On","Примени Порез Укључено"
"Enable Cross Border Trade","Омогући Цросс Бордер Траде"
"Default Tax Destination Calculation","Подразумевано Порез Дестинатион Цалцулатион"
"Default State","Подразумевано Држава"
"Default Post Code","Подразумевано Пост Код"
"Price Display Settings","Цена Дисплаy Подешавања"
"Display Product Prices In Catalog","Дисплаy Производ Прицес Ин Каталог"
"Display Shipping Prices","Дисплаy Достава Прицес"
"Shopping Cart Display Settings","Корпа Дисплаy Подешавања"
"Display Subtotal","Дисплаy Међузбир"
"Display Shipping Amount","Дисплаy Достава Амоунт"
"Include Tax In Order Total","Укључи Порез Ин Поруџбина Укупно"
"Display Full Tax Summary","Дисплаy Фулл Порез Сажетак"
"Display Zero Tax Subtotal","Дисплаy Зеро Порез Међузбир"
"Orders, Invoices, Credit Memos Display Settings","Ордерс, Фактуре, Кредитна одобрења Дисплаy Подешавања"
State/Region,Држава/Регион
"Subtotal Only","Међузбир Онлy"
"(Excl. Tax)","(Еxцл. Порез)"
"(Incl. Tax)","(Инцл. Порез)"
"Order Total Excl. Tax","Поруџбина Укупно Еxцл. Порез"
"Order Total Incl. Tax","Поруџбина Укупно Инцл. Порез"
"Warning tax configuration can result in rounding errors. ","Упозорење таx цонфигуратион цан ресулт ин роундинг еррорс."
"Warning tax discount configuration might result in different discounts
                                than a customer might expect. ","Упозорење: конфигурација пореског попуста може резултирати другачијим попустима
                                него што купац очекује. "
"Apply discount on price including tax is calculated based on store tax if ""Apply Tax after Discount"" is selected.","Примена попуста на цену укључујући порез се израчунава на основу пореза продавнице ако је изабрано ""Примени порез после попуста""."
"With customer tax applied “Before Discount”, the final discount calculation may not match customers’ expectations.","Wитх цустомер таx апплиед “Бефоре Попуст”, тхе финал дисцоунт цалцулатион маy нот матцх цустомерс’ еxпецтатионс."
"The required information is invalid. Verify the information and try again.","Тхе реqуиред информатион ис неисправан. Верифy тхе информатион анд покушајте поново."
"The Rate Percent is invalid. Enter a positive number and try again.","Тхе Рате Перцент ис неисправан. Ентер а поситиве нумбер анд покушајте поново."
"The ZIP Code length is invalid. Verify that the length is nine characters or fewer and try again.","Тхе ЗИП Код ленгтх ис неисправан. Верифy тхат тхе ленгтх ис нине цхарацтерс ор феwер анд покушајте поново."
"The ZIP Code is invalid. Use numbers only.","Тхе ЗИП Код ис неисправан. Усе нумберс онлy."
"Import and Export Tax Rates","Увези анд Извези Порез Ратес"
"The tax rate has been imported.","Тхе таx рате је импортед."
"Invalid file upload attempt","Неисправан филе уплоад аттемпт"
"Invalid file upload attempt.","Неисправан филе уплоад аттемпт."
"Invalid file format.","Неисправан филе формат."
"One of the countries has invalid code.","Оне оф тхе цоунтриес хас неисправан цоде."
"Import Tax Rates","Увези Порез Ратес"
"Export Tax Rates","Извези Порез Ратес"
"Country code is invalid: %1","Земља цоде ис неисправан: %1"
"Import/Export Tax Rates","Увези/Извези Порез Ратес"
"Save and Continue","Сачувај и настави"
"Save Configuration","Сачувај Конфигурација"
Themes,Теме
"Are you sure you want to delete this theme?","Да ли сте сигурни желите да делете тхис тхеме?"
"Theme: %1","Тема: %1"
"Theme CSS","ЦСС теме"
"Theme CSS Assets","Тема ЦСС Ассетс"
"Select CSS File to Upload","Изабери ЦСС Датотека то Отпреми"
"Upload CSS File","Отпреми ЦСС фајл"
"Download CSS File","Преузми ЦСС Датотека"
Manage,Управљај
"Upload Fonts","Отпреми Фонтс"
"Edit custom.css","Измени цустом.цсс"
"Theme Settings","Подешавања теме"
"Parent Theme","Родитељска тема"
"Theme Path","Путања теме"
"Theme Title","Наслов теме"
"Theme Preview Image","Преглед слике теме"
"Copy of %1","Копирај оф %1"
"Theme JavaScript","ЈаваСцрипт теме"
"Select JS Files to Upload","Изабери ЈС Филес то Отпреми"
"Upload JS Files","Отпреми ЈС фајлове"
"Design Configuration","Конфигурација дизајна"
"You deleted the theme.","Обрисали сте тему."
"We cannot delete the theme.","Не можемо обрисати тему."
"File not found: ""%1"".","Датотека није пронађена: ""%1""."
"We cannot find theme ""%1"".","Не можемо пронаћи тему ""%1""."
"We cannot find the theme.","Не можемо пронаћи тему."
"This theme is not editable.","Ова тема није за уређивање."
"You saved the theme.","Сачували сте тему."
"We can't upload the CSS file right now.","Не можемо отпремити ЦСС фајл тренутно."
"We cannot find a theme with id ""%1"".","Не можемо пронаћи тему са ИД ""%1""."
"We can't upload the JS file right now.","Не можемо отпремити ЈС фајл тренутно."
"Sorry, something went wrong. That's all we know.","Соррy, нешто није у реду. Тхат'с алл wе кноw."
"Invalid type","Неисправан тип"
"Invalid scope or scope id","Неисправан опсег или ИД опсега"
"Invalid regular expression: ""%1"".","Неважећи регуларни израз: ""%1""."
"The %templateName contains an incorrect configuration. The template has a reference to itself. Either remove or change the reference.","Тхе %темплатеНаме цонтаинс ан нетачан цонфигуратион. Тхе темплате хас а референце то итселф. Еитхер ремове ор цханге тхе референце."
"Theme id should be set","Тема ид схоулд бе сет"
"Circular-reference in theme inheritance detected for ""%1""","Кружна референца у наслеђивању теме откривена за ""%1"""
"We cannot find a directory with this name.","Wе не може финд а дирецторy wитх тхис наме."
"Theme isn't deletable.","Тема исн'т делетабле."
"Test Label","Тест ознака"
"We found no files.","Нисмо пронашли ниједан фајл."
"Help Us Keep Magento Healthy","Помозите нам да одржимо Магенто здравим"
"Report All Bugs","Репорт Све Бугс"
"Toggle Nav","Укључи/искључи навигацију"
"This is demo store. No orders will be fulfilled.","Тхис ис демо сторе. Не ордерс wилл бе фулфиллед."
"%1 Item(s)","%1 артикал/артикала"
Page,Страница
"You're currently reading page","Тренутно читате страницу"
WK,Седмица
"Store alternative addresses (for shipping to multiple family members and friends)","Сними алтернативне адресе (за слање члановима породице или пријатељима)"
"We don't recognize this file extension.","Не препознајемо ову екстензију фајла."
"Default welcome msg!","Подразумевано wелцоме мсг!"
"Copyright © 2013-present Magento, Inc. All rights reserved.","Цопyригхт © 2013-пресент Магенто, Инц. Све ригхтс ресервед."
"Design Config Grid","Дизајн Цонфиг Мрежа"
"Theme Information","Информације о теми"
"Default Page Title","Подразумевано Страница Наслов"
"Page Title Prefix","Страница Наслов Префиx"
"Page Title Suffix","Страница Наслов Суффиx"
"Default Meta Description","Подразумевано Мета Опис"
"Default Meta Keywords","Подразумевано Мета Кеywордс"
"Display Demo Store Notice","Дисплаy Демо Продавница Нотице"
"Logo Attribute Width","Лого Атрибут Wидтх"
"Logo Attribute Height","Лого Атрибут Хеигхт"
"Welcome Text","Текст добродошлице"
"Miscellaneous HTML","Разни ХТМЛ"
Copyright,"Ауторско право"
"Default Robots","Подразумевано Роботс"
"Edit custom instruction of robots.txt File","Измени цустом инструцтион оф роботс.тxт Датотека"
"Reset To Defaults","Ресетуј на подразумевано"
"Skip to Content","Скип то Садржај"
Menu,Мени
Account,Налог
"Title Prefix","Наслов Префиx"
"Title Suffix","Наслов Суффиx"
"Default Description","Подразумевано Опис"
"Default Keywords","Подразумевано Кеywордс"
"Miscellaneous Scripts","Разни скриптови"
"Search Engine Robots","Претрага Енгине Роботс"
"Reset to Defaults","Ресетуј на подразумевано"
"Logo Image Width","Лого Слика Wидтх"
"Logo Image Height","Лого Слика Хеигхт"
"Copyright © 2015 Magento. All rights reserved.","Цопyригхт © 2015 Магенто. Све ригхтс ресервед."
"Wrong request.","Погрешан захтев."
"Copyright © 2013-2017 Magento, Inc. All rights reserved.","Цопyригхт © 2013-2017 Магенто, Инц. Све ригхтс ресервед."
"Copyright © 2017 Magento, Inc. All rights reserved.","Цопyригхт © 2017 Магенто, Инц. Све ригхтс ресервед."
"Copyright © 2016 Magento. All rights reserved.","Цопyригхт © 2016 Магенто. Све ригхтс ресервед."
"The scope or scope ID is invalid. Verify both and try again.","Тхе сцопе ор сцопе ИД ис неисправан. Верифy ботх анд покушајте поново."
"The backend model isn't specified for ""%1"".","Модел позадине није наведен за ""%1""."
"The ""%templateName"" template contains an incorrect configuration, with a reference to itself. Remove or change the reference, then try again.","Шаблон ""%темплатеНаме"" садржи неисправну конфигурацију, са референцом на себе. Уклоните или промените референцу, затим покушајте поново."
"The config can't be saved because it's empty. Complete the config and try again.","Тхе цонфиг цан'т бе савед бецаусе ит'с емптy. Завршен тхе цонфиг анд покушајте поново."
"This is a demo store. No orders will be fulfilled.","Тхис ис а демо сторе. Не ордерс wилл бе фулфиллед."
"Error while translating phrase ""%s"" in file %s.","Грешка приликом превођења фразе ""%с"" у датотеци %с."
"Error while generating js translation dictionary: ""%s""","Грешка приликом генерисања јс преводилачког речника: ""%с"""
Translations,Преводи
"Please put your store into maintenance mode and redeploy static files after changing strategy","Молим ставити вашу продавницу у режим одржавања и поново распоредити статичне датотеке након промене стратегије"
"Condition type ""%1"" is not allowed","Тип услова ""%1"" није дозвољен"
"The configuration parameter ""formElement"" is a required for ""%1"" field.","Параметар конфигурације ""формЕлемент"" је обавезан за поље ""%1""."
"Remove %1","Уклони %1"
"Add New %1","Додај Ново %1"
"New %1","Ново %1"
"UI component could not be rendered because of system exception","УИ цомпонент није могао бе рендеред бецаусе оф сyстем еxцептион"
"Parameter ""class"" must be present.","Параметар ""цласс"" мора бити присутан."
"Parameter ""sortOrder"" must be present.","Параметар ""сортОрдер"" мора бити присутан."
"Invalid UI Component element name: '%1'","Неисправан УИ Цомпонент елемент наме: '%1'"
"Bookmark with id ""%1"" does not exist.","Забелешка са ИД ""%1"" не постоји."
"Invalid UI Component element name: ''","Неисправан УИ Цомпонент елемент наме: ''"
"Select All on This Page","Изабери Све он Тхис Страница"
"Deselect All on This Page","Деселецт Све он Тхис Страница"
On,Укључено
Off,Искључено
"Go to Details Page","Го то Детаљи Страница"
"New View","Ново Преглед"
"Default View","Подразумевано Преглед"
"You have successfully saved your edits.","Yоу хаве успешно савед yоур едитс."
"Search by keyword","Претрага бy кеywорд"
"Please enter more or equal than {0} symbols.","Молимо унесите море ор еqуал тхан {0} сyмболс."
"Please enter less or equal than {0} symbols.","Молимо унесите лесс ор еqуал тхан {0} сyмболс."
"Please enter {0} words or less.","Унесите {0} или мање речи."
"Please enter at least {0} words.","Унесите бар {0} речи."
"Please enter between {0} and {1} words.","Унесите између {0} и {1} речи."
"Letters or punctuation only please","Само слова и знакови интерпункције"
"Letters, numbers, spaces or underscores only please","Само слова, бројеви, размаци или подвлаке"
"Letters only please","Само слова"
"No white space please","Без размака, молим Вас"
"Your ZIP-code must be in the range 902xx-xxxx to 905-xx-xxxx","Ваш поштански број мора бити у опсегу 902xx-xxxx до 905-xx-xxxx"
"A positive or negative non-decimal number please","Само позитивни или негативни не-децимални бројеви"
"The specified vehicle identification number (VIN) is invalid.","Наведени идентификациони број возила (ВИН) је неисправан."
"Please enter a correct date","Унесите исправан датум"
"Please enter a valid time, between 00:00 and 23:59","Унесите исправно време, између 00:00 и 23:59"
"Please enter a valid time, between 00:00 am and 12:00 pm","Унесите исправно време, између 00:00 ам и 12:00 пм"
"Please specify a valid phone number","Унесите исправан број телефона"
"Please specify a valid mobile number","Унесите исправан број мобилног телефона"
"Please enter at least {0} characters","Унесите барем {0} карактера"
"Please enter a valid IP v4 address.","Молимо унесите исправну ИП в4 адресу."
"Please enter a valid IP v6 address.","Молимо унесите исправну ИП в6 адресу."
"Invalid format.","Неисправан формат."
"HTML tags are not allowed.","ХТМЛ тагови нису дозвољени."
"Please select an option.","Изаберите неку опцију."
"Empty Value.","Празна вредност."
"Please use only letters (a-z or A-Z), numbers (0-9) or spaces only in this field.","Молимо користите само слова (а-з или А-З), бројеве (0-9) или размаке у овом пољу."
"Please use only letters (a-z or A-Z), numbers (0-9) or underscore (_) in this field, and the first character should be a letter.","Молимо користите само слова (а-з или А-З), бројеве (0-9) или подвлаке (_) у овом пољу, и први карактер би требао бити слово."
"Please use only letters (a-z or A-Z), numbers (0-9), spaces and ""#"" in this field.","Молимо користите само слова (а-з или А-З), бројеве (0-9) или размаке и ""#"" у овом пољу."
"Please enter a valid phone number. For example (123) 456-7890 or 123-456-7890.","Унесите исправан број телефона. На пример (123) 456-7890 ор 123-456-7890."
"Please enter a valid fax number (Ex: 123-456-7890).","Унесите исправан фаx број (На пример: 123-456-7890)."
"Please enter a valid email address (Ex: johndoe@domain.com).","Молимо унесите исправну емаил адресу (На пример: јохндое@домаин.цом)."
"Please enter 6 or more characters. Leading and trailing spaces will be ignored.","Унесите 6 или више карактера. Водећи и увучени размаци ће бити игнорисани."
"Please enter 7 or more characters, using both numeric and alphabetic.","Унесите 7 или више карактера, користећи бројеве и слова."
"Minimum length of this field must be equal or greater than %1 symbols. Leading and trailing spaces will be ignored.","Минимална дужина овог поља мора бити већа или једнака %1 симбола. Водећи и размаци на крају ће бити игнорисани."
"Please enter a valid URL. Protocol is required (http://, https:// or ftp://).","Молимо унесите исправан УРЛ. Протокол је обавезан (хттп://, хттпс:// ор фтп://)."
"Please enter a valid URL. For example http://www.example.com or www.example.com.","Молимо унесите исправан УРЛ. На пример хттп://www.еxампле.цом или www.еxампле.цом."
"Please enter a valid XML-identifier (Ex: something_1, block5, id-4).","Молимо унесите исправну XМЛ ознаку (На пример: сометхинг_1, блоцк5, ид-4)."
"Please enter a valid social security number (Ex: 123-45-6789).","Унесите исправан заштићени број социјалног осигурања (На пример: 123-45-6789)."
"Please enter a valid zip code (Ex: 90602 or 90602-1234).","Молимо унесите исправан поштански број (На пример: 90602 или 90602-1234)."
"Please use this date format: dd/mm/yyyy. For example 17/03/2006 for the 17th of March, 2006.","Молимо да користите овај формат датума: дд/мм/yyyy. На пример 17/03/2006 за 17. март, 2006."
"Please enter a valid $ amount. For example $100.00.","Молимо унесите исправан износ у $. На пример $100.00."
"Please enter a number greater than 0 in this field.","У ово поље унесите број већи од 0."
"Please input a valid CSS-length (Ex: 100px, 77pt, 20em, .5ex or 50%).","Молим унесите валидану ЦСС-дужину (Еx: 100пx, 77пт, 20ем, .5еx ор 50%)."
"Please enter a valid integer in this field.","Молимо унесите а валид интегер ин тхис фиелд."
"The value is not within the specified range.","Вредност није у оквиру специфираног распона."
"Please use letters only (a-z or A-Z) in this field.","Молимо користите само слова (а-з или А-З) у овом пољу."
"Please use only letters (a-z), numbers (0-9) or underscore (_) in this field, and the first character should be a letter.","Молимо користите само слова (а-з или А-З), бројеве (0-9) или подвлаке (_) у овом пољу, и први карактер би требао бити слово."
"Please use only letters (a-z or A-Z) or numbers (0-9) in this field. No spaces or other characters are allowed.","Молимо користите само слова (а-з или А-З), бројеве (0-9) у овом пољу. Размак или други карактери нису дозвољени."
"Please enter a valid date.","Унесите исправан датум."
"Please enter a valid URL Key (Ex: ""example-page"", ""example-page.html"" or ""anotherlevel/example-page"").","Молимо унесите важећи УРЛ кључ (Нпр: ""еxампле-паге"", ""еxампле-паге.хтмл"" или ""анотхерлевел/еxампле-паге"")."
"Please enter a valid zip code.","Унесите исправан поштански број."
"Please select State/Province.","Изаберите државу/покрајину."
"Please enter a value less than or equal to {0}.","Молим унети вредност мању или једнаку {0}."
"Please enter a value greater than or equal to {0}.","Молим унети вредност већу или једнаку {0}."
"Please enter valid email addresses, separated by commas. For example, johndoe@domain.com, johnsmith@domain.com.","Молимо унесите валид емаил аддрессес, сепаратед бy цоммас. Фор еxампле, јохндое@домаин.цом, јохнсмитх@домаин.цом."
"Please enter issue number or start date for switch/solo card type.","Молимо унесите иссуе нумбер ор старт дате фор сwитцх/соло цард тyпе."
"Please enter positive number in this field.","Молимо унесите поситиве нумбер ин тхис фиелд."
"Please enter a valid value, ex: 10,20,30","Молимо унесите а валид валуе, еx: 10,20,30"
"File you are trying to upload exceeds maximum file size limit.","Датотека yоу аре трyинг то уплоад еxцеедс маxимум филе сизе лимит."
"Label Actions One","Лабел Акције Оне"
"Label Actions Two","Лабел Акције Тwо"
"Some Dynamic Actions","Соме Дyнамиц Акције"
"settings/confirm/message
                        ",сеттингс/цонфирм/мессаге
"
                            settings/callback/provider
                        ",сеттингс/цаллбацк/провидер
"settings/callback/target
                        ",сеттингс/цаллбацк/таргет
"settings/newViewLabel
                    ",сеттингс/неwВиеwЛабел
"
                        settings/addButtonLabel
                    ",сеттингс/аддБуттонЛабел
"
                        formElements/*[name(.)=../../@formElement]/settings/description
                    ",формЕлементс/*[наме(.)=../../@формЕлемент]/сеттингс/десцриптион
"
                        formElements/*[name(.)=../../@formElement]/settings/caption
                    ",формЕлементс/*[наме(.)=../../@формЕлемент]/сеттингс/цаптион
"
                        formElements/*[name(.)=../../@formElement]/settings/title
                    ",формЕлементс/*[наме(.)=../../@формЕлемент]/сеттингс/титле
"Save View As...","Сачувај Преглед Ас..."
"All in column","Све ин цолумн"
"Active filters:","Активан филтерс:"
"Clear all","Очисти алл"
"Apply Filters","Примени Филтерс"
"Please enter 6 or more characters. Leading or trailing spaces will be ignored.","Молимо унесите 6 ор море цхарацтерс. Леадинг ор траилинг спацес wилл бе игноред."
"Please enter a quantity greater than 0.","Молимо унесите а qуантитy греатер тхан 0."
"First character must be letter.","Први цхарацтер муст бе леттер."
"If enabled, can be used by functional tests for extended reporting","Ако је омогућено, може да се користи од стране функционалних тестова за проширено извештавање"
"Use this key to retrieve collected js errors","Користите овај кључ за преузимање прикупљених јс грешака"
"The configuration parameter ""formElement"" is a required for ""' . . '"" field.","Параметар конфигурације ""формЕлемент"" је обавезан за поље ""' . . '""."
"'Remove ' .","'Уклони ' ."
"'Add New ' .","'Додај Ново ' ."
"'New ' .","'Ново ' ."
"No marginal white space please","Без маргиналних размака, молим Вас"
"Please enter a valid percentage discount value greater than 0.","Молимо унесите а валид перцентаге дисцоунт валуе греатер тхан 0."
"Please enter a value less than or equal to %s.","Молим унети вредност мању или једнаку %с."
"Please enter a value greater than or equal to %s.","Молим унети вредност већу или једнаку %с."
"Insert Images...","Убаци Имагес..."
"The ""formElement"" configuration parameter is required for the ""%1"" field.","Параметар конфигурације ""формЕлемент"" је обавезан за поље ""%1""."
"'The XML in file ""%1"" is invalid.' . ""\n%2\nVerify the XML and try again.""","'XМЛ у датотеци ""%1"" је неважећи.' . ""\н%2\нПроверите XМЛ и покушајте поново."""
"The parameter ""class"" is missing. Set the ""class"" and try again.","Параметар ""цласс"" недостаје. Поставите ""цласс"" и покушајте поново."
"The parameter ""sortOrder"" is missing. Set the ""sortOrder"" and try again.","Параметар ""сортОрдер"" недостаје. Поставите ""сортОрдер"" и покушајте поново."
"The ""%1"" UI component element name is invalid. Verify the name and try again.","Назив елемента УИ компоненте ""%1"" је неважећи. Проверите назив и покушајте поново."
"The bookmark with ""%1"" ID doesn't exist. Verify your information and try again.","Забелешка са ИД ""%1"" не постоји. Проверите своје податке и покушајте поново."
"The """" UI component element name is invalid. Verify the name and try again.","Назив елемента УИ компоненте """" је неважећи. Проверите назив и покушајте поново."
"was not uploaded","није уплоадед"
"Entity with ID: %s doesn't exist","Ентитy wитх ИД: %с не постоји"
"Open in new tab","Отвори ин неw таб"
"Wrong color format. Please specify color in HEX, RGBa, HSVa, HSLa or use color name.","Wронг цолор формат. Молимо наведите цолор ин ХЕX, РГБа, ХСВа, ХСЛа ор усе цолор наме."
"This element contains invalid data. Please resolve this before saving.","Тхис елемент цонтаинс неисправан дата. Плеасе ресолве тхис бефоре савинг."
"UPS Next Day Air","УПС Следећи Даy Аир"
"UPS Three-Day Select","УПС Тхрее-Даy Изабери"
"UPS Next Day Air Saver","УПС Следећи Даy Аир Савер"
"UPS Next Day Air Early A.M.","УПС Следећи Даy Аир Еарлy А.М."
"Next Day Air Early AM","Следећи Даy Аир Еарлy АМ"
"Next Day Air Early AM Letter","Следећи Даy Аир Еарлy АМ Леттер"
"Next Day Air","Следећи Даy Аир"
"Next Day Air Letter","Следећи Даy Аир Леттер"
"Next Day Air Intra (Puerto Rico)","Следећи Даy Аир Интра (Пуерто Рицо)"
"Next Day Air Saver","Следећи Даy Аир Савер"
"Next Day Air Saver Letter","Следећи Даy Аир Савер Леттер"
"3 Day Select","3 Даy Изабери"
"Customer Packaging","Купац Пацкагинг"
"Customer Supplied Package","Купац Супплиед Пацкаге"
"Sorry, something went wrong. Please try again or contact us and we'll try to help.","Соррy, нешто није у реду. Покушајте поново ор цонтацт ус анд wе'лл трy то хелп."
"We can't convert a rate from ""%1-%2"".","Не може да се конвертује по стопи од „%1-%2”."
"Cannot retrieve shipping rates","Не може ретриеве схиппинг ратес"
"Signature Required","Сигнатуре Обавезно"
"Adult Signature Required","Адулт Сигнатуре Обавезно"
"Destination Type","Дестинатион Тип"
"Origin of the Shipment","Оригин оф тхе Пошиљка"
"UPS Type","УПС Тип"
"Live Account","Ливе Налог"
"Enable Negotiated Rates","Омогући Неготиатед Ратес"
"Required for negotiated rates; 6-character UPS","Обавезно фор неготиатед ратес; 6-цхарацтер УПС"
"Request Tax-Inclusive Rate","Захтев Порез-Инцлусиве Рате"
"Edit URL Rewrite for a Category","Измени Преправка УРЛ-а фор а Категорија"
"Add URL Rewrite for a Category","Додај Преправка УРЛ-а фор а Категорија"
Category:,Категорија:
"Edit URL Rewrite for a Product","Измени Преправка УРЛ-а фор а Производ"
"Add URL Rewrite for a Product","Додај Преправка УРЛ-а фор а Производ"
Product:,Производ:
"Skip Category Selection","Скип Категорија Селецтион"
"Edit URL Rewrite for CMS page","Измени Преправка УРЛ-а фор ЦМС паге"
"Add URL Rewrite for CMS page","Додај Преправка УРЛ-а фор ЦМС паге"
"Edit URL Rewrite","Измени Преправка УРЛ-а"
"Add New URL Rewrite","Додај Ново Преправка УРЛ-а"
"URL Rewrite Information","Преправка УРЛ-а Информације"
"Request Path","Захтев Патх"
"Redirect Type","Редирецт Тип"
"URL Rewrite Management","Преправка УРЛ-а Манагемент"
"Add URL Rewrite","Додај Преправка УРЛ-а"
"For Category","Фор Категорија"
"For Product","Фор Производ"
"Create URL Rewrite","Креирај Преправка УРЛ-а"
"We can't delete URL Rewrite right now.","Wе цан'т делете Преправка УРЛ-а ригхт ноw."
"The URL Rewrite has been saved.","Тхе Преправка УРЛ-а је савед."
"Something went wrong while saving URL Rewrite.","Нешто није у реду wхиле савинг Преправка УРЛ-а."
"Request Path for Specified Store","Захтев Патх фор Специфиед Продавница"
"To resolve this conflict, you can either change the value of the URL Key field (located in the Search Engine Optimization section) to a unique value, or change the Request Path fields in all locations listed below:","То ресолве тхис цонфлицт, yоу цан еитхер цханге тхе валуе оф тхе УРЛ Кеy фиелд (лоцатед ин тхе Претрага Енгине Оптимизатион сецтион) то а униqуе валуе, ор цханге тхе Захтев Патх фиелдс ин алл лоцатионс листед белоw:"
"Create URL Rewrite:","Креирај Преправка УРЛ-а:"
"An error occurred while saving the URL rewrite. Please try to save again.","Дошло је до грешке wхиле савинг тхе УРЛ реwрите. Плеасе трy то саве агаин."
"""url"" argument should be specified and not empty","Аргумент ""урл"" треба да буде наведен и непразан"
"Delete Role","Обриши Роле"
Roles,Улоге
"Role Users","Корисници улоге"
"User ID","ИД корисника"
"Role Resources","Ресурси улоге"
"Role Info","Инфо о улози"
"Save User","Сачувај корисника"
"Delete User","Обриши Усер"
"Are you sure you want to revoke the user's tokens?","Да ли сте сигурни желите да ревоке тхе усер'с токенс?"
"Edit User '%1'","Измени Усер '%1'"
"New User","Ново Усер"
"This account is","Овај налог је"
"Account Status","Статус налога"
"User Roles Information","Информације о улогама корисника"
"User Information","Информације о кориснику"
"User Info","Информације о кориснику"
"Please correct the password reset token.","Молимо исправите тхе пассwорд ресет токен."
"Please specify the correct account and try again.","Молимо наведите тхе цоррецт аццоунт анд покушајте поново."
"Your password reset link has expired.","Линк за ресетовање лозинке је истекао."
"Please correct this email address:","Молимо исправите тхис емаил аддресс:"
"Please enter an email address.","Унесите емаил адресу."
"You updated your password.","Ажурирали сте шифру."
"Locked Users","Закључани корисници"
Permissions,Дозволе
"You cannot delete your own account.","Не можете обрисати сопствени налог."
"You deleted the user.","Обрисали сте корисника."
"This user no longer exists.","Овај корисник више не постоји."
"You have revoked the user's tokens.","Оповргли сте токене корисника."
"You cannot delete self-assigned roles.","Не можете обрисати самододељене улоге."
"You deleted the role.","Обрисали сте улогу."
"An error occurred while deleting this role.","Дошло је до грешке wхиле делетинг тхис роле."
"New Role","Ново Роле"
"This role no longer exists.","Ова улога више не постоји."
"You saved the role.","Сачували сте улогу."
"An error occurred while saving this role.","Дошло је до грешке wхиле савинг тхис роле."
"You saved the user.","Сачували сте корисника."
Recommended,Препоручено
"User Name is a required field.","Корисничко име је обавезно поље."
"First Name is a required field.","Име је обавезно поље."
"Last Name is a required field.","Презиме је обавезно поље."
"Password is required field.","Лозинка је обавезно поље."
"It's time to <a href=""%1"">change your password</a>.","Време је да <а хреф=""%1""> промените вашу лозинку</а>."
"Password Help","Помоћ за лозинку"
"Email address","Емаил адреса"
"Retrieve Password","Поврати лозинку"
"Back to Sign in","Назад то Сигн ин"
"Forgot your password?","Заборавили сте лозинку?"
"Reset a Password","Ресетуј а Лозинка"
"Confirm New Password","Потврди нову лозинку"
"Roles Resources","Ресурси улога"
"Warning!\r\nThis action will remove this user from already assigned role\r\nAre you sure?","Упозорење!\р\нОва радња ће уклонити овог корисника из већ додељене улоге\р\нДа ли сте сигурни?"
"Warning!\r\nThis action will remove those users from already assigned roles\r\nAre you sure?","Упозорење!\р\нОва радња ће уклонити те кориснике из већ додељених улога\р\нДа ли сте сигурни?"
"Password Reset Confirmation for %name","Лозинка Ресетуј Цонфирматион фор %наме"
"Thank you,","Хвала,"
"New %changes for %user_name","Ново %цхангес фор %усер_наме"
"Thanks,","Хвала,"
"User Roles","Улоге корисника"
"User Notification Template","Шаблон обавештења корисника"
"Password Lifetime (days)","Трајање лозинке (дани)"
"Password Change","Промена лозинке"
"Last login","Последњи логин"
"Reset Password Template","Шаблон за Ресетовање Пассwорд-а"
"New admin user '%user_name' created","Ново админ усер '%усер_наме' цреатед"
"The password reset token is incorrect. Verify the token and try again.","Тхе пассwорд ресет токен ис нетачан. Верифy тхе токен анд покушајте поново."
"""User Name"" is required. Enter and try again.","""Корисничко име"" је обавезно. Унесите и покушајте поново."
"""First Name"" is required. Enter and try again.","""Име"" је обавезно. Унесите и покушајте поново."
"""Last Name"" is required. Enter and try again.","""Презиме"" је обавезно. Унесите и покушајте поново."
"First-Class Mail Large Envelope","Први-Цласс Маил Ларге Енвелопе"
"First-Class Mail Letter","Први-Цласс Маил Леттер"
"First-Class Package Service - Retail","Први-Цласс Пацкаге Сервице - Ретаил"
"First-Class Mail Postcards","Први-Цласс Маил Постцардс"
"First-Class Mail Large Postcards","Први-Цласс Маил Ларге Постцардс"
"Priority Mail Gift Card Flat Rate Envelope","Приоритy Маил Поклон картица Флат Рате Енвелопе"
"Priority Mail Gift Card Flat Rate Envelope Hold For Pickup","Приоритy Маил Поклон картица Флат Рате Енвелопе Холд Фор Пицкуп"
"First-Class Package Service Hold For Pickup","Први-Цласс Пацкаге Сервице Холд Фор Пицкуп"
"First-Class Package Service","Први-Цласс Пацкаге Сервице"
"First-Class Mail International Letter","Први-Цласс Маил Интернатионал Леттер"
"First-Class Mail International Large Envelope","Први-Цласс Маил Интернатионал Ларге Енвелопе"
"First-Class Package International Service","Први-Цласс Пацкаге Интернатионал Сервице"
"Priority Mail International Gift Card Flat Rate Envelope","Приоритy Маил Интернатионал Поклон картица Флат Рате Енвелопе"
"First-Class Mail International Postcard","Први-Цласс Маил Интернатионал Постцард"
Variable,Варијабла
"Gift Card Flat-Rate Envelope","Поклон картица Флат-Рате Енвелопе"
"First-Class Mail Parcel","Први-Цласс Маил Парцел"
"Add New Variable","Додај Ново Варијабла"
"Custom Variable ""%1""","Прилагођена варијабла ""%1"""
"New Custom Variable","Ново Цустом Варијабла"
"Variable Code","Варијабла Код"
"Variable Name","Варијабла Назив"
"Use Default Variable Values","Усе Подразумевано Варијабла Валуес"
"Variable HTML Value","Варијабла ХТМЛ Вредност"
"Variable Plain Value","Варијабла Плаин Вредност"
"Variable Code must be unique.","Варијабла Код муст бе униqуе."
"Variable ID","Варијабла ИД"
"Custom Variable","Прилагођена варијабла"
"Edit Variable","Измени Варијабла"
"Insert Variable","Убаци променљиву"
"The variable %1 is no longer available. Select a different variable.","Тхе вариабле %1 ис но лонгер аваилабле. Изабери а дифферент вариабле."
"No token found.","Не токен фоунд."
"Deletion failure. Please try again.","Делетион фаилуре. Покушајте поново."
"Stored Payment Method was successfully removed","Сторед Плаћање Метход wас успешно ремовед"
"Stored Payment Methods","Сторед Плаћање Метходс"
"No available payment tokens for specified order payment.","Не аваилабле паyмент токенс фор специфиед ордер паyмент."
"No payment tokens are available for the specified order payment.","Не паyмент токенс аре аваилабле фор тхе специфиед ордер паyмент."
"Credit Card was successfully removed","Цредит Цард wас успешно ремовед"
"Specify the ""public_hash"" value.","Наведите вредност ""публиц_хасх""."
"Could not find a token using public hash: %1","Није могао финд а токен усинг публиц хасх: %1"
"Delete Current Hierarchy","Обриши Цуррент Хиерарцхy"
"Pages Hierarchy","Странице Хиерарцхy"
"Page Properties","Страница Пропертиес"
"Preview is not available.","Преглед ис нот аваилабле."
Next/Previous,Следећи/Претходни
"Enable Chapter/Section","Омогући Цхаптер/Сецтион"
"Pagination Options for Nested Pages","Пагинатион Оптионс фор Нестед Странице"
"Enable Pagination","Омогући Пагинатион"
"If the Current Frame Position does not cover Utmost Pages, will render Link to Current Position plus/minus this Value","Иф тхе Цуррент Фраме Поситион доес нот цовер Утмост Странице, wилл рендер Линк то Цуррент Поситион плус/минус тхис Вредност"
"Page Navigation Menu Options","Страница Навигатион Мену Оптионс"
"Exclude from Navigation Menu","Искључи фром Навигатион Мену"
"Show in navigation menu.","Прикажи ин навигатион мену."
"Node Levels to Include","Ноде Левелс то Укључи"
"List Type","Листа Тип"
"List Style","Листа Стyле"
"Add selected page(s) to the tree","Додај селецтед паге(с) то тхе трее"
"Remove from tree.","Уклони фром трее."
"Add Node...","Додај Ноде..."
"Add to tree.","Додај то трее."
"Page ID","Страница ИД"
"Something went wrong while copying the hierarchy.","Нешто није у реду wхиле цопyинг тхе хиерарцхy."
"Please correct the scope.","Молимо исправите тхе сцопе."
"Something went wrong while deleting the hierarchy.","Нешто није у реду wхиле делетинг тхе хиерарцхy."
"CMS Page Trees","ЦМС Страница Треес"
"Something went wrong while saving the hierarchy.","Нешто није у реду wхиле савинг тхе хиерарцхy."
"Delete Multiple Hierarchies","Обриши Мултипле Хиерарцхиес"
"Please correct the node data.","Молимо исправите тхе ноде дата."
"CMS Node with id ""%1"" does not exist.","ЦМС чвор са ИД ""%1"" не постоји."
Both,Оба
"Are you sure you want to delete current hierarchy?","Да ли сте сигурни желите да делете цуррент хиерарцхy?"
"This page cannot be added, because a node or page with the same URL Key already exists in this tree part.","Тхис паге не може бе аддед, бецаусе а ноде ор паге wитх тхе саме УРЛ Кеy алреадy еxистс ин тхис трее парт."
"Please select a website or store view.","Молимо изаберите а wебсите ор сторе виеw."
"Are you sure you want to copy the current hierarchy to the selected destinations?","Да ли сте сигурни желите да цопy тхе цуррент хиерарцхy то тхе селецтед дестинатионс?"
"Are you sure you want to delete the selected hierarchies?","Да ли сте сигурни желите да делете тхе селецтед хиерарцхиес?"
"Please select one or more hierarchies to delete.","Молимо изаберите оне ор море хиерарцхиес то делете."
"No nodes are available","Не нодес аре аваилабле"
"Single Hierarchy for All Store Views","Сингле Хиерарцхy фор Све Продавница Виеwс"
"Specific Hierarchy for Each Store View","Специфиц Хиерарцхy фор Еацх Продавница Преглед"
"Not Selected","Није изабрано"
"Select a page or node.","Изабери а паге ор ноде."
"Website Root","Веб сајт Роот"
Page:,Страница:
"Delete Revision and Version","Обриши Ревисион анд Версион"
"Publish Revision","Објави Ревисион"
"CMS Page Hierarchy","ЦМС Страница Хиерарцхy"
"Enable Hierarchy Functionality","Омогући Хиерарцхy Фунцтионалитy"
"Enable Hierarchy Metadata","Омогући Хиерарцхy Метадата"
"Default Layout for Hierarchy Menu","Подразумевано Лаyоут фор Хиерарцхy Мену"
"Add selected page(s) to the tree.","Додај селецтед паге(с) то тхе трее."
"Are you sure you want to delete this revision?","Да ли сте сигурни желите да делете тхис ревисион?"
Publish,Објави
"Save and publish.","Сачувај анд публисх."
"Save in a new version.","Сачувај ин а неw версион."
"Please specify a valid name.","Молимо наведите а валид наме."
"Edit Page '%1' Revision #%2","Измени Страница '%1' Ревисион #%2"
"Edit Page '%1' New Revision","Измени Страница '%1' Ново Ревисион"
"Revision Information","Ревисион Информације"
"Save as new version.","Сачувај ас неw версион."
"New Revision...","Ново Ревисион..."
"Save and continue edit.","Сачувај анд цонтинуе едит."
"Edit Page '%1' Version '%2'","Измени Страница '%1' Версион '%2'"
"Version Information","Версион Информације"
"Please select version(s).","Молимо изаберите версион(с)."
"Something went wrong while deleting these versions.","Нешто није у реду wхиле делетинг тхесе версионс."
"Something went wrong while deleting the revision.","Нешто није у реду wхиле делетинг тхе ревисион."
"We could not load the specified revision.","Wе није могао лоад тхе специфиед ревисион."
"Edit Revision","Измени Ревисион"
"Something went wrong while deleting this version.","Нешто није у реду wхиле делетинг тхис версион."
"Edit Version","Измени Версион"
"Please select revision(s).","Молимо изаберите ревисион(с)."
"Something went wrong while deleting the revisions.","Нешто није у реду wхиле делетинг тхе ревисионс."
"Revision #%1 could not be removed because it is published.","Ревисион #%1 није могао бе ремовед бецаусе ит ис публисхед."
"CMS Revision with id ""%1"" does not exist.","ЦМС ревизија са ИД ""%1"" не постоји."
"Please enter a version label.","Молимо унесите а версион лабел."
"Cannot change version access level because it is the last public version for its page.","Не може цханге версион аццесс левел бецаусе ит ис тхе ласт публиц версион фор итс паге."
"Version ""%1"" cannot be removed because it is the last public page version.","Верзија ""%1"" не може бити уклоњена јер је последња јавна верзија странице."
"Version ""%1"" cannot be removed because its revision is published.","Верзија ""%1"" не може бити уклоњена јер је њена ревизија објављена."
"CMS Version with id ""%1"" does not exist.","ЦМС верзија са ИД ""%1"" не постоји."
"[No Owner]","[Не Оwнер]"
"There are unsaved node data. Are you sure you want to continue?","Тхере аре унсавед ноде дата. Да ли сте сигурни желите да цонтинуе?"
"Please wait...","Молимо сачекајте..."
"Choose Revision","Изабери Ревисион"
"New Revision","Ново Ревисион"
"This Page Belongs To","Тхис Страница Белонгс То"
"CMS Page Default Versioning","ЦМС Страница Подразумевано Версионинг"
"The CMS node with the ""%1"" ID doesn't exist.","ЦМС чвор са ИД ""%1"" не постоји."
"Search All Products","Претрага Све Производи"
"Add Product by SKU","Додај Производ бy СКУ"
"No SKU entered","Не СКУ ентеред"
"Undefined Action","Ундефинед Акција"
"Products with the following SKUs do not exist: %s","Производи wитх тхе фоллоwинг СКУс до нот еxист: %с"
"%s SKU(s) processed successfully","%с СКУ(с) процессед успешно"
"On Top","Укључено Топ"
"On Bottom","Укључено Боттом"
"Category rules validation failed","Категорија рулес валидатион фаилед"
"Date Created (days ago)","Датум Креиран (даyс аго)"
"Date Modified (days ago)","Датум Модифиед (даyс аго)"
"Error in reading category rules","Грешка ин реадинг цатегорy рулес"
"Category rules applied","Категорија рулес апплиед"
"Error in yes/no format","Грешка ин yес/но формат"
"Category ID '%1' not found","Категорија ИД '%1' није пронађено"
"Move low stock to top","Премести лоw стоцк то топ"
"Name: A - Z","Назив: А - З"
"Name: Z - A","Назив: З - А"
"Move out of stock to bottom","Премести оут оф стоцк то боттом"
"Price: High to low","Цена: Хигх то лоw"
"Price: Low to high","Цена: Лоw то хигх"
"Sort by color","Сортирај бy цолор"
Tile,Плочица
"Product image","Производ имаге"
Attribute,Атрибут
"Add Condition","Додај Цондитион"
"Save and Close","Сачувај анд Затвори"
"Visible Attributes for Category Rules","Висибле Аттрибутес фор Категорија Рулес"
"Minimum Stock Threshold","Минимум Залихе Тхресхолд"
"Color Attribute Code","Цолор Атрибут Код"
"Color Order","Цолор Поруџбина"
Sort,Сортирај
"Sort order","Сортирај ордер"
"Rule %1 does not exists","Руле %1 не постојис"
"Cannot perform GET operation with store code 'all'","Не може перформ ГЕТ оператион wитх сторе цоде 'алл'"
"Request does not match any route.","Захтев доес нот матцх анy роуте."
"Requested service is not available: ""%1""","Тражени сервис није доступан: ""%1"""
"Operation ""%1"" not found.","Операција ""%1"" није пронађена."
"Invalid XML","Неисправан XМЛ"
"Invalid XML: Detected use of illegal DOCTYPE","Неисправан XМЛ: Детецтед усе оф иллегал ДОЦТYПЕ"
"Create Customer","Креирај Купац"
"Edit Customer","Измени Купац"
"Get Customer","Гет Купац"
"SOAP Settings","СОАП Подешавања"
"Default Response Charset","Подразумевано Одговор Цхарсет"
"Web Services Configuration","Wеб Сервицес Конфигурација"
"Authentication header format is invalid.","Аутхентицатион хеадер формат ис неисправан."
"Specified request cannot be processed.","Специфиед реqуест не може бе процессед."
"WebapiAsync config for ""%topicName"" does not exist.","WебапиАсyнц конфигурација за ""%топицНаме"" не постоји."
"WebapiAsync config for ""%lookupKey"" does not exist.","WебапиАсyнц конфигурација за ""%лоокупКеy"" не постоји."
"Allow Anonymous Guest Access","Дозволи Анонyмоус Гуест Аццесс"
"This feature applies only to CMS, Catalog and Store APIs. Please consult your developers for details on potential security risks.","Тхис феатуре апплиес онлy то ЦМС, Каталог анд Продавница АПИс. Плеасе цонсулт yоур девелоперс фор детаилс он потентиал сецуритy рискс."
"Website Closed","Веб сајт Затворен"
"Private Sales: Login Only","Привате Продаја: Пријава Онлy"
"Private Sales: Login and Register","Привате Продаја: Пријава анд Регистрација"
"Applicable only if restriction mode is set to ""Private Sales"".","Применљиво само ако је режим ограничења постављен на ""Приватна продаја""."
"HTTP Response","ХТТП Одговор"
"Applicable only if restriction mode is set to ""Website Closed"". The landing page is rendered as raw HTML.","Применљиво само ако је режим ограничења постављен на ""Веб сајт затворен"". Страница дочека се приказује као сирови ХТМЛ."
"Add Tax","Додај Порез"
"Delete Tax","Обриши Порез"
"Fixed Product Tax","Фиxед Производ Порез"
Country/State,Земља/Држава
"Total Incl. Tax","Укупно Инцл. Порез"
"Final Price","Финал Цена"
"Fixed Product Taxes","Фиxед Производ Таxес"
"Enable FPT","Омогући ФПТ"
"Display Prices In Product Lists","Дисплаy Прицес Ин Производ Листс"
"Display Prices On Product View Page","Дисплаy Прицес Укључено Производ Преглед Страница"
"Display Prices In Sales Modules","Дисплаy Прицес Ин Продаја Модулес"
"Apply Tax To FPT","Примени Порез То ФПТ"
"Include FPT In Subtotal","Укључи ФПТ Ин Међузбир"
"Set unique country-state combinations within the same fixed product tax. Verify the combinations and try again.","Сет униqуе цоунтрy-стате цомбинатионс wитхин тхе саме фиxед продуцт таx. Верифy тхе цомбинатионс анд покушајте поново."
"Insert Widget","Убаци Виџет"
Choose...,Изабери...
"Widget Type","Wидгет Тип"
"Add Widget","Додај Wидгет"
"New Widget Instance","Ново Wидгет Инстанце"
"Page Layouts","Страница Лаyоутс"
"Please Select Container First","Плеасе Изабери Цонтаинер Први"
"Design Package/Theme","Дизајн Пацкаге/Тема"
"Widget Title","Wидгет Наслов"
"Assign to Store Views","Ассигн то Продавница Виеwс"
"Sort Order of widget instances in the same container","Сортирај Поруџбина оф wидгет инстанцес ин тхе саме цонтаинер"
"Anchor Categories","Анцхор Категорије"
"Non-Anchor Categories","Нон-Анцхор Категорије"
"All Product Types","Све Производ Тyпес"
"Generic Pages","Генериц Странице"
"All Pages","Све Странице"
"Specified Page","Специфиед Страница"
"Add Layout Update","Додај Лаyоут Ажурирај"
"Remove Layout Update","Уклони Лаyоут Ажурирај"
"Please specify a Widget Type.","Молимо наведите а Wидгет Тип."
"Please specify a correct widget.","Молимо наведите а цоррецт wидгет."
"The widget instance has been deleted.","Тхе wидгет инстанце је делетед."
"New Widget","Ново Wидгет"
Widgets,Wидгети
"The widget instance has been saved.","Тхе wидгет инстанце је савед."
"We cannot create the widget instance because it is missing required information.","Wе не може цреате тхе wидгет инстанце бецаусе ит ис недостаје реqуиред информатион."
"Orders and Returns","Ордерс анд Повраћаји"
"Orders and Returns Search Form","Ордерс анд Повраћаји Претрага Форм"
"Defines whether a link to My Account","Дефинес wхетхер а линк то Мy Налог"
"Wish List Sharing","Wисх Листа Схаринг"
"My Wish List","Моја листа жеља"
"We can't add the item to Wish List right now: %1.","Wе цан'т адд тхе итем то Wисх Листа ригхт ноw: %1."
"We can't add the item to Wish List right now.","Wе цан'т адд тхе итем то Wисх Листа ригхт ноw."
"We can't load the Wish List item right now.","Wе цан'т лоад тхе Wисх Листа итем ригхт ноw."
"The requested cart item doesn't exist.","Тхе реqуестед царт итем не постоји."
"%1 has been moved to your wish list.","%1 је мовед то yоур wисх лист."
"We can't delete the item from Wish List right now because of an error: %1.","Wе цан'т делете тхе итем фром Wисх Листа ригхт ноw бецаусе оф ан еррор: %1."
"We can't delete the item from the Wish List right now.","Wе цан'т делете тхе итем фром тхе Wисх Листа ригхт ноw."
"Please enter an email address.","Молимо унесите ан емаил аддресс."
"Your wish list has been shared.","Yоур wисх лист је схаред."
"We can't delete item from Wish List right now.","Wе цан'т делете итем фром Wисх Листа ригхт ноw."
"%1 has been updated in your Wish List.","%1 је упдатед ин yоур Wисх Листа."
"We can't update your Wish List right now.","Wе цан'т упдате yоур Wисх Листа ригхт ноw."
"The requested Wish List doesn't exist.","Тхе реqуестед Wисх Листа не постоји."
"%1 for ""%2"".","%1 за ""%2""."
"We can't update the Wish List right now.","Wе цан'т упдате тхе Wисх Листа ригхт ноw."
"We cannot retrieve the Wish List.","Wе не може ретриеве тхе Wисх Листа."
"%1's Wishlist","%1'с Листа жеља"
"Product Exception.","Производ Еxцептион."
"Share Wish List","Схаре Wисх Листа"
"Add All to Cart","Додај Све то Корпа"
"Update Wish List","Ажурирај Wисх Листа"
"Move to Wishlist","Премести то Листа жеља"
"View Product","Преглед Производ"
"This Wish List has no Items","Тхис Wисх Листа хас но Итемс"
"%1 has been added to your Wish List.","%1 је аддед то yоур Wисх Листа."
"Wish List is empty now.","Wисх Листа ис емптy ноw."
"Email addresses, separated by commas","Е-пошта аддрессес, сепаратед бy цоммас"
"Check here to link an RSS feed to your Wish List.","Цхецк хере то линк ан РСС феед то yоур Wисх Листа."
"Last Added Items","Последњи Аддед Итемс"
"Go to Wish List","Го то Wисх Листа"
"Take a look at %customer_name's Wish List","Таке а лоок ат %цустомер_наме'с Wисх Листа"
"%customer_name wants to share this Wish List from %store_name with you:","%цустомер_наме wантс то схаре тхис Wисх Листа фром %сторе_наме wитх yоу:"
"View all Wish List items","Преглед алл Wисх Листа итемс"
"Wish List Section","Wисх Листа Сецтион"
"Email Text Length Limit","Е-пошта Теxт Ленгтх Лимит"
"My Wish List Link","Мy Wисх Листа Линк"
"Display Wish List Summary","Дисплаy Wисх Листа Сажетак"
"No Items Found","Не Итемс Фоунд"
"User Description","Усер Опис"
"Product Details and Comment","Производ Детаљи анд Цоммент"
"Add To Wishlist","Додај То Листа жеља"
"Are you sure you want to remove this product from your Wish List?","Да ли сте сигурни желите да ремове тхис продуцт фром yоур Wисх Листа?"
"%1 has been removed from your Wish List.","%1 је ремовед фром yоур Wисх Листа."
"10 by default. Max - 10000","10 је задата вредност. Максимум - 10000"
"255 by default","255 је задата вредност"
"The Wish List item can't load at this time. Please try again later.","Тхе Wисх Листа итем цан'т лоад ат тхис тиме. Покушајте поново латер."
"The cart item doesn't exist.","Тхе царт итем не постоји."
"Show in Sidebar","Прикажи ин Сидебар"
"Missing key ""model"" in Wishlist Item value data","Недостаје кључ ""модел"" у подацима вредности ставке листе жеља"
"Missing key ""model"" in Wishlist value data","Недостаје кључ ""модел"" у подацима вредности листе жеља"
"Postcode AVS check","Поштански број АВС цхецк"
"Address AVS check","Адреса АВС цхецк"
"Country comparison check","Земља цомпарисон цхецк"
"No such order id.","Не суцх ордер ид."
"Your purchase process has been cancelled.","Yоур пурцхасе процесс је цанцеллед."
"Transaction was not placed.","Трансацтион није плацед."
"Please click ","Плеасе цлицк"
" if you are not redirected automatically.","иф yоу аре нот редирецтед аутоматицаллy."
"Continue to Worldpay","Настави то Wорлдпаy"
"Payment Response Password","Плаћање Одговор Лозинка"
"Remote Admin Authorisation Password","Ремоте Админ Аутхорисатион Лозинка"
"Allow To Edit Contact Information","Дозволи То Измени Цонтацт Информације"
"Hide Contact Information","Сакриј Цонтацт Информације"
"Payment Action for Test","Плаћање Акција фор Тест"
"Payment From Applicable Countries","Плаћање Фром Апплицабле Цоунтриес"
"Payment From Specific Countries","Плаћање Фром Специфиц Цоунтриес"
"Set Order Status to Suspected Fraud for CVV","Сет Поруџбина Статус то Суспецтед Фрауд фор ЦВВ"
"Set Order Status to Suspected Fraud for Postcode AVS","Сет Поруџбина Статус то Суспецтед Фрауд фор Поштански број АВС"
"Payment was canceled.","Плаћање wас цанцелед."
"Your payment has been successfully processed by our shop system.","Yоур паyмент је успешно процессед бy оур схоп сyстем."
"Payment was canceled","Плаћање wас цанцелед"
"Please ",Плеасе
"Transaction has been canceled","Трансацтион је цанцелед"
"Quick Checkout","Брза провера"
"Store alternative addresses","Складиштење алтернативних адреса"
"For shipping to multiple family members and friends","За испоруку више чланова породице и пријатељима"
"<a href=%url_about_us>About Us</a>","<а хреф=%урл_абоут_ус>О нама</а>"
"<a href=url_customer_service>Customer Service</a>","<а хреф=урл_цустомер_сервице>Кориснчки Сервис</а>"
"<a href=""tel:%store_phone"">%store_phone</a>","<а хреф=""тел:%сторе_пхоне"">%сторе_пхоне</а>"
"Hours of Operation:<br /><span class=""no-link"">%store_hours</span>.","Радно време:<бр /><спан цласс=""но-линк"">%сторе_хоурс</спан>."
"If you have questions about your order, you can email us at <a href=""mailto:%store_email"">%store_email</a>.","Ако имате питања о поруџбини, можете нам писати на <а хреф=""маилто:%сторе_емаил"">%сторе_емаил</а>."
"%customer_name,","%цустомер_наме,"
"About Us","О нама"
"Backup options","Опције резервних копија"
Warning,Упозорење
"Insert Widget...","Убаци Виџет..."
"Recent items","Скорашњи артикли"
"Show all...","Прикажи све..."
"Please enter a number greater 0 in this field.","У ово поље молимо унесите број већи од 0."
"Please select one of each ratings above.","Молим да изаберете један од наведених рејтинга."
"Please specify Url.","Одредите Урл."
"Method %s does not exist on jQuery.decorate","Метод %с не постоји у Јqуерy.децорате"
"All ",Све
Translate,Превод
"Please remove invalid characters: {0}.","Уклоните неисправне карактере: {0}."
"Please use only letters (a-z or A-Z), numbers (0-9), spaces and ""#"" in this field.","Молимо користите само слова (а-з или А-З), бројеве (0-9), размаке и ""#"" у овом пољу."
"Please enter a valid URL Key (Ex: ""example-page"", ""example-page.html"" or ""anotherlevel/example-page"").","Унесите важећи УРЛ кључ (Нпр: ""еxампле-паге"", ""еxампле-паге.хтмл"" или ""анотхерлевел/еxампле-паге"")."
"Please select one of the options above.","Молим да изаберете један од опција изнад."
"Please select a file.","Молимо одаберите фајл."
"Please select one of the options.","Изаберите једну од опција."
"Please enter valid email addresses, separated by commas. For example, johndoe@domain.com, johnsmith@domain.com.","Унесите важеће емаил адресе, одвојене зарезима. На пример: јохндое@домаин.цом, јохнсмитх@домаин.цом."
"Card type does not match credit card number.","Тип картице се не поклапа са бројем картице."
"Credit card number does not match credit card type.","Број картице се не поклапа са типом картице."
"Incorrect credit card expiration date.","Неисправан датум истека картице."
"Please enter issue number or start date for switch/solo card type.","Унесите број издања или датум почетка за сwитцх/соло тип картице."
"Please enter less or equal than %1 symbols.","Унесите мање или једнако %1 симбола."
"Please enter more or equal than %1 symbols.","Унесите више или једнако %1 симбола."
"Please enter positive number in this field.","Унесите позитиван број у ово поље."
"Please enter a valid value, ex: 10,20,30","Унесите важећу вредност, нпр: 10,20,30"
"Please enter a valid value from list","Изаберите важећу вредност са листе"
"Please enter valid SKU key.","Унесите важећу шифру производа."
"Please enter a valid number.","Унесите важећи број."
"This is required field","Ово је обавезно поље"
"Admin is a required field in each row.","Админ је обавезно поље у сваком реду."
"Password cannot be the same as email address.","Лозинка не може бити иста као емаил адреса."
"Please fix this field.","Исправите ово поље."
"Please enter a valid URL.","Унесите важећи УРЛ."
"Please enter a valid date (ISO).","Унесите важећи датум (ИСО)."
"Please enter only digits.","Унесите само цифре."
"Please enter the same value again.","Поново унесите исту вредност."
"Please enter no more than {0} characters.","Унесите највише {0} карактера."
"Please enter at least {0} characters.","Унесите најмање {0} карактера."
"Please enter a value between {0} and {1} characters long.","Унесите вредност дужине између {0} и {1} карактера."
"Please enter a value between {0} and {1}.","Унесите вредност између {0} и {1}."
"Please enter a value less than or equal to {0}.","Унесите вредност мању или једнаку {0}."
"Please enter a value greater than or equal to {0}.","Унесите вредност већу или једнаку {0}."
"Please enter a date between %min and %max.","Молим унети датум између %мин и %маx."
"Please enter a valid full date.","Унесите важећи пуни датум."
"Please enter a valid month (1-12).","Унесите важећи месец (1-12)."
"Please enter a valid year (1900-%1).","Унесите важећу годину (1900-%1)."
"Please enter a valid day (1-%1).","Унесите важећи дан (1-%1)."
"Please enter a date from the past.","Унесите датум у прошлости."
"Maximum length of this field must be equal or less than %1 symbols.","Максимална дужина овог поља мора бити једнака или мања од %1 симбола."
"Admin is a required field in the each row.","Админ је обавезно поље у сваком реду."
"Please enter a quantity greater than 0.","Унесите количину већу од 0."
"The maximum you may purchase is %1.","Максимум који можете купити је %1."
"Forbidden extensions has been used. Avoid usage of ","Коришћене су забрањене екстензије. Избегавајте коришћење"
"Please enter 6 or more characters. Leading or trailing spaces will be ignored.","Унесите 6 или више карактера. Водећи и завршни размаци ће бити игнорисани."
"Enter valid SKU key","Унесите важећу шифру производа"
"Swatch and Admin are the required fields in the each row.","Узорак и Админ су обавезна поља у сваком реду."
"Insert Widget","Убаци wидгет"
"The widget %1 is no longer available. Select a different widget.","Wидгет %1 више није доступан. Изаберите други wидгет."
"First character must be letter.","Први карактер мора бити слово."
